Country,ISO3,WHO_Region,Year,Population,TB_Cases,TB_Incidence_Rate,TB_Deaths,TB_Mortality_Rate,Case_Fatality_Rate,Population_Millions,Decade,TB_Burden,Mortality_Level,CFR_Level
Afghanistan,AFG,EMR,2000,20130323,30000.0,148.0,10000.0,50.0,34.0,20.130323,2000s,Medium,Moderate,High
Afghanistan,AFG,EMR,2001,20284311,35000.0,175.0,11000.0,55.0,32.0,20.284311,2000s,Medium,High,High
Afghanistan,AFG,EMR,2002,21378110,42000.0,197.0,13000.0,59.0,30.0,21.37811,2000s,Medium,High,High
Afghanistan,AFG,EMR,2003,22733047,49000.0,215.0,15000.0,68.0,32.0,22.733047,2000s,High,High,High
Afghanistan,AFG,EMR,2004,23560660,54000.0,228.0,16000.0,67.0,29.0,23.56066,2000s,High,High,High
Afghanistan,AFG,EMR,2005,24404569,58000.0,237.0,16000.0,66.0,28.0,24.404569,2000s,High,High,High
Afghanistan,AFG,EMR,2006,25424099,62000.0,242.0,16000.0,64.0,27.0,25.424099,2000s,High,High,High
Afghanistan,AFG,EMR,2007,25909852,63000.0,241.0,15000.0,59.0,25.0,25.909852,2000s,High,High,High
Afghanistan,AFG,EMR,2008,26482615,62000.0,235.0,15000.0,58.0,25.0,26.482615,2000s,High,High,High
Afghanistan,AFG,EMR,2009,27466100,63000.0,229.0,17000.0,60.0,26.0,27.4661,2000s,High,High,High
Afghanistan,AFG,EMR,2010,28284084,62000.0,218.0,15000.0,54.0,25.0,28.284084,2010s,High,High,High
Afghanistan,AFG,EMR,2011,29347711,60000.0,204.0,15000.0,49.0,24.0,29.347711,2010s,High,Moderate,High
Afghanistan,AFG,EMR,2012,30560030,59000.0,194.0,14000.0,46.0,24.0,30.56003,2010s,Medium,Moderate,High
Afghanistan,AFG,EMR,2013,31622705,61000.0,194.0,14000.0,45.0,23.0,31.622705,2010s,Medium,Moderate,High
Afghanistan,AFG,EMR,2014,32792530,65000.0,197.0,15000.0,46.0,24.0,32.79253,2010s,Medium,Moderate,High
Afghanistan,AFG,EMR,2015,33831765,68000.0,200.0,15000.0,44.0,22.0,33.831765,2010s,Medium,Moderate,High
Afghanistan,AFG,EMR,2016,34700602,71000.0,204.0,14000.0,39.0,19.0,34.700602,2010s,High,Moderate,High
Afghanistan,AFG,EMR,2017,35688933,75000.0,209.0,13000.0,38.0,18.0,35.688933,2010s,High,Moderate,High
Afghanistan,AFG,EMR,2018,36743039,78000.0,212.0,14000.0,39.0,18.0,36.743039,2010s,High,Moderate,High
Afghanistan,AFG,EMR,2019,37856118,80000.0,213.0,14000.0,36.0,17.0,37.856118,2010s,High,Moderate,High
Afghanistan,AFG,EMR,2020,39068984,80000.0,205.0,14000.0,37.0,20.0,39.068984,2020s,High,Moderate,High
Afghanistan,AFG,EMR,2021,40000415,82000.0,206.0,14000.0,36.0,20.0,40.000415,2020s,High,Moderate,High
Afghanistan,AFG,EMR,2022,40578848,84000.0,206.0,14000.0,34.0,19.0,40.578848,2020s,High,Moderate,High
Afghanistan,AFG,EMR,2023,41454760,84000.0,204.0,14000.0,34.0,19.0,41.45476,2020s,High,Moderate,High
Afghanistan,AFG,EMR,2024,42647488,87000.0,203.0,15000.0,34.0,19.0,42.647488,2020s,High,Moderate,High
Albania,ALB,EUR,2000,3166141,680.0,21.0,23.0,0.74,4.0,3.166141,2000s,Low,Low,Low
Albania,ALB,EUR,2001,3147944,620.0,20.0,21.0,0.66,3.0,3.147944,2000s,Low,Low,Low
Albania,ALB,EUR,2002,3134100,670.0,21.0,20.0,0.64,3.0,3.1341,2000s,Low,Low,Low
Albania,ALB,EUR,2003,3118092,620.0,20.0,19.0,0.61,3.0,3.118092,2000s,Low,Low,Low
Albania,ALB,EUR,2004,3098661,620.0,20.0,26.0,0.85,4.0,3.098661,2000s,Low,Low,Low
Albania,ALB,EUR,2005,3076163,570.0,19.0,12.0,0.4,2.0,3.076163,2000s,Low,Low,Low
Albania,ALB,EUR,2006,3050802,530.0,17.0,11.0,0.36,2.0,3.050802,2000s,Low,Low,Low
Albania,ALB,EUR,2007,3022889,490.0,16.0,16.0,0.53,3.0,3.022889,2000s,Low,Low,Low
Albania,ALB,EUR,2008,2992927,480.0,16.0,16.0,0.54,3.0,2.992927,2000s,Low,Low,Low
Albania,ALB,EUR,2009,2961484,500.0,17.0,5.0,0.18,1.0,2.961484,2000s,Low,Low,Low
Albania,ALB,EUR,2010,2928723,480.0,17.0,9.0,0.31,2.0,2.928723,2010s,Low,Low,Low
Albania,ALB,EUR,2011,2911504,470.0,16.0,9.0,0.31,2.0,2.911504,2010s,Low,Low,Low
Albania,ALB,EUR,2012,2910006,460.0,16.0,9.0,0.32,2.0,2.910006,2010s,Low,Low,Low
Albania,ALB,EUR,2013,2907570,530.0,18.0,9.0,0.32,2.0,2.90757,2010s,Low,Low,Low
Albania,ALB,EUR,2014,2903745,460.0,16.0,9.0,0.32,2.0,2.903745,2010s,Low,Low,Low
Albania,ALB,EUR,2015,2898635,470.0,16.0,9.0,0.32,2.0,2.898635,2010s,Low,Low,Low
Albania,ALB,EUR,2016,2897873,470.0,16.0,9.0,0.32,2.0,2.897873,2010s,Low,Low,Low
Albania,ALB,EUR,2017,2898250,570.0,20.0,9.0,0.32,2.0,2.89825,2010s,Low,Low,Low
Albania,ALB,EUR,2018,2894231,500.0,17.0,9.0,0.32,2.0,2.894231,2010s,Low,Low,Low
Albania,ALB,EUR,2019,2885006,460.0,16.0,10.0,0.35,2.0,2.885006,2010s,Low,Low,Low
Albania,ALB,EUR,2020,2871955,450.0,15.0,10.0,0.36,2.0,2.871955,2020s,Low,Low,Low
Albania,ALB,EUR,2021,2849633,430.0,15.0,10.0,0.37,2.0,2.849633,2020s,Low,Low,Low
Albania,ALB,EUR,2022,2827605,430.0,15.0,11.0,0.37,3.0,2.827605,2020s,Low,Low,Low
Albania,ALB,EUR,2023,2811661,420.0,15.0,10.0,0.34,2.0,2.811661,2020s,Low,Low,Low
Albania,ALB,EUR,2024,2791762,410.0,15.0,9.0,0.32,2.0,2.791762,2020s,Low,Low,Low
Algeria,DZA,AFR,2000,30903885,36000.0,118.0,8200.0,27.0,23.0,30.903885,2000s,Medium,Moderate,High
Algeria,DZA,AFR,2001,31331224,35000.0,111.0,7700.0,25.0,22.0,31.331224,2000s,Medium,Moderate,High
Algeria,DZA,AFR,2002,31750827,35000.0,112.0,7700.0,24.0,22.0,31.750827,2000s,Medium,Moderate,High
Algeria,DZA,AFR,2003,32175816,36000.0,112.0,7600.0,24.0,21.0,32.175816,2000s,Medium,Moderate,High
Algeria,DZA,AFR,2004,32628297,36000.0,109.0,7400.0,23.0,21.0,32.628297,2000s,Medium,Moderate,High
Algeria,DZA,AFR,2005,33109248,37000.0,113.0,7500.0,23.0,20.0,33.109248,2000s,Medium,Moderate,High
Algeria,DZA,AFR,2006,33623506,36000.0,107.0,7000.0,21.0,20.0,33.623506,2000s,Medium,Moderate,High
Algeria,DZA,AFR,2007,34189418,35000.0,104.0,6700.0,20.0,19.0,34.189418,2000s,Medium,Low,High
Algeria,DZA,AFR,2008,34816961,33000.0,95.0,6100.0,17.0,18.0,34.816961,2000s,Low,Low,High
Algeria,DZA,AFR,2009,35490449,34000.0,96.0,6000.0,17.0,18.0,35.490449,2000s,Low,Low,High
Algeria,DZA,AFR,2010,36188242,34000.0,95.0,5800.0,16.0,17.0,36.188242,2010s,Low,Low,High
Algeria,DZA,AFR,2011,36903379,32000.0,87.0,5200.0,14.0,17.0,36.903379,2010s,Low,Low,High
Algeria,DZA,AFR,2012,37646159,32000.0,85.0,5000.0,13.0,16.0,37.646159,2010s,Low,Low,High
Algeria,DZA,AFR,2013,38414180,29000.0,77.0,4400.0,12.0,15.0,38.41418,2010s,Low,Low,High
Algeria,DZA,AFR,2014,39205025,31000.0,80.0,4500.0,11.0,14.0,39.205025,2010s,Low,Low,High
Algeria,DZA,AFR,2015,40019536,32000.0,81.0,4400.0,11.0,14.0,40.019536,2010s,Low,Low,High
Algeria,DZA,AFR,2016,40850723,31000.0,76.0,4200.0,10.0,14.0,40.850723,2010s,Low,Low,High
Algeria,DZA,AFR,2017,41689297,31000.0,75.0,4200.0,10.0,14.0,41.689297,2010s,Low,Low,High
Algeria,DZA,AFR,2018,42505030,32000.0,74.0,4200.0,10.0,14.0,42.50503,2010s,Low,Low,High
Algeria,DZA,AFR,2019,43294544,28000.0,65.0,3700.0,8.6,13.0,43.294544,2010s,Low,Low,High
Algeria,DZA,AFR,2020,44042084,23000.0,52.0,3100.0,7.0,13.0,44.042084,2020s,Low,Low,High
Algeria,DZA,AFR,2021,44761094,26000.0,57.0,3400.0,7.6,13.0,44.761094,2020s,Low,Low,High
Algeria,DZA,AFR,2022,45477388,25000.0,55.0,3400.0,7.4,13.0,45.477388,2020s,Low,Low,High
Algeria,DZA,AFR,2023,46164214,25000.0,55.0,3400.0,7.3,13.0,46.164214,2020s,Low,Low,High
Algeria,DZA,AFR,2024,46814312,25000.0,54.0,3300.0,7.1,13.0,46.814312,2020s,Low,Low,High
American Samoa,ASM,WPR,2000,56851,3.0,5.3,0.0,0.16,,0.056851,2000s,Low,Low,
American Samoa,ASM,WPR,2001,57051,3.0,5.3,0.0,0.16,,0.057051,2000s,Low,Low,
American Samoa,ASM,WPR,2002,57053,2.0,3.5,0.0,0.11,,0.057053,2000s,Low,Low,
American Samoa,ASM,WPR,2003,56972,3.0,5.3,0.0,0.16,,0.056972,2000s,Low,Low,
American Samoa,ASM,WPR,2004,56817,5.0,8.8,0.0,0.26,,0.056817,2000s,Low,Low,
American Samoa,ASM,WPR,2005,56615,6.0,11.0,0.0,0.32,,0.056615,2000s,Low,Low,
American Samoa,ASM,WPR,2006,56367,4.0,7.1,0.0,0.21,,0.056367,2000s,Low,Low,
American Samoa,ASM,WPR,2007,56115,3.0,5.3,0.0,0.16,,0.056115,2000s,Low,Low,
American Samoa,ASM,WPR,2008,55836,3.0,5.4,0.0,0.16,,0.055836,2000s,Low,Low,
American Samoa,ASM,WPR,2009,55527,4.0,7.2,0.0,0.22,,0.055527,2000s,Low,Low,
American Samoa,ASM,WPR,2010,55237,4.0,7.2,0.0,0.22,,0.055237,2010s,Low,Low,
American Samoa,ASM,WPR,2011,54892,3.0,5.5,0.0,0.16,,0.054892,2010s,Low,Low,
American Samoa,ASM,WPR,2012,54487,3.0,6.2,0.0,0.19,,0.054487,2010s,Low,Low,
American Samoa,ASM,WPR,2013,54006,3.0,6.1,0.0,0.18,,0.054006,2010s,Low,Low,
American Samoa,ASM,WPR,2014,53467,3.0,5.9,0.0,0.18,,0.053467,2010s,Low,Low,
American Samoa,ASM,WPR,2015,52875,4.0,7.6,0.0,0.23,,0.052875,2010s,Low,Low,
American Samoa,ASM,WPR,2016,52240,3.0,5.6,0.0,0.17,,0.05224,2010s,Low,Low,
American Samoa,ASM,WPR,2017,51583,5.0,9.7,0.0,0.29,,0.051583,2010s,Low,Low,
American Samoa,ASM,WPR,2018,50901,0.0,0.0,0.0,0.0,,0.050901,2010s,,,
American Samoa,ASM,WPR,2019,50200,1.0,2.0,0.0,0.06,,0.0502,2010s,Low,Low,
American Samoa,ASM,WPR,2020,49756,3.0,6.0,0.0,0.18,,0.049756,2020s,Low,Low,
American Samoa,ASM,WPR,2021,49223,2.0,4.4,0.0,0.13,,0.049223,2020s,Low,Low,
American Samoa,ASM,WPR,2022,48338,2.0,4.2,0.0,0.12,,0.048338,2020s,Low,Low,
American Samoa,ASM,WPR,2023,47521,2.0,3.9,0.0,0.12,,0.047521,2020s,Low,Low,
American Samoa,ASM,WPR,2024,46769,2.0,3.7,0.0,0.11,,0.046769,2020s,Low,Low,
Andorra,AND,EUR,2000,65683,12.0,18.0,1.0,1.7,,0.065683,2000s,Low,Low,
Andorra,AND,EUR,2001,65847,10.0,15.0,1.0,1.4,,0.065847,2000s,Low,Low,
Andorra,AND,EUR,2002,66507,5.0,7.5,0.0,0.67,,0.066507,2000s,Low,Low,
Andorra,AND,EUR,2003,69484,11.0,16.0,1.0,1.4,,0.069484,2000s,Low,Low,
Andorra,AND,EUR,2004,74320,7.0,9.4,1.0,0.87,,0.07432,2000s,Low,Low,
Andorra,AND,EUR,2005,77430,10.0,13.0,1.0,1.2,,0.07743,2000s,Low,Low,
Andorra,AND,EUR,2006,79582,12.0,15.0,1.0,1.4,,0.079582,2000s,Low,Low,
Andorra,AND,EUR,2007,81876,5.0,6.1,0.0,0.57,,0.081876,2000s,Low,Low,
Andorra,AND,EUR,2008,83493,4.0,4.8,0.0,0.45,,0.083493,2000s,Low,Low,
Andorra,AND,EUR,2009,83888,8.0,9.5,1.0,0.9,,0.083888,2000s,Low,Low,
Andorra,AND,EUR,2010,80700,7.0,8.7,1.0,0.78,,0.0807,2010s,Low,Low,
Andorra,AND,EUR,2011,77784,3.0,3.9,0.0,0.0,,0.077784,2010s,Low,,
Andorra,AND,EUR,2012,76837,9.0,12.0,0.0,0.0,,0.076837,2010s,Low,,
Andorra,AND,EUR,2013,75191,5.0,6.6,0.0,0.0,,0.075191,2010s,Low,,
Andorra,AND,EUR,2014,73735,6.0,8.1,0.0,0.0,,0.073735,2010s,Low,,
Andorra,AND,EUR,2015,72168,4.0,5.5,0.0,0.0,,0.072168,2010s,Low,,
Andorra,AND,EUR,2016,72183,4.0,5.5,0.0,0.0,,0.072183,2010s,Low,,
Andorra,AND,EUR,2017,73764,1.0,1.4,0.0,0.0,,0.073764,2010s,Low,,
Andorra,AND,EUR,2018,75164,2.0,2.7,0.0,0.0,,0.075164,2010s,Low,,
Andorra,AND,EUR,2019,76481,5.0,6.5,0.0,0.0,,0.076481,2010s,Low,,
Andorra,AND,EUR,2020,77384,2.0,2.6,0.0,0.24,,0.077384,2020s,Low,Low,
Andorra,AND,EUR,2021,78364,2.0,2.6,0.0,0.24,,0.078364,2020s,Low,Low,
Andorra,AND,EUR,2022,79709,4.0,5.0,0.0,0.47,,0.079709,2020s,Low,Low,
Andorra,AND,EUR,2023,80854,4.0,4.9,0.0,0.47,,0.080854,2020s,Low,Low,
Andorra,AND,EUR,2024,81941,4.0,4.9,0.0,0.47,,0.081941,2020s,Low,Low,
Angola,AGO,AFR,2000,16194869,44000.0,270.0,15000.0,90.0,34.0,16.194869,2000s,High,High,High
Angola,AGO,AFR,2001,16747217,56000.0,336.0,18000.0,108.0,32.0,16.747217,2000s,High,High,High
Angola,AGO,AFR,2002,17327706,68000.0,390.0,20000.0,114.0,29.0,17.327706,2000s,High,High,High
Angola,AGO,AFR,2003,17943699,78000.0,434.0,22000.0,123.0,28.0,17.943699,2000s,High,High,High
Angola,AGO,AFR,2004,18600422,87000.0,468.0,27000.0,145.0,31.0,18.600422,2000s,High,High,High
Angola,AGO,AFR,2005,19291166,95000.0,491.0,30000.0,157.0,32.0,19.291166,2000s,High,High,High
Angola,AGO,AFR,2006,20015282,101000.0,507.0,28000.0,140.0,28.0,20.015282,2000s,High,High,High
Angola,AGO,AFR,2007,20778555,106000.0,509.0,31000.0,150.0,30.0,20.778555,2000s,High,High,High
Angola,AGO,AFR,2008,21578650,108000.0,499.0,34000.0,159.0,32.0,21.57865,2000s,High,High,High
Angola,AGO,AFR,2009,22414779,110000.0,489.0,33000.0,147.0,30.0,22.414779,2000s,High,High,High
Angola,AGO,AFR,2010,23294824,112000.0,480.0,37000.0,157.0,33.0,23.294824,2010s,High,High,High
Angola,AGO,AFR,2011,24218345,113000.0,469.0,34000.0,139.0,30.0,24.218345,2010s,High,High,High
Angola,AGO,AFR,2012,25177397,115000.0,458.0,35000.0,140.0,31.0,25.177397,2010s,High,High,High
Angola,AGO,AFR,2013,26165617,119000.0,453.0,33000.0,128.0,28.0,26.165617,2010s,High,High,High
Angola,AGO,AFR,2014,27160770,122000.0,451.0,37000.0,138.0,31.0,27.16077,2010s,High,High,High
Angola,AGO,AFR,2015,28157791,125000.0,445.0,36000.0,127.0,29.0,28.157791,2010s,High,High,High
Angola,AGO,AFR,2016,29183074,126000.0,433.0,36000.0,123.0,29.0,29.183074,2010s,High,High,High
Angola,AGO,AFR,2017,30234844,126000.0,418.0,38000.0,126.0,30.0,30.234844,2010s,High,High,High
Angola,AGO,AFR,2018,31297151,126000.0,403.0,30000.0,97.0,24.0,31.297151,2010s,High,High,High
Angola,AGO,AFR,2019,32375636,126000.0,390.0,26000.0,81.0,21.0,32.375636,2010s,High,High,High
Angola,AGO,AFR,2020,33451138,125000.0,373.0,27000.0,81.0,23.0,33.451138,2020s,High,High,High
Angola,AGO,AFR,2021,34532427,128000.0,371.0,28000.0,80.0,23.0,34.532427,2020s,High,High,High
Angola,AGO,AFR,2022,35635039,135000.0,379.0,30000.0,85.0,23.0,35.635039,2020s,High,High,High
Angola,AGO,AFR,2023,36749909,141000.0,383.0,29000.0,78.0,21.0,36.749909,2020s,High,High,High
Angola,AGO,AFR,2024,37885846,141000.0,373.0,29000.0,75.0,21.0,37.885846,2020s,High,High,High
Anguilla,AIA,AMR,2000,11180,0.0,0.19,0.0,0.02,,0.01118,2000s,Low,Low,
Anguilla,AIA,AMR,2001,11471,0.0,0.0,0.0,0.0,,0.011471,2000s,,,
Anguilla,AIA,AMR,2002,11684,0.0,0.0,0.0,0.0,,0.011684,2000s,,,
Anguilla,AIA,AMR,2003,11871,0.0,0.0,0.0,0.0,,0.011871,2000s,,,
Anguilla,AIA,AMR,2004,12072,0.0,0.0,0.0,0.0,,0.012072,2000s,,,
Anguilla,AIA,AMR,2005,12273,0.0,0.65,0.0,0.06,,0.012273,2000s,Low,Low,
Anguilla,AIA,AMR,2006,12472,0.0,0.0,0.0,0.0,,0.012472,2000s,,,
Anguilla,AIA,AMR,2007,12672,0.0,0.0,0.0,0.0,,0.012672,2000s,,,
Anguilla,AIA,AMR,2008,12888,0.0,0.93,0.0,0.08,,0.012888,2000s,Low,Low,
Anguilla,AIA,AMR,2009,13104,0.0,1.0,0.0,0.09,,0.013104,2000s,Low,Low,
Anguilla,AIA,AMR,2010,13351,1.0,7.5,0.0,0.67,,0.013351,2010s,Low,Low,
Anguilla,AIA,AMR,2011,13568,0.0,0.0,0.0,0.0,,0.013568,2010s,,,
Anguilla,AIA,AMR,2012,13381,0.0,0.0,0.0,0.0,,0.013381,2010s,,,
Anguilla,AIA,AMR,2013,13258,0.0,0.0,0.0,0.0,,0.013258,2010s,,,
Anguilla,AIA,AMR,2014,13731,1.0,7.3,0.0,0.66,,0.013731,2010s,Low,Low,
Anguilla,AIA,AMR,2015,14208,0.0,0.0,0.0,0.0,,0.014208,2010s,,,
Anguilla,AIA,AMR,2016,14319,0.0,0.0,0.0,0.0,,0.014319,2010s,,,
Anguilla,AIA,AMR,2017,14427,0.0,1.8,0.0,0.16,,0.014427,2010s,Low,Low,
Anguilla,AIA,AMR,2018,14714,0.0,0.0,0.0,0.0,,0.014714,2010s,,,
Anguilla,AIA,AMR,2019,14826,0.0,2.0,0.0,0.18,,0.014826,2010s,Low,Low,
Anguilla,AIA,AMR,2020,14843,0.0,2.1,0.0,0.19,,0.014843,2020s,Low,Low,
Anguilla,AIA,AMR,2021,14483,0.0,0.0,0.0,0.0,,0.014483,2020s,,,
Anguilla,AIA,AMR,2022,14181,1.0,7.1,0.0,0.21,,0.014181,2020s,Low,Low,
Anguilla,AIA,AMR,2023,14413,0.0,2.3,0.0,0.07,,0.014413,2020s,Low,Low,
Anguilla,AIA,AMR,2024,14594,0.0,0.0,0.0,0.0,,0.014594,2020s,,,
Antigua and Barbuda,ATG,AMR,2000,74911,4.0,5.3,1.0,1.9,,0.074911,2000s,Low,Low,
Antigua and Barbuda,ATG,AMR,2001,76072,1.0,1.3,1.0,1.5,,0.076072,2000s,Low,Low,
Antigua and Barbuda,ATG,AMR,2002,77026,4.0,5.2,1.0,1.7,,0.077026,2000s,Low,Low,
Antigua and Barbuda,ATG,AMR,2003,77885,1.0,1.3,1.0,1.5,,0.077885,2000s,Low,Low,
Antigua and Barbuda,ATG,AMR,2004,78721,4.0,4.6,1.0,1.5,,0.078721,2000s,Low,Low,
Antigua and Barbuda,ATG,AMR,2005,79615,6.0,7.5,1.0,1.6,,0.079615,2000s,Low,Low,
Antigua and Barbuda,ATG,AMR,2006,80601,4.0,5.0,1.0,1.7,,0.080601,2000s,Low,Low,
Antigua and Barbuda,ATG,AMR,2007,81697,2.0,2.4,1.0,1.4,,0.081697,2000s,Low,Low,
Antigua and Barbuda,ATG,AMR,2008,82902,1.0,1.2,1.0,1.4,,0.082902,2000s,Low,Low,
Antigua and Barbuda,ATG,AMR,2009,84177,3.0,3.6,2.0,2.0,,0.084177,2000s,Low,Low,
Antigua and Barbuda,ATG,AMR,2010,85323,7.0,8.2,2.0,2.9,,0.085323,2010s,Low,Low,
Antigua and Barbuda,ATG,AMR,2011,86329,6.0,7.0,2.0,2.4,,0.086329,2010s,Low,Low,
Antigua and Barbuda,ATG,AMR,2012,87261,3.0,3.4,2.0,2.0,,0.087261,2010s,Low,Low,
Antigua and Barbuda,ATG,AMR,2013,88063,10.0,11.0,2.0,2.6,,0.088063,2010s,Low,Low,
Antigua and Barbuda,ATG,AMR,2014,88770,3.0,3.4,2.0,1.9,,0.08877,2010s,Low,Low,
Antigua and Barbuda,ATG,AMR,2015,89408,3.0,3.8,2.0,2.3,,0.089408,2010s,Low,Low,
Antigua and Barbuda,ATG,AMR,2016,89972,3.0,3.3,2.0,2.3,,0.089972,2010s,Low,Low,
Antigua and Barbuda,ATG,AMR,2017,90469,1.0,1.1,2.0,2.4,,0.090469,2010s,Low,Low,
Antigua and Barbuda,ATG,AMR,2018,90918,5.0,5.5,2.0,2.5,,0.090918,2010s,Low,Low,
Antigua and Barbuda,ATG,AMR,2019,91364,0.0,0.0,2.0,2.5,,0.091364,2010s,,Low,
Antigua and Barbuda,ATG,AMR,2020,91845,2.0,2.2,2.0,1.8,,0.091845,2020s,Low,Low,
Antigua and Barbuda,ATG,AMR,2021,92346,4.0,4.3,1.0,1.2,,0.092346,2020s,Low,Low,
Antigua and Barbuda,ATG,AMR,2022,92841,1.0,1.1,1.0,1.2,,0.092841,2020s,Low,Low,
Antigua and Barbuda,ATG,AMR,2023,93317,1.0,1.1,1.0,1.2,,0.093317,2020s,Low,Low,
Antigua and Barbuda,ATG,AMR,2024,93772,1.0,1.1,1.0,1.2,,0.093772,2020s,Low,Low,
Argentina,ARG,AMR,2000,37213982,18000.0,49.0,1400.0,3.6,7.0,37.213982,2000s,Low,Low,Moderate
Argentina,ARG,AMR,2001,37624824,17000.0,46.0,1200.0,3.3,7.0,37.624824,2000s,Low,Low,Moderate
Argentina,ARG,AMR,2002,38029352,17000.0,45.0,1200.0,3.2,7.0,38.029352,2000s,Low,Low,Moderate
Argentina,ARG,AMR,2003,38424288,16000.0,41.0,1100.0,2.9,7.0,38.424288,2000s,Low,Low,Moderate
Argentina,ARG,AMR,2004,38815907,16000.0,42.0,1000.0,2.7,6.0,38.815907,2000s,Low,Low,Moderate
Argentina,ARG,AMR,2005,39216791,15000.0,38.0,1000.0,2.6,7.0,39.216791,2000s,Low,Low,Moderate
Argentina,ARG,AMR,2006,39622119,13000.0,34.0,990.0,2.5,7.0,39.622119,2000s,Low,Low,Moderate
Argentina,ARG,AMR,2007,40016758,14000.0,35.0,1000.0,2.6,7.0,40.016758,2000s,Low,Low,Moderate
Argentina,ARG,AMR,2008,40424153,13000.0,31.0,900.0,2.2,7.0,40.424153,2000s,Low,Low,Moderate
Argentina,ARG,AMR,2009,40854822,10000.0,25.0,880.0,2.2,9.0,40.854822,2000s,Low,Low,Moderate
Argentina,ARG,AMR,2010,41288691,9800.0,24.0,780.0,1.9,8.0,41.288691,2010s,Low,Low,Moderate
Argentina,ARG,AMR,2011,41730665,13000.0,31.0,940.0,2.3,7.0,41.730665,2010s,Low,Low,Moderate
Argentina,ARG,AMR,2012,42161716,11000.0,27.0,860.0,2.0,8.0,42.161716,2010s,Low,Low,Moderate
Argentina,ARG,AMR,2013,42582454,12000.0,27.0,890.0,2.1,8.0,42.582454,2010s,Low,Low,Moderate
Argentina,ARG,AMR,2014,43024070,12000.0,27.0,850.0,2.0,7.0,43.02407,2010s,Low,Low,Moderate
Argentina,ARG,AMR,2015,43477004,12000.0,28.0,860.0,2.0,7.0,43.477004,2010s,Low,Low,Moderate
Argentina,ARG,AMR,2016,43900304,13000.0,30.0,900.0,2.1,7.0,43.900304,2010s,Low,Low,Moderate
Argentina,ARG,AMR,2017,44288897,13000.0,29.0,840.0,1.9,7.0,44.288897,2010s,Low,Low,Moderate
Argentina,ARG,AMR,2018,44654884,13000.0,30.0,880.0,2.0,7.0,44.654884,2010s,Low,Low,Moderate
Argentina,ARG,AMR,2019,44973466,15000.0,33.0,850.0,1.9,6.0,44.973466,2010s,Low,Low,Moderate
Argentina,ARG,AMR,2020,45191968,12000.0,27.0,760.0,1.7,6.0,45.191968,2020s,Low,Low,Moderate
Argentina,ARG,AMR,2021,45312281,15000.0,34.0,900.0,2.0,6.0,45.312281,2020s,Low,Low,Moderate
Argentina,ARG,AMR,2022,45407904,16000.0,35.0,980.0,2.2,6.0,45.407904,2020s,Low,Low,Moderate
Argentina,ARG,AMR,2023,45538407,18000.0,39.0,790.0,1.7,4.0,45.538407,2020s,Low,Low,Low
Argentina,ARG,AMR,2024,45696155,20000.0,44.0,830.0,1.8,4.0,45.696155,2020s,Low,Low,Low
Armenia,ARM,EUR,2000,3125627,3600.0,115.0,200.0,6.3,6.0,3.125627,2000s,Medium,Low,Moderate
Armenia,ARM,EUR,2001,3084350,3600.0,116.0,190.0,6.0,5.0,3.08435,2000s,Medium,Low,Low
Armenia,ARM,EUR,2002,3055629,3500.0,116.0,210.0,6.9,6.0,3.055629,2000s,Medium,Low,Moderate
Armenia,ARM,EUR,2003,3038967,3600.0,120.0,200.0,6.7,6.0,3.038967,2000s,Medium,Low,Moderate
Armenia,ARM,EUR,2004,3022541,3800.0,125.0,220.0,7.3,6.0,3.022541,2000s,Medium,Low,Moderate
Armenia,ARM,EUR,2005,3006350,4800.0,161.0,250.0,8.4,5.0,3.00635,2000s,Medium,Low,Low
Armenia,ARM,EUR,2006,2990374,3700.0,124.0,250.0,8.3,7.0,2.990374,2000s,Medium,Low,Moderate
Armenia,ARM,EUR,2007,2974819,3400.0,114.0,250.0,8.4,7.0,2.974819,2000s,Medium,Low,Moderate
Armenia,ARM,EUR,2008,2959994,3200.0,108.0,230.0,7.9,7.0,2.959994,2000s,Medium,Low,Moderate
Armenia,ARM,EUR,2009,2945525,2900.0,98.0,200.0,6.9,7.0,2.945525,2000s,Low,Low,Moderate
Armenia,ARM,EUR,2010,2931079,2500.0,86.0,180.0,6.0,7.0,2.931079,2010s,Low,Low,Moderate
Armenia,ARM,EUR,2011,2923276,2200.0,75.0,150.0,5.1,7.0,2.923276,2010s,Low,Low,Moderate
Armenia,ARM,EUR,2012,2922541,2000.0,70.0,180.0,6.1,9.0,2.922541,2010s,Low,Low,Moderate
Armenia,ARM,EUR,2013,2922519,2300.0,79.0,140.0,5.0,6.0,2.922519,2010s,Low,Low,Moderate
Armenia,ARM,EUR,2014,2922426,2100.0,73.0,130.0,4.4,6.0,2.922426,2010s,Low,Low,Moderate
Armenia,ARM,EUR,2015,2921181,1800.0,63.0,120.0,4.2,7.0,2.921181,2010s,Low,Low,Moderate
Armenia,ARM,EUR,2016,2918792,1600.0,54.0,85.0,2.9,6.0,2.918792,2010s,Low,Low,Moderate
Armenia,ARM,EUR,2017,2914969,1300.0,43.0,76.0,2.6,6.0,2.914969,2010s,Low,Low,Moderate
Armenia,ARM,EUR,2018,2909962,1100.0,37.0,65.0,2.2,6.0,2.909962,2010s,Low,Low,Moderate
Armenia,ARM,EUR,2019,2903979,910.0,31.0,65.0,2.3,7.0,2.903979,2010s,Low,Low,Moderate
Armenia,ARM,EUR,2020,2890893,830.0,29.0,87.0,3.0,11.0,2.890893,2020s,Low,Low,High
Armenia,ARM,EUR,2021,2870346,750.0,26.0,49.0,1.7,7.0,2.870346,2020s,Low,Low,Moderate
Armenia,ARM,EUR,2022,2880868,680.0,24.0,45.0,1.6,7.0,2.880868,2020s,Low,Low,Moderate
Armenia,ARM,EUR,2023,2943390,620.0,21.0,51.0,1.7,8.0,2.94339,2020s,Low,Low,Moderate
Armenia,ARM,EUR,2024,2973835,550.0,19.0,40.0,1.4,7.0,2.973835,2020s,Low,Low,Moderate
Aruba,ABW,AMR,2000,88759,6.0,6.2,0.0,0.19,,0.088759,2000s,Low,Low,
Aruba,ABW,AMR,2001,90303,6.0,6.5,0.0,0.2,,0.090303,2000s,Low,Low,
Aruba,ABW,AMR,2002,91380,6.0,6.8,0.0,0.2,,0.09138,2000s,Low,Low,
Aruba,ABW,AMR,2003,92308,7.0,7.1,0.0,0.21,,0.092308,2000s,Low,Low,
Aruba,ABW,AMR,2004,93211,7.0,7.3,0.0,0.22,,0.093211,2000s,Low,Low,
Aruba,ABW,AMR,2005,94227,7.0,7.6,0.0,0.23,,0.094227,2000s,Low,Low,
Aruba,ABW,AMR,2006,95403,8.0,7.9,0.0,0.24,,0.095403,2000s,Low,Low,
Aruba,ABW,AMR,2007,96581,8.0,8.2,0.0,0.24,,0.096581,2000s,Low,Low,
Aruba,ABW,AMR,2008,97802,8.0,8.4,0.0,0.25,,0.097802,2000s,Low,Low,
Aruba,ABW,AMR,2009,99024,9.0,8.7,0.0,0.26,,0.099024,2000s,Low,Low,
Aruba,ABW,AMR,2010,100110,6.0,6.0,0.0,0.18,,0.10011,2010s,Low,Low,
Aruba,ABW,AMR,2011,100984,8.0,7.9,0.0,0.24,,0.100984,2010s,Low,Low,
Aruba,ABW,AMR,2012,101774,28.0,28.0,1.0,0.83,,0.101774,2010s,Low,Low,
Aruba,ABW,AMR,2013,102560,11.0,11.0,0.0,0.32,,0.10256,2010s,Low,Low,
Aruba,ABW,AMR,2014,103369,2.0,1.9,0.0,0.06,,0.103369,2010s,Low,Low,
Aruba,ABW,AMR,2015,104180,6.0,5.8,0.0,0.17,,0.10418,2010s,Low,Low,
Aruba,ABW,AMR,2016,104975,8.0,7.6,0.0,0.23,,0.104975,2010s,Low,Low,
Aruba,ABW,AMR,2017,105735,8.0,7.6,0.0,0.23,,0.105735,2010s,Low,Low,
Aruba,ABW,AMR,2018,106439,5.0,4.7,0.0,0.14,,0.106439,2010s,Low,Low,
Aruba,ABW,AMR,2019,107081,2.0,1.9,0.0,0.06,,0.107081,2010s,Low,Low,
Aruba,ABW,AMR,2020,107406,1.0,0.93,0.0,0.03,,0.107406,2020s,Low,Low,
Aruba,ABW,AMR,2021,107549,6.0,5.6,0.0,0.17,,0.107549,2020s,Low,Low,
Aruba,ABW,AMR,2022,107783,5.0,4.6,0.0,0.14,,0.107783,2020s,Low,Low,
Aruba,ABW,AMR,2023,107935,4.0,3.7,0.0,0.11,,0.107935,2020s,Low,Low,
Aruba,ABW,AMR,2024,108064,9.0,8.3,0.0,0.25,,0.108064,2020s,Low,Low,
Australia,AUS,WPR,2000,19132473,1300.0,6.8,80.0,0.42,6.0,19.132473,2000s,Low,Low,Moderate
Australia,AUS,WPR,2001,19365439,1200.0,6.3,110.0,0.55,9.0,19.365439,2000s,Low,Low,Moderate
Australia,AUS,WPR,2002,19595360,1300.0,6.4,87.0,0.44,7.0,19.59536,2000s,Low,Low,Moderate
Australia,AUS,WPR,2003,19819456,1200.0,5.9,69.0,0.35,6.0,19.819456,2000s,Low,Low,Moderate
Australia,AUS,WPR,2004,20046682,1300.0,6.6,79.0,0.4,6.0,20.046682,2000s,Low,Low,Moderate
Australia,AUS,WPR,2005,20294493,1300.0,6.3,75.0,0.37,6.0,20.294493,2000s,Low,Low,Moderate
Australia,AUS,WPR,2006,20590557,1400.0,6.9,72.0,0.35,5.0,20.590557,2000s,Low,Low,Low
Australia,AUS,WPR,2007,20954557,1400.0,6.5,61.0,0.29,4.0,20.954557,2000s,Low,Low,Low
Australia,AUS,WPR,2008,21370593,1500.0,6.9,73.0,0.34,5.0,21.370593,2000s,Low,Low,Low
Australia,AUS,WPR,2009,21783011,1600.0,7.2,67.0,0.31,4.0,21.783011,2000s,Low,Low,Low
Australia,AUS,WPR,2010,22141580,1500.0,6.8,64.0,0.29,4.0,22.14158,2010s,Low,Low,Low
Australia,AUS,WPR,2011,22479779,1500.0,6.6,64.0,0.29,4.0,22.479779,2010s,Low,Low,Low
Australia,AUS,WPR,2012,22852647,1500.0,6.7,39.0,0.17,3.0,22.852647,2010s,Low,Low,Low
Australia,AUS,WPR,2013,23236273,1500.0,6.3,58.0,0.25,4.0,23.236273,2010s,Low,Low,Low
Australia,AUS,WPR,2014,23595610,1500.0,6.5,51.0,0.22,3.0,23.59561,2010s,Low,Low,Low
Australia,AUS,WPR,2015,23948003,1400.0,6.0,57.0,0.24,4.0,23.948003,2010s,Low,Low,Low
Australia,AUS,WPR,2016,24329960,1600.0,6.5,54.0,0.22,4.0,24.32996,2010s,Low,Low,Low
Australia,AUS,WPR,2017,24731028,1600.0,6.6,55.0,0.22,3.0,24.731028,2010s,Low,Low,Low
Australia,AUS,WPR,2018,25119698,1600.0,6.5,61.0,0.24,4.0,25.119698,2010s,Low,Low,Low
Australia,AUS,WPR,2019,25482711,1700.0,6.8,50.0,0.2,3.0,25.482711,2010s,Low,Low,Low
Australia,AUS,WPR,2020,25743794,1800.0,7.2,38.0,0.15,2.0,25.743794,2020s,Low,Low,Low
Australia,AUS,WPR,2021,25956421,1700.0,6.5,52.0,0.2,3.0,25.956421,2020s,Low,Low,Low
Australia,AUS,WPR,2022,26200982,1500.0,5.6,37.0,0.14,3.0,26.200982,2020s,Low,Low,Low
Australia,AUS,WPR,2023,26451115,1600.0,6.2,41.0,0.15,3.0,26.451115,2020s,Low,Low,Low
Australia,AUS,WPR,2024,26713208,1900.0,6.9,40.0,0.15,2.0,26.713208,2020s,Low,Low,Low
Austria,AUT,EUR,2000,8012926,1800.0,22.0,110.0,1.3,6.0,8.012926,2000s,Low,Low,Moderate
Austria,AUT,EUR,2001,8042236,1500.0,18.0,81.0,1.0,6.0,8.042236,2000s,Low,Low,Moderate
Austria,AUT,EUR,2002,8081637,1500.0,18.0,88.0,1.1,6.0,8.081637,2000s,Low,Low,Moderate
Austria,AUT,EUR,2003,8122610,1300.0,16.0,62.0,0.77,5.0,8.12261,2000s,Low,Low,Low
Austria,AUT,EUR,2004,8173497,1200.0,15.0,59.0,0.72,5.0,8.173497,2000s,Low,Low,Low
Austria,AUT,EUR,2005,8229203,1200.0,15.0,66.0,0.8,6.0,8.229203,2000s,Low,Low,Moderate
Austria,AUT,EUR,2006,8269905,1100.0,13.0,65.0,0.79,6.0,8.269905,2000s,Low,Low,Moderate
Austria,AUT,EUR,2007,8296959,1000.0,13.0,54.0,0.65,5.0,8.296959,2000s,Low,Low,Low
Austria,AUT,EUR,2008,8323250,960.0,12.0,55.0,0.67,6.0,8.32325,2000s,Low,Low,Moderate
Austria,AUT,EUR,2009,8345065,830.0,10.0,53.0,0.64,7.0,8.345065,2000s,Low,Low,Moderate
Austria,AUT,EUR,2010,8365097,820.0,9.8,44.0,0.52,5.0,8.365097,2010s,Low,Low,Low
Austria,AUT,EUR,2011,8393267,830.0,9.9,60.0,0.72,7.0,8.393267,2010s,Low,Low,Moderate
Austria,AUT,EUR,2012,8431590,760.0,9.0,46.0,0.55,6.0,8.43159,2010s,Low,Low,Moderate
Austria,AUT,EUR,2013,8481414,760.0,8.9,71.0,0.84,10.0,8.481414,2010s,Low,Low,Moderate
Austria,AUT,EUR,2014,8547825,680.0,7.9,74.0,0.86,11.0,8.547825,2010s,Low,Low,High
Austria,AUT,EUR,2015,8644043,670.0,7.8,67.0,0.77,10.0,8.644043,2010s,Low,Low,Moderate
Austria,AUT,EUR,2016,8737918,730.0,8.4,41.0,0.47,6.0,8.737918,2010s,Low,Low,Moderate
Austria,AUT,EUR,2017,8798780,670.0,7.6,38.0,0.43,6.0,8.79878,2010s,Low,Low,Moderate
Austria,AUT,EUR,2018,8841662,560.0,6.3,50.0,0.57,9.0,8.841662,2010s,Low,Low,Moderate
Austria,AUT,EUR,2019,8880876,550.0,6.2,43.0,0.48,8.0,8.880876,2010s,Low,Low,Moderate
Austria,AUT,EUR,2020,8921405,450.0,5.1,43.0,0.48,10.0,8.921405,2020s,Low,Low,Moderate
Austria,AUT,EUR,2021,8967061,450.0,5.1,33.0,0.37,7.0,8.967061,2020s,Low,Low,Moderate
Austria,AUT,EUR,2022,9064672,430.0,4.7,38.0,0.42,9.0,9.064672,2020s,Low,Low,Moderate
Austria,AUT,EUR,2023,9130417,480.0,5.3,39.0,0.43,8.0,9.130417,2020s,Low,Low,Moderate
Austria,AUT,EUR,2024,9120817,450.0,4.9,39.0,0.43,9.0,9.120817,2020s,Low,Low,Moderate
Azerbaijan,AZE,EUR,2000,8174786,15000.0,183.0,1800.0,21.0,12.0,8.174786,2000s,Medium,Moderate,High
Azerbaijan,AZE,EUR,2001,8251770,15000.0,176.0,1600.0,20.0,11.0,8.25177,2000s,Medium,Low,High
Azerbaijan,AZE,EUR,2002,8326127,16000.0,189.0,1500.0,18.0,10.0,8.326127,2000s,Medium,Low,Moderate
Azerbaijan,AZE,EUR,2003,8400529,12000.0,145.0,1400.0,16.0,11.0,8.400529,2000s,Medium,Low,High
Azerbaijan,AZE,EUR,2004,8489870,18000.0,208.0,1200.0,15.0,7.0,8.48987,2000s,High,Low,Moderate
Azerbaijan,AZE,EUR,2005,8597256,20000.0,237.0,1100.0,13.0,5.0,8.597256,2000s,High,Low,Low
Azerbaijan,AZE,EUR,2006,8711379,17000.0,200.0,850.0,9.8,5.0,8.711379,2000s,Medium,Low,Low
Azerbaijan,AZE,EUR,2007,8828310,15000.0,175.0,610.0,6.9,4.0,8.82831,2000s,Medium,Low,Low
Azerbaijan,AZE,EUR,2008,8942648,20000.0,219.0,810.0,9.0,4.0,8.942648,2000s,High,Low,Low
Azerbaijan,AZE,EUR,2009,9046335,22000.0,249.0,980.0,11.0,4.0,9.046335,2000s,High,Low,Low
Azerbaijan,AZE,EUR,2010,9146845,17000.0,183.0,870.0,9.5,5.0,9.146845,2010s,Medium,Low,Low
Azerbaijan,AZE,EUR,2011,9256153,19000.0,206.0,710.0,7.6,4.0,9.256153,2010s,High,Low,Low
Azerbaijan,AZE,EUR,2012,9376172,13000.0,134.0,520.0,5.5,4.0,9.376172,2010s,Medium,Low,Low
Azerbaijan,AZE,EUR,2013,9504415,11000.0,115.0,510.0,5.4,5.0,9.504415,2010s,Medium,Low,Low
Azerbaijan,AZE,EUR,2014,9631149,10000.0,107.0,520.0,5.4,5.0,9.631149,2010s,Medium,Low,Low
Azerbaijan,AZE,EUR,2015,9752854,9300.0,95.0,630.0,6.5,7.0,9.752854,2010s,Low,Low,Moderate
Azerbaijan,AZE,EUR,2016,9868433,8500.0,86.0,650.0,6.6,8.0,9.868433,2010s,Low,Low,Moderate
Azerbaijan,AZE,EUR,2017,9968509,8400.0,84.0,640.0,6.4,8.0,9.968509,2010s,Low,Low,Moderate
Azerbaijan,AZE,EUR,2018,10039790,7800.0,78.0,630.0,6.3,8.0,10.03979,2010s,Low,Low,Moderate
Azerbaijan,AZE,EUR,2019,10110475,7300.0,73.0,630.0,6.3,9.0,10.110475,2010s,Low,Low,Moderate
Azerbaijan,AZE,EUR,2020,10181725,7000.0,69.0,660.0,6.5,10.0,10.181725,2020s,Low,Low,Moderate
Azerbaijan,AZE,EUR,2021,10234371,6900.0,67.0,690.0,6.7,10.0,10.234371,2020s,Low,Low,Moderate
Azerbaijan,AZE,EUR,2022,10295305,6900.0,67.0,670.0,6.5,10.0,10.295305,2020s,Low,Low,Moderate
Azerbaijan,AZE,EUR,2023,10318209,6800.0,66.0,610.0,5.9,9.0,10.318209,2020s,Low,Low,Moderate
Azerbaijan,AZE,EUR,2024,10336574,6600.0,64.0,570.0,5.6,9.0,10.336574,2020s,Low,Low,Moderate
Bahamas,BHS,AMR,2000,323837,180.0,57.0,62.0,19.0,34.0,0.323837,2000s,Low,Low,High
Bahamas,BHS,AMR,2001,327844,130.0,39.0,39.0,12.0,31.0,0.327844,2000s,Low,Low,High
Bahamas,BHS,AMR,2002,331614,82.0,25.0,23.0,6.9,28.0,0.331614,2000s,Low,Low,High
Bahamas,BHS,AMR,2003,335628,65.0,19.0,12.0,3.7,19.0,0.335628,2000s,Low,Low,High
Bahamas,BHS,AMR,2004,339781,84.0,25.0,20.0,5.8,24.0,0.339781,2000s,Low,Low,High
Bahamas,BHS,AMR,2005,343892,71.0,21.0,13.0,3.7,18.0,0.343892,2000s,Low,Low,High
Bahamas,BHS,AMR,2006,348380,88.0,25.0,17.0,4.9,20.0,0.34838,2000s,Low,Low,High
Bahamas,BHS,AMR,2007,353336,67.0,19.0,9.0,2.5,13.0,0.353336,2000s,Low,Low,High
Bahamas,BHS,AMR,2008,358119,71.0,20.0,13.0,3.6,18.0,0.358119,2000s,Low,Low,High
Bahamas,BHS,AMR,2009,362811,65.0,18.0,9.0,2.4,13.0,0.362811,2000s,Low,Low,High
Bahamas,BHS,AMR,2010,367468,44.0,12.0,9.0,2.4,20.0,0.367468,2010s,Low,Low,High
Bahamas,BHS,AMR,2011,371730,58.0,15.0,10.0,2.8,18.0,0.37173,2010s,Low,Low,High
Bahamas,BHS,AMR,2012,375471,44.0,12.0,4.0,1.2,10.0,0.375471,2010s,Low,Low,Moderate
Bahamas,BHS,AMR,2013,378952,45.0,12.0,6.0,1.6,14.0,0.378952,2010s,Low,Low,High
Bahamas,BHS,AMR,2014,382300,67.0,18.0,7.0,1.7,10.0,0.3823,2010s,Low,Low,Moderate
Bahamas,BHS,AMR,2015,385352,82.0,21.0,9.0,2.2,10.0,0.385352,2010s,Low,Low,Moderate
Bahamas,BHS,AMR,2016,388049,120.0,30.0,18.0,4.7,16.0,0.388049,2010s,Low,Low,High
Bahamas,BHS,AMR,2017,390488,65.0,17.0,8.0,2.1,12.0,0.390488,2010s,Low,Low,High
Bahamas,BHS,AMR,2018,392710,60.0,15.0,5.0,1.4,9.0,0.39271,2010s,Low,Low,Moderate
Bahamas,BHS,AMR,2019,394681,65.0,17.0,7.0,1.7,10.0,0.394681,2010s,Low,Low,Moderate
Bahamas,BHS,AMR,2020,395858,40.0,10.0,4.0,1.1,11.0,0.395858,2020s,Low,Low,High
Bahamas,BHS,AMR,2021,396375,57.0,14.0,7.0,1.8,12.0,0.396375,2020s,Low,Low,High
Bahamas,BHS,AMR,2022,397541,63.0,16.0,7.0,1.8,12.0,0.397541,2020s,Low,Low,High
Bahamas,BHS,AMR,2023,399445,35.0,8.8,5.0,1.3,15.0,0.399445,2020s,Low,Low,High
Bahamas,BHS,AMR,2024,401287,73.0,18.0,6.0,1.6,9.0,0.401287,2020s,Low,Low,Moderate
Bahrain,BHR,EMR,2000,669580,380.0,57.0,21.0,3.2,6.0,0.66958,2000s,Low,Low,Moderate
Bahrain,BHR,EMR,2001,699953,340.0,49.0,15.0,2.2,4.0,0.699953,2000s,Low,Low,Low
Bahrain,BHR,EMR,2002,752198,340.0,45.0,15.0,2.0,4.0,0.752198,2000s,Low,Low,Low
Bahrain,BHR,EMR,2003,811274,460.0,56.0,6.0,0.78,1.0,0.811274,2000s,Low,Low,Low
Bahrain,BHR,EMR,2004,871444,420.0,48.0,16.0,1.8,4.0,0.871444,2000s,Low,Low,Low
Bahrain,BHR,EMR,2005,932601,470.0,51.0,13.0,1.4,3.0,0.932601,2000s,Low,Low,Low
Bahrain,BHR,EMR,2006,994622,460.0,47.0,7.0,0.73,2.0,0.994622,2000s,Low,Low,Low
Bahrain,BHR,EMR,2007,1057391,490.0,46.0,16.0,1.5,3.0,1.057391,2000s,Low,Low,Low
Bahrain,BHR,EMR,2008,1120720,490.0,44.0,13.0,1.2,3.0,1.12072,2000s,Low,Low,Low
Bahrain,BHR,EMR,2009,1183600,520.0,44.0,13.0,1.1,3.0,1.1836,2000s,Low,Low,Low
Bahrain,BHR,EMR,2010,1213246,380.0,32.0,14.0,1.2,4.0,1.213246,2010s,Low,Low,Low
Bahrain,BHR,EMR,2011,1206733,340.0,29.0,8.0,0.64,2.0,1.206733,2010s,Low,Low,Low
Bahrain,BHR,EMR,2012,1216307,340.0,28.0,5.0,0.43,2.0,1.216307,2010s,Low,Low,Low
Bahrain,BHR,EMR,2013,1257202,310.0,24.0,6.0,0.5,2.0,1.257202,2010s,Low,Low,Low
Bahrain,BHR,EMR,2014,1312846,280.0,21.0,7.0,0.55,3.0,1.312846,2010s,Low,Low,Low
Bahrain,BHR,EMR,2015,1369654,250.0,18.0,7.0,0.54,3.0,1.369654,2010s,Low,Low,Low
Bahrain,BHR,EMR,2016,1429603,220.0,15.0,8.0,0.54,4.0,1.429603,2010s,Low,Low,Low
Bahrain,BHR,EMR,2017,1481990,210.0,14.0,8.0,0.54,4.0,1.48199,2010s,Low,Low,Low
Bahrain,BHR,EMR,2018,1497625,210.0,14.0,8.0,0.53,4.0,1.497625,2010s,Low,Low,Low
Bahrain,BHR,EMR,2019,1485668,230.0,16.0,12.0,0.79,5.0,1.485668,2010s,Low,Low,Low
Bahrain,BHR,EMR,2020,1483076,260.0,17.0,20.0,1.4,8.0,1.483076,2020s,Low,Low,Moderate
Bahrain,BHR,EMR,2021,1501754,260.0,17.0,20.0,1.3,8.0,1.501754,2020s,Low,Low,Moderate
Bahrain,BHR,EMR,2022,1533452,250.0,16.0,19.0,1.3,8.0,1.533452,2020s,Low,Low,Moderate
Bahrain,BHR,EMR,2023,1569662,220.0,14.0,17.0,1.1,8.0,1.569662,2020s,Low,Low,Moderate
Bahrain,BHR,EMR,2024,1607051,190.0,12.0,15.0,0.93,8.0,1.607051,2020s,Low,Low,Moderate
Bangladesh,BGD,SEA,2000,134544303,298000.0,221.0,96000.0,71.0,33.0,134.544303,2000s,High,High,High
Bangladesh,BGD,SEA,2001,136805811,303000.0,221.0,98000.0,72.0,33.0,136.805811,2000s,High,High,High
Bangladesh,BGD,SEA,2002,138933661,307000.0,221.0,97000.0,70.0,32.0,138.933661,2000s,High,High,High
Bangladesh,BGD,SEA,2003,140970343,312000.0,221.0,97000.0,69.0,32.0,140.970343,2000s,High,High,High
Bangladesh,BGD,SEA,2004,142902854,316000.0,221.0,95000.0,66.0,31.0,142.902854,2000s,High,High,High
Bangladesh,BGD,SEA,2005,144715788,320000.0,221.0,86000.0,60.0,28.0,144.715788,2000s,High,High,High
Bangladesh,BGD,SEA,2006,146405974,324000.0,221.0,79000.0,54.0,25.0,146.405974,2000s,High,High,High
Bangladesh,BGD,SEA,2007,147989280,327000.0,221.0,80000.0,54.0,25.0,147.98928,2000s,High,High,High
Bangladesh,BGD,SEA,2008,149474262,331000.0,221.0,80000.0,53.0,25.0,149.474262,2000s,High,High,High
Bangladesh,BGD,SEA,2009,150873712,334000.0,221.0,77000.0,51.0,24.0,150.873712,2000s,High,High,High
Bangladesh,BGD,SEA,2010,152201979,337000.0,221.0,81000.0,53.0,25.0,152.201979,2010s,High,High,High
Bangladesh,BGD,SEA,2011,153591077,340000.0,221.0,83000.0,54.0,25.0,153.591077,2010s,High,High,High
Bangladesh,BGD,SEA,2012,155070104,343000.0,221.0,78000.0,51.0,23.0,155.070104,2010s,High,High,High
Bangladesh,BGD,SEA,2013,156532138,346000.0,221.0,73000.0,47.0,22.0,156.532138,2010s,High,Moderate,High
Bangladesh,BGD,SEA,2014,157964927,349000.0,221.0,72000.0,46.0,21.0,157.964927,2010s,High,Moderate,High
Bangladesh,BGD,SEA,2015,159383187,353000.0,221.0,67000.0,42.0,20.0,159.383187,2010s,High,Moderate,High
Bangladesh,BGD,SEA,2016,160811930,356000.0,221.0,63000.0,39.0,18.0,160.81193,2010s,High,Moderate,High
Bangladesh,BGD,SEA,2017,162186155,359000.0,221.0,56000.0,34.0,16.0,162.186155,2010s,High,Moderate,High
Bangladesh,BGD,SEA,2018,163523104,362000.0,221.0,47000.0,29.0,13.0,163.523104,2010s,High,Moderate,High
Bangladesh,BGD,SEA,2019,164913051,365000.0,221.0,39000.0,24.0,11.0,164.913051,2010s,High,Moderate,High
Bangladesh,BGD,SEA,2020,166298018,368000.0,221.0,44000.0,26.0,12.0,166.298018,2020s,High,Moderate,High
Bangladesh,BGD,SEA,2021,167658866,371000.0,221.0,45000.0,27.0,12.0,167.658866,2020s,High,Moderate,High
Bangladesh,BGD,SEA,2022,169384893,375000.0,221.0,45000.0,26.0,12.0,169.384893,2020s,High,Moderate,High
Bangladesh,BGD,SEA,2023,171466988,379000.0,221.0,45000.0,26.0,12.0,171.466988,2020s,High,Moderate,High
Bangladesh,BGD,SEA,2024,173562368,384000.0,221.0,44000.0,25.0,12.0,173.562368,2020s,High,Moderate,High
Barbados,BRB,AMR,2000,262064,3.0,1.1,1.0,0.42,,0.262064,2000s,Low,Low,
Barbados,BRB,AMR,2001,262434,6.0,2.3,2.0,0.62,,0.262434,2000s,Low,Low,
Barbados,BRB,AMR,2002,264152,5.0,1.9,1.0,0.48,,0.264152,2000s,Low,Low,
Barbados,BRB,AMR,2003,265768,9.0,3.3,2.0,0.65,,0.265768,2000s,Low,Low,
Barbados,BRB,AMR,2004,267295,19.0,7.1,3.0,1.1,,0.267295,2000s,Low,Low,
Barbados,BRB,AMR,2005,268707,10.0,3.5,2.0,0.83,,0.268707,2000s,Low,Low,
Barbados,BRB,AMR,2006,270009,5.0,1.9,3.0,1.0,,0.270009,2000s,Low,Low,
Barbados,BRB,AMR,2007,271290,16.0,5.9,3.0,1.3,,0.27129,2000s,Low,Low,
Barbados,BRB,AMR,2008,272711,3.0,1.1,1.0,0.43,,0.272711,2000s,Low,Low,
Barbados,BRB,AMR,2009,274121,2.0,0.73,1.0,0.35,,0.274121,2000s,Low,Low,
Barbados,BRB,AMR,2010,275248,6.0,2.2,1.0,0.44,,0.275248,2010s,Low,Low,
Barbados,BRB,AMR,2011,276135,0.0,0.0,1.0,0.35,,0.276135,2010s,,Low,
Barbados,BRB,AMR,2012,276938,4.0,1.4,2.0,0.57,,0.276938,2010s,Low,Low,
Barbados,BRB,AMR,2013,277668,4.0,1.4,2.0,0.71,,0.277668,2010s,Low,Low,
Barbados,BRB,AMR,2014,278340,5.0,1.8,2.0,0.9,,0.27834,2010s,Low,Low,
Barbados,BRB,AMR,2015,278982,0.0,0.0,2.0,0.87,,0.278982,2010s,,Low,
Barbados,BRB,AMR,2016,279601,3.0,1.1,2.0,0.88,,0.279601,2010s,Low,Low,
Barbados,BRB,AMR,2017,280170,0.0,0.0,2.0,0.87,,0.28017,2010s,,Low,
Barbados,BRB,AMR,2018,280712,1.0,0.36,2.0,0.87,,0.280712,2010s,Low,Low,
Barbados,BRB,AMR,2019,281197,0.0,0.0,2.0,0.87,,0.281197,2010s,,Low,
Barbados,BRB,AMR,2020,281692,6.0,2.1,3.0,0.9,,0.281692,2020s,Low,Low,
Barbados,BRB,AMR,2021,282141,1.0,0.35,2.0,0.87,,0.282141,2020s,Low,Low,
Barbados,BRB,AMR,2022,282321,5.0,1.8,3.0,0.89,,0.282321,2020s,Low,Low,
Barbados,BRB,AMR,2023,282338,2.0,0.71,2.0,0.88,,0.282338,2020s,Low,Low,
Barbados,BRB,AMR,2024,282468,3.0,1.0,2.0,0.88,,0.282468,2020s,Low,Low,
Belarus,BLR,EUR,2000,9991318,15000.0,153.0,880.0,8.8,6.0,9.991318,2000s,Medium,Low,Moderate
Belarus,BLR,EUR,2001,9938068,12000.0,121.0,980.0,9.9,8.0,9.938068,2000s,Medium,Low,Moderate
Belarus,BLR,EUR,2002,9873452,11000.0,110.0,1100.0,11.0,11.0,9.873452,2000s,Medium,Low,High
Belarus,BLR,EUR,2003,9803180,12000.0,124.0,1300.0,13.0,10.0,9.80318,2000s,Medium,Low,Moderate
Belarus,BLR,EUR,2004,9735098,11000.0,111.0,1200.0,12.0,11.0,9.735098,2000s,Medium,Low,High
Belarus,BLR,EUR,2005,9667833,10000.0,105.0,1200.0,12.0,12.0,9.667833,2000s,Medium,Low,High
Belarus,BLR,EUR,2006,9608034,9300.0,97.0,1100.0,12.0,12.0,9.608034,2000s,Low,Low,High
Belarus,BLR,EUR,2007,9563145,9200.0,97.0,1200.0,12.0,13.0,9.563145,2000s,Low,Low,High
Belarus,BLR,EUR,2008,9529365,8400.0,88.0,1100.0,11.0,13.0,9.529365,2000s,Low,Low,High
Belarus,BLR,EUR,2009,9507338,8200.0,87.0,1000.0,11.0,12.0,9.507338,2000s,Low,Low,High
Belarus,BLR,EUR,2010,9490743,7600.0,81.0,1000.0,11.0,13.0,9.490743,2010s,Low,Low,High
Belarus,BLR,EUR,2011,9472735,6900.0,73.0,980.0,10.0,14.0,9.472735,2010s,Low,Low,High
Belarus,BLR,EUR,2012,9463078,6900.0,73.0,840.0,8.9,12.0,9.463078,2010s,Low,Low,High
Belarus,BLR,EUR,2013,9464454,6300.0,67.0,770.0,8.2,12.0,9.464454,2010s,Low,Low,High
Belarus,BLR,EUR,2014,9472712,5300.0,56.0,630.0,6.7,12.0,9.472712,2010s,Low,Low,High
Belarus,BLR,EUR,2015,9487292,5100.0,54.0,530.0,5.5,10.0,9.487292,2010s,Low,Low,Moderate
Belarus,BLR,EUR,2016,9499070,4300.0,45.0,480.0,5.1,11.0,9.49907,2010s,Low,Low,High
Belarus,BLR,EUR,2017,9495795,3600.0,38.0,390.0,4.1,11.0,9.495795,2010s,Low,Low,High
Belarus,BLR,EUR,2018,9480035,3000.0,31.0,330.0,3.5,11.0,9.480035,2010s,Low,Low,High
Belarus,BLR,EUR,2019,9435423,2700.0,29.0,270.0,2.9,10.0,9.435423,2010s,Low,Low,Moderate
Belarus,BLR,EUR,2020,9350943,2500.0,26.0,340.0,3.6,14.0,9.350943,2020s,Low,Low,High
Belarus,BLR,EUR,2021,9251370,2200.0,24.0,260.0,2.8,12.0,9.25137,2020s,Low,Low,High
Belarus,BLR,EUR,2022,9173245,2000.0,22.0,230.0,2.5,12.0,9.173245,2020s,Low,Low,High
Belarus,BLR,EUR,2023,9115675,1700.0,19.0,210.0,2.3,12.0,9.115675,2020s,Low,Low,High
Belarus,BLR,EUR,2024,9056702,1500.0,17.0,210.0,2.3,14.0,9.056702,2020s,Low,Low,High
Belgium,BEL,EUR,2000,10251715,1700.0,17.0,140.0,1.4,8.0,10.251715,2000s,Low,Low,Moderate
Belgium,BEL,EUR,2001,10287004,1800.0,17.0,140.0,1.3,8.0,10.287004,2000s,Low,Low,Moderate
Belgium,BEL,EUR,2002,10332975,1600.0,15.0,110.0,1.1,7.0,10.332975,2000s,Low,Low,Moderate
Belgium,BEL,EUR,2003,10376266,1400.0,13.0,120.0,1.1,9.0,10.376266,2000s,Low,Low,Moderate
Belgium,BEL,EUR,2004,10421297,1400.0,14.0,98.0,0.94,7.0,10.421297,2000s,Low,Low,Moderate
Belgium,BEL,EUR,2005,10478888,1400.0,13.0,110.0,1.0,8.0,10.478888,2000s,Low,Low,Moderate
Belgium,BEL,EUR,2006,10548441,1300.0,12.0,79.0,0.75,6.0,10.548441,2000s,Low,Low,Moderate
Belgium,BEL,EUR,2007,10625495,1200.0,11.0,100.0,0.95,9.0,10.625495,2000s,Low,Low,Moderate
Belgium,BEL,EUR,2008,10709705,1200.0,11.0,93.0,0.87,8.0,10.709705,2000s,Low,Low,Moderate
Belgium,BEL,EUR,2009,10812942,1100.0,10.0,71.0,0.65,6.0,10.812942,2000s,Low,Low,Moderate
Belgium,BEL,EUR,2010,10936624,1200.0,11.0,78.0,0.71,7.0,10.936624,2010s,Low,Low,Moderate
Belgium,BEL,EUR,2011,11038623,1100.0,10.0,65.0,0.59,6.0,11.038623,2010s,Low,Low,Moderate
Belgium,BEL,EUR,2012,11107507,1100.0,9.7,68.0,0.61,6.0,11.107507,2010s,Low,Low,Moderate
Belgium,BEL,EUR,2013,11160274,1100.0,9.5,63.0,0.57,6.0,11.160274,2010s,Low,Low,Moderate
Belgium,BEL,EUR,2014,11210120,1000.0,9.2,48.0,0.43,5.0,11.21012,2010s,Low,Low,Low
Belgium,BEL,EUR,2015,11275332,1100.0,9.5,67.0,0.6,6.0,11.275332,2010s,Low,Low,Moderate
Belgium,BEL,EUR,2016,11332700,1100.0,10.0,39.0,0.35,4.0,11.3327,2010s,Low,Low,Low
Belgium,BEL,EUR,2017,11376576,1100.0,9.2,50.0,0.44,5.0,11.376576,2010s,Low,Low,Low
Belgium,BEL,EUR,2018,11428600,1000.0,9.1,49.0,0.43,5.0,11.4286,2010s,Low,Low,Low
Belgium,BEL,EUR,2019,11490615,1000.0,8.9,67.0,0.59,7.0,11.490615,2010s,Low,Low,Moderate
Belgium,BEL,EUR,2020,11540111,900.0,7.8,47.0,0.41,5.0,11.540111,2020s,Low,Low,Low
Belgium,BEL,EUR,2021,11570844,950.0,8.2,28.0,0.24,3.0,11.570844,2020s,Low,Low,Low
Belgium,BEL,EUR,2022,11641823,910.0,7.8,40.0,0.34,4.0,11.641823,2020s,Low,Low,Low
Belgium,BEL,EUR,2023,11712891,290.0,2.5,35.0,0.3,12.0,11.712891,2020s,Low,Low,High
Belgium,BEL,EUR,2024,11738764,320.0,2.7,36.0,0.3,11.0,11.738764,2020s,Low,Low,High
Belize,BLZ,AMR,2000,240793,270.0,113.0,25.0,10.0,9.0,0.240793,2000s,Medium,Low,Moderate
Belize,BLZ,AMR,2001,248378,330.0,131.0,40.0,16.0,12.0,0.248378,2000s,Medium,Low,High
Belize,BLZ,AMR,2002,256006,300.0,119.0,34.0,13.0,11.0,0.256006,2000s,Medium,Low,High
Belize,BLZ,AMR,2003,263786,210.0,80.0,27.0,10.0,13.0,0.263786,2000s,Low,Low,High
Belize,BLZ,AMR,2004,271693,170.0,61.0,20.0,7.2,12.0,0.271693,2000s,Low,Low,High
Belize,BLZ,AMR,2005,279732,190.0,70.0,25.0,8.9,13.0,0.279732,2000s,Low,Low,High
Belize,BLZ,AMR,2006,287889,160.0,55.0,22.0,7.8,14.0,0.287889,2000s,Low,Low,High
Belize,BLZ,AMR,2007,296099,110.0,38.0,15.0,4.9,13.0,0.296099,2000s,Low,Low,High
Belize,BLZ,AMR,2008,304364,150.0,50.0,27.0,8.9,18.0,0.304364,2000s,Low,Low,High
Belize,BLZ,AMR,2009,312616,150.0,48.0,23.0,7.2,15.0,0.312616,2000s,Low,Low,High
Belize,BLZ,AMR,2010,320236,240.0,75.0,29.0,9.1,12.0,0.320236,2010s,Low,Low,High
Belize,BLZ,AMR,2011,327304,120.0,36.0,27.0,8.2,23.0,0.327304,2010s,Low,Low,High
Belize,BLZ,AMR,2012,334417,130.0,40.0,17.0,5.0,13.0,0.334417,2010s,Low,Low,High
Belize,BLZ,AMR,2013,341628,190.0,55.0,27.0,7.8,14.0,0.341628,2010s,Low,Low,High
Belize,BLZ,AMR,2014,348921,110.0,31.0,18.0,5.2,17.0,0.348921,2010s,Low,Low,High
Belize,BLZ,AMR,2015,356333,120.0,33.0,15.0,4.1,13.0,0.356333,2010s,Low,Low,High
Belize,BLZ,AMR,2016,364704,180.0,49.0,25.0,6.8,14.0,0.364704,2010s,Low,Low,High
Belize,BLZ,AMR,2017,373200,180.0,47.0,26.0,7.0,15.0,0.3732,2010s,Low,Low,High
Belize,BLZ,AMR,2018,380214,150.0,39.0,20.0,5.2,14.0,0.380214,2010s,Low,Low,High
Belize,BLZ,AMR,2019,385830,130.0,35.0,14.0,3.7,11.0,0.38583,2010s,Low,Low,High
Belize,BLZ,AMR,2020,390809,130.0,34.0,15.0,3.9,12.0,0.390809,2020s,Low,Low,High
Belize,BLZ,AMR,2021,395343,140.0,35.0,16.0,4.1,12.0,0.395343,2020s,Low,Low,High
Belize,BLZ,AMR,2022,402727,140.0,35.0,15.0,3.8,11.0,0.402727,2020s,Low,Low,High
Belize,BLZ,AMR,2023,411105,140.0,34.0,15.0,3.6,11.0,0.411105,2020s,Low,Low,High
Belize,BLZ,AMR,2024,417069,140.0,34.0,15.0,3.6,11.0,0.417069,2020s,Low,Low,High
Benin,BEN,AFR,2000,7221619,5100.0,71.0,1400.0,20.0,30.0,7.221619,2000s,Low,Low,High
Benin,BEN,AFR,2001,7445589,5600.0,75.0,1600.0,22.0,31.0,7.445589,2000s,Low,Moderate,High
Benin,BEN,AFR,2002,7675440,6000.0,78.0,1700.0,22.0,30.0,7.67544,2000s,Low,Moderate,High
Benin,BEN,AFR,2003,7913076,6300.0,80.0,1800.0,23.0,30.0,7.913076,2000s,Low,Moderate,High
Benin,BEN,AFR,2004,8159100,6700.0,82.0,1900.0,23.0,30.0,8.1591,2000s,Low,Moderate,High
Benin,BEN,AFR,2005,8426142,7000.0,83.0,2000.0,24.0,29.0,8.426142,2000s,Low,Moderate,High
Benin,BEN,AFR,2006,8693239,7300.0,84.0,1900.0,22.0,27.0,8.693239,2000s,Low,Moderate,High
Benin,BEN,AFR,2007,8953960,7500.0,84.0,2000.0,23.0,28.0,8.95396,2000s,Low,Moderate,High
Benin,BEN,AFR,2008,9228468,7600.0,83.0,2000.0,22.0,27.0,9.228468,2000s,Low,Moderate,High
Benin,BEN,AFR,2009,9509423,7700.0,81.0,2000.0,21.0,27.0,9.509423,2000s,Low,Moderate,High
Benin,BEN,AFR,2010,9797482,7700.0,79.0,2100.0,21.0,28.0,9.797482,2010s,Low,Moderate,High
Benin,BEN,AFR,2011,10093623,7600.0,76.0,1900.0,18.0,25.0,10.093623,2010s,Low,Low,High
Benin,BEN,AFR,2012,10397662,7500.0,73.0,1900.0,18.0,26.0,10.397662,2010s,Low,Low,High
Benin,BEN,AFR,2013,10708832,7400.0,69.0,1900.0,18.0,27.0,10.708832,2010s,Low,Low,High
Benin,BEN,AFR,2014,11030008,7200.0,66.0,1800.0,16.0,26.0,11.030008,2010s,Low,Low,High
Benin,BEN,AFR,2015,11360687,7100.0,62.0,1700.0,15.0,25.0,11.360687,2010s,Low,Low,High
Benin,BEN,AFR,2016,11697840,6900.0,59.0,1600.0,14.0,25.0,11.69784,2010s,Low,Low,High
Benin,BEN,AFR,2017,12039789,6800.0,56.0,1700.0,14.0,27.0,12.039789,2010s,Low,Low,High
Benin,BEN,AFR,2018,12383348,6600.0,53.0,1400.0,11.0,23.0,12.383348,2010s,Low,Low,High
Benin,BEN,AFR,2019,12726759,6400.0,51.0,1200.0,9.7,21.0,12.726759,2010s,Low,Low,High
Benin,BEN,AFR,2020,13070168,6300.0,48.0,1300.0,9.9,23.0,13.070168,2020s,Low,Low,High
Benin,BEN,AFR,2021,13413413,6200.0,46.0,1300.0,9.7,25.0,13.413413,2020s,Low,Low,High
Benin,BEN,AFR,2022,13759490,6000.0,44.0,1000.0,7.6,21.0,13.75949,2020s,Low,Low,High
Benin,BEN,AFR,2023,14111025,5900.0,42.0,900.0,6.4,19.0,14.111025,2020s,Low,Low,High
Benin,BEN,AFR,2024,14462723,5800.0,40.0,960.0,6.6,21.0,14.462723,2020s,Low,Low,High
Bermuda,BMU,AMR,2000,61550,0.0,0.0,0.0,0.0,,0.06155,2000s,,,
Bermuda,BMU,AMR,2001,61848,0.0,0.0,0.0,0.0,,0.061848,2000s,,,
Bermuda,BMU,AMR,2002,62142,0.0,0.0,0.0,0.0,,0.062142,2000s,,,
Bermuda,BMU,AMR,2003,62384,3.0,4.7,0.0,0.14,,0.062384,2000s,Low,Low,
Bermuda,BMU,AMR,2004,62549,6.0,9.6,0.0,0.29,,0.062549,2000s,Low,Low,
Bermuda,BMU,AMR,2005,62711,4.0,6.9,0.0,0.21,,0.062711,2000s,Low,Low,
Bermuda,BMU,AMR,2006,62818,3.0,4.8,0.0,0.14,,0.062818,2000s,Low,Low,
Bermuda,BMU,AMR,2007,63010,3.0,4.1,0.0,0.12,,0.06301,2000s,Low,Low,
Bermuda,BMU,AMR,2008,63291,2.0,3.3,0.0,0.1,,0.063291,2000s,Low,Low,
Bermuda,BMU,AMR,2009,63569,2.0,2.5,0.0,0.07,,0.063569,2000s,Low,Low,
Bermuda,BMU,AMR,2010,63724,1.0,1.6,0.0,0.05,,0.063724,2010s,Low,Low,
Bermuda,BMU,AMR,2011,63734,1.0,1.6,0.0,0.05,,0.063734,2010s,Low,Low,
Bermuda,BMU,AMR,2012,63647,3.0,4.7,0.0,0.14,,0.063647,2010s,Low,Low,
Bermuda,BMU,AMR,2013,63576,0.0,0.0,0.0,0.0,,0.063576,2010s,,,
Bermuda,BMU,AMR,2014,63532,0.0,0.0,0.0,0.0,,0.063532,2010s,,,
Bermuda,BMU,AMR,2015,63463,0.0,0.0,0.0,0.0,,0.063463,2010s,,,
Bermuda,BMU,AMR,2016,63449,2.0,3.2,0.0,0.09,,0.063449,2010s,Low,Low,
Bermuda,BMU,AMR,2017,63576,2.0,3.1,0.0,0.09,,0.063576,2010s,Low,Low,
Bermuda,BMU,AMR,2018,63836,2.0,3.1,0.0,0.09,,0.063836,2010s,Low,Low,
Bermuda,BMU,AMR,2019,64101,2.0,3.1,0.0,0.09,,0.064101,2010s,Low,Low,
Bermuda,BMU,AMR,2020,64384,3.0,4.7,0.0,0.23,,0.064384,2020s,Low,Low,
Bermuda,BMU,AMR,2021,64639,2.0,3.1,0.0,0.09,,0.064639,2020s,Low,Low,
Bermuda,BMU,AMR,2022,64750,1.0,1.5,0.0,0.14,,0.06475,2020s,Low,Low,
Bermuda,BMU,AMR,2023,64703,2.0,3.1,0.0,0.09,,0.064703,2020s,Low,Low,
Bermuda,BMU,AMR,2024,64634,2.0,3.1,0.0,0.09,,0.064634,2020s,Low,Low,
Bhutan,BTN,SEA,2000,596861,4000.0,667.0,1300.0,217.0,33.0,0.596861,2000s,High,High,High
Bhutan,BTN,SEA,2001,610785,3600.0,587.0,1200.0,190.0,33.0,0.610785,2000s,High,High,High
Bhutan,BTN,SEA,2002,624414,3700.0,598.0,1200.0,193.0,33.0,0.624414,2000s,High,High,High
Bhutan,BTN,SEA,2003,637659,3500.0,547.0,1100.0,176.0,32.0,0.637659,2000s,High,High,High
Bhutan,BTN,SEA,2004,650537,3300.0,512.0,1100.0,164.0,32.0,0.650537,2000s,High,High,High
Bhutan,BTN,SEA,2005,661865,3400.0,508.0,1100.0,163.0,32.0,0.661865,2000s,High,High,High
Bhutan,BTN,SEA,2006,670797,2900.0,429.0,900.0,135.0,32.0,0.670797,2000s,High,High,High
Bhutan,BTN,SEA,2007,678641,3000.0,436.0,910.0,134.0,31.0,0.678641,2000s,High,High,High
Bhutan,BTN,SEA,2008,686349,2700.0,393.0,810.0,118.0,30.0,0.686349,2000s,High,High,High
Bhutan,BTN,SEA,2009,693991,3000.0,432.0,880.0,126.0,29.0,0.693991,2000s,High,High,High
Bhutan,BTN,SEA,2010,701633,3300.0,474.0,950.0,135.0,29.0,0.701633,2010s,High,High,High
Bhutan,BTN,SEA,2011,709375,3000.0,421.0,820.0,116.0,28.0,0.709375,2010s,High,High,High
Bhutan,BTN,SEA,2012,717277,2600.0,363.0,700.0,97.0,27.0,0.717277,2010s,High,High,High
Bhutan,BTN,SEA,2013,725268,2400.0,328.0,620.0,85.0,26.0,0.725268,2010s,High,High,High
Bhutan,BTN,SEA,2014,733141,2300.0,307.0,550.0,75.0,25.0,0.733141,2010s,High,High,High
Bhutan,BTN,SEA,2015,740614,2000.0,264.0,460.0,62.0,24.0,0.740614,2010s,High,High,High
Bhutan,BTN,SEA,2016,747857,2200.0,298.0,500.0,67.0,23.0,0.747857,2010s,High,High,High
Bhutan,BTN,SEA,2017,754334,1600.0,216.0,360.0,47.0,22.0,0.754334,2010s,High,Moderate,High
Bhutan,BTN,SEA,2018,759759,1600.0,213.0,340.0,44.0,21.0,0.759759,2010s,High,Moderate,High
Bhutan,BTN,SEA,2019,764826,1700.0,226.0,340.0,45.0,20.0,0.764826,2010s,High,Moderate,High
Bhutan,BTN,SEA,2020,770012,1500.0,201.0,300.0,39.0,20.0,0.770012,2020s,High,Moderate,High
Bhutan,BTN,SEA,2021,775432,1400.0,185.0,280.0,35.0,19.0,0.775432,2020s,Medium,Moderate,High
Bhutan,BTN,SEA,2022,780925,1300.0,171.0,260.0,33.0,19.0,0.780925,2020s,Medium,Moderate,High
Bhutan,BTN,SEA,2023,786378,1400.0,179.0,270.0,35.0,19.0,0.786378,2020s,Medium,Moderate,High
Bhutan,BTN,SEA,2024,791519,1500.0,191.0,290.0,37.0,19.0,0.791519,2020s,Medium,Moderate,High
Bolivia (Plurinational State of),BOL,AMR,2000,8606329,35000.0,402.0,3500.0,40.0,10.0,8.606329,2000s,High,Moderate,Moderate
Bolivia (Plurinational State of),BOL,AMR,2001,8752736,33000.0,382.0,3100.0,35.0,9.0,8.752736,2000s,High,Moderate,Moderate
Bolivia (Plurinational State of),BOL,AMR,2002,8900359,32000.0,362.0,2800.0,32.0,9.0,8.900359,2000s,High,Moderate,Moderate
Bolivia (Plurinational State of),BOL,AMR,2003,9050700,31000.0,342.0,2600.0,29.0,9.0,9.0507,2000s,High,Moderate,Moderate
Bolivia (Plurinational State of),BOL,AMR,2004,9204287,30000.0,321.0,2500.0,27.0,8.0,9.204287,2000s,High,Moderate,Moderate
Bolivia (Plurinational State of),BOL,AMR,2005,9360756,28000.0,300.0,2400.0,25.0,9.0,9.360756,2000s,High,Moderate,Moderate
Bolivia (Plurinational State of),BOL,AMR,2006,9521689,27000.0,279.0,2300.0,24.0,9.0,9.521689,2000s,High,Moderate,Moderate
Bolivia (Plurinational State of),BOL,AMR,2007,9685953,25000.0,257.0,2200.0,23.0,9.0,9.685953,2000s,High,Moderate,Moderate
Bolivia (Plurinational State of),BOL,AMR,2008,9850866,23000.0,235.0,2100.0,21.0,9.0,9.850866,2000s,High,Moderate,Moderate
Bolivia (Plurinational State of),BOL,AMR,2009,10016280,21000.0,214.0,2000.0,20.0,9.0,10.01628,2000s,High,Low,Moderate
Bolivia (Plurinational State of),BOL,AMR,2010,10182342,20000.0,195.0,1800.0,18.0,9.0,10.182342,2010s,Medium,Low,Moderate
Bolivia (Plurinational State of),BOL,AMR,2011,10348919,18000.0,177.0,1700.0,17.0,10.0,10.348919,2010s,Medium,Low,Moderate
Bolivia (Plurinational State of),BOL,AMR,2012,10515807,17000.0,161.0,1600.0,15.0,10.0,10.515807,2010s,Medium,Low,Moderate
Bolivia (Plurinational State of),BOL,AMR,2013,10682608,16000.0,147.0,1500.0,14.0,10.0,10.682608,2010s,Medium,Low,Moderate
Bolivia (Plurinational State of),BOL,AMR,2014,10848887,15000.0,134.0,1600.0,14.0,11.0,10.848887,2010s,Medium,Low,High
Bolivia (Plurinational State of),BOL,AMR,2015,11014701,14000.0,123.0,1500.0,14.0,11.0,11.014701,2010s,Medium,Low,High
Bolivia (Plurinational State of),BOL,AMR,2016,11180011,13000.0,113.0,1500.0,13.0,12.0,11.180011,2010s,Medium,Low,High
Bolivia (Plurinational State of),BOL,AMR,2017,11344596,12000.0,104.0,1400.0,13.0,12.0,11.344596,2010s,Medium,Low,High
Bolivia (Plurinational State of),BOL,AMR,2018,11508368,11000.0,98.0,1400.0,12.0,13.0,11.508368,2010s,Low,Low,High
Bolivia (Plurinational State of),BOL,AMR,2019,11671394,11000.0,95.0,1400.0,12.0,12.0,11.671394,2010s,Low,Low,High
Bolivia (Plurinational State of),BOL,AMR,2020,11816311,11000.0,94.0,1600.0,13.0,14.0,11.816311,2020s,Low,Low,High
Bolivia (Plurinational State of),BOL,AMR,2021,11937354,11000.0,96.0,1500.0,13.0,13.0,11.937354,2020s,Low,Low,High
Bolivia (Plurinational State of),BOL,AMR,2022,12077155,12000.0,99.0,1400.0,12.0,12.0,12.077155,2020s,Low,Low,High
Bolivia (Plurinational State of),BOL,AMR,2023,12244156,13000.0,105.0,1500.0,12.0,11.0,12.244156,2020s,Medium,Low,High
Bolivia (Plurinational State of),BOL,AMR,2024,12413309,14000.0,114.0,1500.0,12.0,11.0,12.413309,2020s,Medium,Low,High
Bosnia and Herzegovina,BIH,EUR,2000,4159771,6600.0,158.0,210.0,5.0,3.0,4.159771,2000s,Medium,Low,Low
Bosnia and Herzegovina,BIH,EUR,2001,4179440,5900.0,141.0,210.0,5.1,4.0,4.17944,2000s,Medium,Low,Low
Bosnia and Herzegovina,BIH,EUR,2002,4188004,3700.0,87.0,210.0,5.1,6.0,4.188004,2000s,Low,Low,Moderate
Bosnia and Herzegovina,BIH,EUR,2003,4178523,3500.0,84.0,220.0,5.2,6.0,4.178523,2000s,Low,Low,Moderate
Bosnia and Herzegovina,BIH,EUR,2004,4140990,4300.0,103.0,220.0,5.2,5.0,4.14099,2000s,Medium,Low,Low
Bosnia and Herzegovina,BIH,EUR,2005,4096499,3600.0,87.0,210.0,5.2,6.0,4.096499,2000s,Low,Low,Moderate
Bosnia and Herzegovina,BIH,EUR,2006,4063273,3000.0,73.0,210.0,5.2,7.0,4.063273,2000s,Low,Low,Moderate
Bosnia and Herzegovina,BIH,EUR,2007,4013421,4000.0,99.0,210.0,5.3,5.0,4.013421,2000s,Low,Low,Low
Bosnia and Herzegovina,BIH,EUR,2008,3947545,2900.0,73.0,210.0,5.2,7.0,3.947545,2000s,Low,Low,Moderate
Bosnia and Herzegovina,BIH,EUR,2009,3879794,2900.0,74.0,200.0,5.2,7.0,3.879794,2000s,Low,Low,Moderate
Bosnia and Herzegovina,BIH,EUR,2010,3811469,2200.0,57.0,190.0,5.1,9.0,3.811469,2010s,Low,Low,Moderate
Bosnia and Herzegovina,BIH,EUR,2011,3741788,2200.0,59.0,170.0,4.6,8.0,3.741788,2010s,Low,Low,Moderate
Bosnia and Herzegovina,BIH,EUR,2012,3670114,2200.0,61.0,170.0,4.6,8.0,3.670114,2010s,Low,Low,Moderate
Bosnia and Herzegovina,BIH,EUR,2013,3610856,2000.0,54.0,150.0,4.2,8.0,3.610856,2010s,Low,Low,Moderate
Bosnia and Herzegovina,BIH,EUR,2014,3564832,1800.0,51.0,120.0,3.4,7.0,3.564832,2010s,Low,Low,Moderate
Bosnia and Herzegovina,BIH,EUR,2015,3518539,1600.0,46.0,130.0,3.7,8.0,3.518539,2010s,Low,Low,Moderate
Bosnia and Herzegovina,BIH,EUR,2016,3472997,1300.0,38.0,110.0,3.2,8.0,3.472997,2010s,Low,Low,Moderate
Bosnia and Herzegovina,BIH,EUR,2017,3428681,1100.0,32.0,74.0,2.2,7.0,3.428681,2010s,Low,Low,Moderate
Bosnia and Herzegovina,BIH,EUR,2018,3386997,960.0,28.0,79.0,2.3,8.0,3.386997,2010s,Low,Low,Moderate
Bosnia and Herzegovina,BIH,EUR,2019,3345534,850.0,25.0,70.0,2.1,8.0,3.345534,2010s,Low,Low,Moderate
Bosnia and Herzegovina,BIH,EUR,2020,3299353,830.0,25.0,68.0,2.1,8.0,3.299353,2020s,Low,Low,Moderate
Bosnia and Herzegovina,BIH,EUR,2021,3244909,750.0,23.0,50.0,1.6,7.0,3.244909,2020s,Low,Low,Moderate
Bosnia and Herzegovina,BIH,EUR,2022,3204807,680.0,21.0,61.0,1.9,9.0,3.204807,2020s,Low,Low,Moderate
Bosnia and Herzegovina,BIH,EUR,2023,3185078,640.0,20.0,67.0,2.1,11.0,3.185078,2020s,Low,Low,High
Bosnia and Herzegovina,BIH,EUR,2024,3164245,650.0,21.0,0.0,0.01,0.0,3.164245,2020s,Low,Low,
Botswana,BWA,AFR,2000,1677378,16000.0,976.0,5700.0,341.0,35.0,1.677378,2000s,High,High,High
Botswana,BWA,AFR,2001,1712261,16000.0,938.0,5300.0,310.0,33.0,1.712261,2000s,High,High,High
Botswana,BWA,AFR,2002,1744766,16000.0,901.0,4700.0,269.0,30.0,1.744766,2000s,High,High,High
Botswana,BWA,AFR,2003,1775735,15000.0,863.0,4600.0,261.0,30.0,1.775735,2000s,High,High,High
Botswana,BWA,AFR,2004,1807148,15000.0,826.0,4200.0,231.0,28.0,1.807148,2000s,High,High,High
Botswana,BWA,AFR,2005,1839878,15000.0,788.0,3900.0,213.0,27.0,1.839878,2000s,High,High,High
Botswana,BWA,AFR,2006,1874512,14000.0,751.0,4600.0,244.0,32.0,1.874512,2000s,High,High,High
Botswana,BWA,AFR,2007,1911192,14000.0,714.0,4300.0,227.0,32.0,1.911192,2000s,High,High,High
Botswana,BWA,AFR,2008,1949960,13000.0,676.0,3500.0,179.0,26.0,1.94996,2000s,High,High,High
Botswana,BWA,AFR,2009,1990671,13000.0,639.0,3400.0,173.0,27.0,1.990671,2000s,High,High,High
Botswana,BWA,AFR,2010,2033112,12000.0,601.0,3900.0,193.0,32.0,2.033112,2010s,High,High,High
Botswana,BWA,AFR,2011,2073531,12000.0,568.0,3800.0,184.0,32.0,2.073531,2010s,High,High,High
Botswana,BWA,AFR,2012,2108613,11000.0,536.0,3300.0,156.0,29.0,2.108613,2010s,High,High,High
Botswana,BWA,AFR,2013,2140677,11000.0,503.0,3000.0,139.0,28.0,2.140677,2010s,High,High,High
Botswana,BWA,AFR,2014,2172038,10000.0,470.0,3100.0,142.0,30.0,2.172038,2010s,High,High,High
Botswana,BWA,AFR,2015,2203274,9600.0,437.0,3300.0,150.0,34.0,2.203274,2010s,High,High,High
Botswana,BWA,AFR,2016,2234775,9000.0,405.0,2700.0,119.0,29.0,2.234775,2010s,High,High,High
Botswana,BWA,AFR,2017,2266743,8400.0,372.0,2200.0,97.0,26.0,2.266743,2010s,High,High,High
Botswana,BWA,AFR,2018,2299141,7800.0,339.0,2200.0,97.0,29.0,2.299141,2010s,High,High,High
Botswana,BWA,AFR,2019,2332084,7100.0,306.0,2600.0,112.0,37.0,2.332084,2010s,High,High,High
Botswana,BWA,AFR,2020,2365899,6500.0,274.0,2500.0,108.0,39.0,2.365899,2020s,High,High,High
Botswana,BWA,AFR,2021,2401443,5800.0,241.0,2200.0,91.0,38.0,2.401443,2020s,High,High,High
Botswana,BWA,AFR,2022,2439891,5100.0,208.0,1600.0,66.0,32.0,2.439891,2020s,High,High,High
Botswana,BWA,AFR,2023,2480246,4400.0,175.0,1600.0,66.0,38.0,2.480246,2020s,Medium,High,High
Botswana,BWA,AFR,2024,2521126,3600.0,143.0,830.0,33.0,24.0,2.521126,2020s,Medium,Moderate,High
Brazil,BRA,AMR,2000,174018285,85000.0,49.0,8400.0,4.8,10.0,174.018285,2000s,Low,Low,Moderate
Brazil,BRA,AMR,2001,176301200,81000.0,46.0,8000.0,4.5,10.0,176.3012,2000s,Low,Low,Moderate
Brazil,BRA,AMR,2002,178503477,89000.0,50.0,7500.0,4.2,9.0,178.503477,2000s,Low,Low,Moderate
Brazil,BRA,AMR,2003,180622693,91000.0,51.0,7300.0,4.1,8.0,180.622693,2000s,Low,Low,Moderate
Brazil,BRA,AMR,2004,182675137,95000.0,52.0,7300.0,4.0,8.0,182.675137,2000s,Low,Low,Moderate
Brazil,BRA,AMR,2005,184688111,88000.0,48.0,6900.0,3.7,8.0,184.688111,2000s,Low,Low,Moderate
Brazil,BRA,AMR,2006,186653109,82000.0,44.0,6800.0,3.6,8.0,186.653109,2000s,Low,Low,Moderate
Brazil,BRA,AMR,2007,188552322,82000.0,44.0,6600.0,3.5,8.0,188.552322,2000s,Low,Low,Moderate
Brazil,BRA,AMR,2008,190367299,84000.0,44.0,6800.0,3.6,8.0,190.367299,2000s,Low,Low,Moderate
Brazil,BRA,AMR,2009,192079956,83000.0,43.0,6700.0,3.5,8.0,192.079956,2000s,Low,Low,Moderate
Brazil,BRA,AMR,2010,193701928,82000.0,42.0,7500.0,3.9,9.0,193.701928,2010s,Low,Low,Moderate
Brazil,BRA,AMR,2011,195284741,83000.0,42.0,7300.0,3.7,9.0,195.284741,2010s,Low,Low,Moderate
Brazil,BRA,AMR,2012,196876113,83000.0,42.0,7100.0,3.6,9.0,196.876113,2010s,Low,Low,Moderate
Brazil,BRA,AMR,2013,198478300,84000.0,42.0,7200.0,3.6,9.0,198.4783,2010s,Low,Low,Moderate
Brazil,BRA,AMR,2014,200085119,83000.0,41.0,6900.0,3.5,9.0,200.085119,2010s,Low,Low,Moderate
Brazil,BRA,AMR,2015,201675529,83000.0,41.0,6800.0,3.4,8.0,201.675529,2010s,Low,Low,Moderate
Brazil,BRA,AMR,2016,203218122,84000.0,41.0,6600.0,3.2,8.0,203.218122,2010s,Low,Low,Moderate
Brazil,BRA,AMR,2017,204703451,88000.0,43.0,6700.0,3.3,8.0,204.703451,2010s,Low,Low,Moderate
Brazil,BRA,AMR,2018,206107261,93000.0,45.0,6600.0,3.2,7.0,206.107261,2010s,Low,Low,Moderate
Brazil,BRA,AMR,2019,207455451,94000.0,45.0,6600.0,3.2,7.0,207.455451,2010s,Low,Low,Moderate
Brazil,BRA,AMR,2020,208660841,93000.0,45.0,6700.0,3.2,7.0,208.660841,2020s,Low,Low,Moderate
Brazil,BRA,AMR,2021,209550290,98000.0,47.0,7500.0,3.6,8.0,209.55029,2020s,Low,Low,Moderate
Brazil,BRA,AMR,2022,210306413,103000.0,49.0,10000.0,4.8,10.0,210.306413,2020s,Low,Low,Moderate
Brazil,BRA,AMR,2023,211140731,103000.0,49.0,8900.0,4.2,9.0,211.140731,2020s,Low,Low,Moderate
Brazil,BRA,AMR,2024,211998579,104000.0,49.0,9000.0,4.2,9.0,211.998579,2020s,Low,Low,Moderate
British Virgin Islands,VGB,AMR,2000,20245,1.0,4.9,0.0,0.15,,0.020245,2000s,Low,Low,
British Virgin Islands,VGB,AMR,2001,20795,1.0,4.8,0.0,0.14,,0.020795,2000s,Low,Low,
British Virgin Islands,VGB,AMR,2002,21431,1.0,4.7,0.0,0.14,,0.021431,2000s,Low,Low,
British Virgin Islands,VGB,AMR,2003,22129,1.0,4.5,0.0,0.14,,0.022129,2000s,Low,Low,
British Virgin Islands,VGB,AMR,2004,22877,2.0,8.7,0.0,0.26,,0.022877,2000s,Low,Low,
British Virgin Islands,VGB,AMR,2005,23661,0.0,0.0,0.0,0.0,,0.023661,2000s,,,
British Virgin Islands,VGB,AMR,2006,24502,0.0,0.0,0.0,0.0,,0.024502,2000s,,,
British Virgin Islands,VGB,AMR,2007,25361,0.0,0.0,0.0,0.0,,0.025361,2000s,,,
British Virgin Islands,VGB,AMR,2008,26297,0.0,1.2,0.0,0.04,,0.026297,2000s,Low,Low,
British Virgin Islands,VGB,AMR,2009,27214,1.0,2.4,0.0,0.07,,0.027214,2000s,Low,Low,
British Virgin Islands,VGB,AMR,2010,27676,1.0,3.6,0.0,0.11,,0.027676,2010s,Low,Low,
British Virgin Islands,VGB,AMR,2011,28706,0.0,0.0,0.0,0.0,,0.028706,2010s,,,
British Virgin Islands,VGB,AMR,2012,30342,0.0,0.0,0.0,0.0,,0.030342,2010s,,,
British Virgin Islands,VGB,AMR,2013,31699,1.0,3.2,0.0,0.09,,0.031699,2010s,Low,Low,
British Virgin Islands,VGB,AMR,2014,32965,0.0,0.0,0.0,0.0,,0.032965,2010s,,,
British Virgin Islands,VGB,AMR,2015,34504,0.0,0.0,0.0,0.0,,0.034504,2010s,,,
British Virgin Islands,VGB,AMR,2016,33883,0.0,0.0,0.0,0.0,,0.033883,2010s,,,
British Virgin Islands,VGB,AMR,2017,32696,0.0,1.4,0.0,0.04,,0.032696,2010s,Low,Low,
British Virgin Islands,VGB,AMR,2018,34657,1.0,2.9,0.0,0.09,,0.034657,2010s,Low,Low,
British Virgin Islands,VGB,AMR,2019,36387,1.0,2.3,0.0,0.07,,0.036387,2010s,Low,Low,
British Virgin Islands,VGB,AMR,2020,37128,1.0,1.7,0.0,0.05,,0.037128,2020s,Low,Low,
British Virgin Islands,VGB,AMR,2021,37805,0.0,1.2,0.0,0.03,,0.037805,2020s,Low,Low,
British Virgin Islands,VGB,AMR,2022,38319,0.0,0.58,0.0,0.02,,0.038319,2020s,Low,Low,
British Virgin Islands,VGB,AMR,2023,38989,0.0,0.0,0.0,0.0,,0.038989,2020s,,,
British Virgin Islands,VGB,AMR,2024,39469,0.0,0.0,0.0,0.0,,0.039469,2020s,,,
Brunei Darussalam,BRN,WPR,2000,326426,750.0,231.0,16.0,5.0,2.0,0.326426,2000s,High,Low,Low
Brunei Darussalam,BRN,WPR,2001,333349,490.0,146.0,14.0,4.2,3.0,0.333349,2000s,Medium,Low,Low
Brunei Darussalam,BRN,WPR,2002,340099,480.0,140.0,11.0,3.1,2.0,0.340099,2000s,Medium,Low,Low
Brunei Darussalam,BRN,WPR,2003,346642,400.0,116.0,10.0,2.9,3.0,0.346642,2000s,Medium,Low,Low
Brunei Darussalam,BRN,WPR,2004,352908,330.0,94.0,14.0,3.9,4.0,0.352908,2000s,Low,Low,Low
Brunei Darussalam,BRN,WPR,2005,358915,270.0,77.0,14.0,3.8,5.0,0.358915,2000s,Low,Low,Low
Brunei Darussalam,BRN,WPR,2006,364665,330.0,91.0,11.0,3.0,3.0,0.364665,2000s,Low,Low,Low
Brunei Darussalam,BRN,WPR,2007,370875,330.0,90.0,9.0,2.5,3.0,0.370875,2000s,Low,Low,Low
Brunei Darussalam,BRN,WPR,2008,377806,350.0,92.0,9.0,2.3,3.0,0.377806,2000s,Low,Low,Low
Brunei Darussalam,BRN,WPR,2009,384959,320.0,84.0,13.0,3.4,4.0,0.384959,2000s,Low,Low,Low
Brunei Darussalam,BRN,WPR,2010,392336,350.0,90.0,14.0,3.4,4.0,0.392336,2010s,Low,Low,Low
Brunei Darussalam,BRN,WPR,2011,399390,340.0,84.0,8.0,1.9,2.0,0.39939,2010s,Low,Low,Low
Brunei Darussalam,BRN,WPR,2012,405564,350.0,86.0,17.0,4.1,5.0,0.405564,2010s,Low,Low,Low
Brunei Darussalam,BRN,WPR,2013,411206,300.0,73.0,19.0,4.7,7.0,0.411206,2010s,Low,Low,Moderate
Brunei Darussalam,BRN,WPR,2014,416751,280.0,66.0,18.0,4.2,7.0,0.416751,2010s,Low,Low,Moderate
Brunei Darussalam,BRN,WPR,2015,422207,290.0,69.0,16.0,3.8,6.0,0.422207,2010s,Low,Low,Moderate
Brunei Darussalam,BRN,WPR,2016,427559,320.0,75.0,17.0,3.9,5.0,0.427559,2010s,Low,Low,Low
Brunei Darussalam,BRN,WPR,2017,432776,310.0,71.0,19.0,4.4,6.0,0.432776,2010s,Low,Low,Moderate
Brunei Darussalam,BRN,WPR,2018,437810,330.0,75.0,15.0,3.3,4.0,0.43781,2010s,Low,Low,Low
Brunei Darussalam,BRN,WPR,2019,442683,320.0,71.0,19.0,4.2,6.0,0.442683,2010s,Low,Low,Moderate
Brunei Darussalam,BRN,WPR,2020,447400,400.0,90.0,25.0,5.5,6.0,0.4474,2020s,Low,Low,Moderate
Brunei Darussalam,BRN,WPR,2021,451723,300.0,66.0,24.0,5.4,8.0,0.451723,2020s,Low,Low,Moderate
Brunei Darussalam,BRN,WPR,2022,455376,280.0,63.0,25.0,5.5,9.0,0.455376,2020s,Low,Low,Moderate
Brunei Darussalam,BRN,WPR,2023,458954,330.0,72.0,25.0,5.5,8.0,0.458954,2020s,Low,Low,Moderate
Brunei Darussalam,BRN,WPR,2024,462726,300.0,65.0,26.0,5.7,9.0,0.462726,2020s,Low,Low,Moderate
Bulgaria,BGR,EUR,2000,8000524,6600.0,83.0,390.0,4.8,6.0,8.000524,2000s,Low,Low,Moderate
Bulgaria,BGR,EUR,2001,7928450,7500.0,94.0,340.0,4.3,5.0,7.92845,2000s,Low,Low,Low
Bulgaria,BGR,EUR,2002,7861939,6300.0,80.0,330.0,4.2,5.0,7.861939,2000s,Low,Low,Low
Bulgaria,BGR,EUR,2003,7804417,6000.0,77.0,320.0,4.1,5.0,7.804417,2000s,Low,Low,Low
Bulgaria,BGR,EUR,2004,7749435,5500.0,71.0,310.0,4.0,6.0,7.749435,2000s,Low,Low,Moderate
Bulgaria,BGR,EUR,2005,7695057,5700.0,75.0,310.0,4.0,5.0,7.695057,2000s,Low,Low,Low
Bulgaria,BGR,EUR,2006,7640296,5500.0,72.0,300.0,4.0,6.0,7.640296,2000s,Low,Low,Moderate
Bulgaria,BGR,EUR,2007,7586881,4900.0,64.0,310.0,4.1,6.0,7.586881,2000s,Low,Low,Moderate
Bulgaria,BGR,EUR,2008,7535598,4900.0,66.0,260.0,3.5,5.0,7.535598,2000s,Low,Low,Low
Bulgaria,BGR,EUR,2009,7488011,4400.0,59.0,230.0,3.0,5.0,7.488011,2000s,Low,Low,Low
Bulgaria,BGR,EUR,2010,7437599,3900.0,53.0,220.0,2.9,6.0,7.437599,2010s,Low,Low,Moderate
Bulgaria,BGR,EUR,2011,7380013,3400.0,47.0,190.0,2.6,6.0,7.380013,2010s,Low,Low,Moderate
Bulgaria,BGR,EUR,2012,7317019,3200.0,44.0,190.0,2.5,6.0,7.317019,2010s,Low,Low,Moderate
Bulgaria,BGR,EUR,2013,7264601,2900.0,41.0,170.0,2.3,6.0,7.264601,2010s,Low,Low,Moderate
Bulgaria,BGR,EUR,2014,7223457,2700.0,38.0,140.0,1.9,5.0,7.223457,2010s,Low,Low,Low
Bulgaria,BGR,EUR,2015,7177516,2400.0,33.0,130.0,1.8,6.0,7.177516,2010s,Low,Low,Moderate
Bulgaria,BGR,EUR,2016,7127436,2200.0,31.0,120.0,1.7,6.0,7.127436,2010s,Low,Low,Moderate
Bulgaria,BGR,EUR,2017,7075629,2000.0,28.0,100.0,1.5,5.0,7.075629,2010s,Low,Low,Low
Bulgaria,BGR,EUR,2018,7024743,1800.0,25.0,100.0,1.5,6.0,7.024743,2010s,Low,Low,Moderate
Bulgaria,BGR,EUR,2019,6975478,1700.0,25.0,110.0,1.6,6.0,6.975478,2010s,Low,Low,Moderate
Bulgaria,BGR,EUR,2020,6933654,1200.0,17.0,82.0,1.2,7.0,6.933654,2020s,Low,Low,Moderate
Bulgaria,BGR,EUR,2021,6877224,900.0,13.0,59.0,0.86,7.0,6.877224,2020s,Low,Low,Moderate
Bulgaria,BGR,EUR,2022,6825865,1000.0,15.0,72.0,1.1,7.0,6.825865,2020s,Low,Low,Moderate
Bulgaria,BGR,EUR,2023,6795799,1100.0,17.0,96.0,1.4,9.0,6.795799,2020s,Low,Low,Moderate
Bulgaria,BGR,EUR,2024,6757686,830.0,12.0,95.0,1.4,12.0,6.757686,2020s,Low,Low,High
Burkina Faso,BFA,AFR,2000,11925544,11000.0,93.0,5000.0,42.0,51.0,11.925544,2000s,Low,Moderate,High
Burkina Faso,BFA,AFR,2001,12295003,11000.0,91.0,4900.0,40.0,49.0,12.295003,2000s,Low,Moderate,High
Burkina Faso,BFA,AFR,2002,12680895,11000.0,89.0,4800.0,38.0,47.0,12.680895,2000s,Low,Moderate,High
Burkina Faso,BFA,AFR,2003,13082527,11000.0,87.0,4700.0,36.0,45.0,13.082527,2000s,Low,Moderate,High
Burkina Faso,BFA,AFR,2004,13500534,12000.0,85.0,4500.0,34.0,44.0,13.500534,2000s,Low,Moderate,High
Burkina Faso,BFA,AFR,2005,13932122,12000.0,84.0,4300.0,31.0,41.0,13.932122,2000s,Low,Moderate,High
Burkina Faso,BFA,AFR,2006,14373711,12000.0,82.0,4400.0,30.0,41.0,14.373711,2000s,Low,Moderate,High
Burkina Faso,BFA,AFR,2007,14816301,12000.0,80.0,4500.0,30.0,42.0,14.816301,2000s,Low,Moderate,High
Burkina Faso,BFA,AFR,2008,15258096,12000.0,79.0,4100.0,27.0,38.0,15.258096,2000s,Low,Moderate,High
Burkina Faso,BFA,AFR,2009,15710065,12000.0,77.0,3900.0,25.0,36.0,15.710065,2000s,Low,Moderate,High
Burkina Faso,BFA,AFR,2010,16176495,12000.0,76.0,3900.0,24.0,35.0,16.176495,2010s,Low,Moderate,High
Burkina Faso,BFA,AFR,2011,16661907,12000.0,74.0,3700.0,22.0,33.0,16.661907,2010s,Low,Moderate,High
Burkina Faso,BFA,AFR,2012,17172281,12000.0,73.0,3700.0,22.0,33.0,17.172281,2010s,Low,Moderate,High
Burkina Faso,BFA,AFR,2013,17695406,13000.0,71.0,3700.0,21.0,32.0,17.695406,2010s,Low,Moderate,High
Burkina Faso,BFA,AFR,2014,18229464,13000.0,70.0,3600.0,20.0,31.0,18.229464,2010s,Low,Low,High
Burkina Faso,BFA,AFR,2015,18777482,13000.0,68.0,3600.0,19.0,31.0,18.777482,2010s,Low,Low,High
Burkina Faso,BFA,AFR,2016,19334855,13000.0,67.0,3600.0,19.0,31.0,19.334855,2010s,Low,Low,High
Burkina Faso,BFA,AFR,2017,19894401,13000.0,66.0,3700.0,18.0,31.0,19.894401,2010s,Low,Low,High
Burkina Faso,BFA,AFR,2018,20438280,13000.0,64.0,3500.0,17.0,30.0,20.43828,2010s,Low,Low,High
Burkina Faso,BFA,AFR,2019,20961951,13000.0,63.0,4000.0,19.0,33.0,20.961951,2010s,Low,Low,High
Burkina Faso,BFA,AFR,2020,21478686,13000.0,62.0,3700.0,17.0,31.0,21.478686,2020s,Low,Low,High
Burkina Faso,BFA,AFR,2021,21995233,13000.0,61.0,3100.0,14.0,26.0,21.995233,2020s,Low,Low,High
Burkina Faso,BFA,AFR,2022,22509032,13000.0,59.0,2900.0,13.0,24.0,22.509032,2020s,Low,Low,High
Burkina Faso,BFA,AFR,2023,23025766,13000.0,58.0,2400.0,11.0,20.0,23.025766,2020s,Low,Low,High
Burkina Faso,BFA,AFR,2024,23548779,13000.0,57.0,2100.0,9.0,18.0,23.548779,2020s,Low,Low,High
Burundi,BDI,AFR,2000,6470187,14000.0,213.0,4800.0,75.0,35.0,6.470187,2000s,High,High,High
Burundi,BDI,AFR,2001,6634369,14000.0,209.0,4600.0,70.0,34.0,6.634369,2000s,High,High,High
Burundi,BDI,AFR,2002,6824137,14000.0,205.0,4600.0,67.0,33.0,6.824137,2000s,High,High,High
Burundi,BDI,AFR,2003,7043147,14000.0,200.0,4300.0,61.0,31.0,7.043147,2000s,Medium,High,High
Burundi,BDI,AFR,2004,7310641,14000.0,194.0,4300.0,58.0,30.0,7.310641,2000s,Medium,High,High
Burundi,BDI,AFR,2005,7587297,14000.0,188.0,4400.0,58.0,31.0,7.587297,2000s,Medium,High,High
Burundi,BDI,AFR,2006,7865541,14000.0,182.0,4700.0,59.0,33.0,7.865541,2000s,Medium,High,High
Burundi,BDI,AFR,2007,8161876,14000.0,175.0,4600.0,56.0,32.0,8.161876,2000s,Medium,High,High
Burundi,BDI,AFR,2008,8505643,14000.0,168.0,4300.0,50.0,30.0,8.505643,2000s,Medium,Moderate,High
Burundi,BDI,AFR,2009,8947647,14000.0,160.0,4000.0,45.0,28.0,8.947647,2000s,Medium,Moderate,High
Burundi,BDI,AFR,2010,9376450,14000.0,154.0,3800.0,41.0,27.0,9.37645,2010s,Medium,Moderate,High
Burundi,BDI,AFR,2011,9717977,14000.0,148.0,4200.0,43.0,29.0,9.717977,2010s,Medium,Moderate,High
Burundi,BDI,AFR,2012,10071033,14000.0,142.0,4000.0,39.0,28.0,10.071033,2010s,Medium,Moderate,High
Burundi,BDI,AFR,2013,10439330,14000.0,136.0,3500.0,34.0,25.0,10.43933,2010s,Medium,Moderate,High
Burundi,BDI,AFR,2014,10799783,14000.0,130.0,3500.0,33.0,26.0,10.799783,2010s,Medium,Moderate,High
Burundi,BDI,AFR,2015,11047577,14000.0,124.0,3500.0,32.0,26.0,11.047577,2010s,Medium,Moderate,High
Burundi,BDI,AFR,2016,11239452,13000.0,118.0,3000.0,26.0,23.0,11.239452,2010s,Medium,Moderate,High
Burundi,BDI,AFR,2017,11506760,13000.0,112.0,2700.0,23.0,21.0,11.50676,2010s,Medium,Moderate,High
Burundi,BDI,AFR,2018,11859453,13000.0,106.0,2800.0,24.0,23.0,11.859453,2010s,Medium,Moderate,High
Burundi,BDI,AFR,2019,12255332,12000.0,102.0,2900.0,23.0,24.0,12.255332,2010s,Medium,Moderate,High
Burundi,BDI,AFR,2020,12617029,12000.0,97.0,2600.0,21.0,22.0,12.617029,2020s,Low,Moderate,High
Burundi,BDI,AFR,2021,12965488,12000.0,93.0,2600.0,20.0,22.0,12.965488,2020s,Low,Low,High
Burundi,BDI,AFR,2022,13321096,12000.0,89.0,2200.0,16.0,19.0,13.321096,2020s,Low,Low,High
Burundi,BDI,AFR,2023,13689449,12000.0,86.0,2000.0,14.0,18.0,13.689449,2020s,Low,Low,High
Burundi,BDI,AFR,2024,14047782,12000.0,83.0,1900.0,13.0,17.0,14.047782,2020s,Low,Low,High
Cabo Verde,CPV,AFR,2000,453322,800.0,176.0,90.0,20.0,11.0,0.453322,2000s,Medium,Low,High
Cabo Verde,CPV,AFR,2001,460289,780.0,168.0,77.0,17.0,10.0,0.460289,2000s,Medium,Low,Moderate
Cabo Verde,CPV,AFR,2002,467035,490.0,104.0,55.0,12.0,11.0,0.467035,2000s,Medium,Low,High
Cabo Verde,CPV,AFR,2003,473386,740.0,156.0,64.0,14.0,9.0,0.473386,2000s,Medium,Low,Moderate
Cabo Verde,CPV,AFR,2004,479368,650.0,135.0,58.0,12.0,9.0,0.479368,2000s,Medium,Low,Moderate
Cabo Verde,CPV,AFR,2005,485124,610.0,126.0,44.0,9.0,7.0,0.485124,2000s,Medium,Low,Moderate
Cabo Verde,CPV,AFR,2006,490726,520.0,106.0,53.0,11.0,10.0,0.490726,2000s,Medium,Low,Moderate
Cabo Verde,CPV,AFR,2007,496187,520.0,105.0,54.0,11.0,11.0,0.496187,2000s,Medium,Low,High
Cabo Verde,CPV,AFR,2008,501354,610.0,121.0,57.0,11.0,10.0,0.501354,2000s,Medium,Low,Moderate
Cabo Verde,CPV,AFR,2009,506137,580.0,114.0,55.0,11.0,10.0,0.506137,2000s,Medium,Low,Moderate
Cabo Verde,CPV,AFR,2010,509782,590.0,117.0,55.0,11.0,9.0,0.509782,2010s,Medium,Low,Moderate
Cabo Verde,CPV,AFR,2011,511447,620.0,121.0,62.0,12.0,10.0,0.511447,2010s,Medium,Low,Moderate
Cabo Verde,CPV,AFR,2012,511956,670.0,131.0,49.0,9.6,7.0,0.511956,2010s,Medium,Low,Moderate
Cabo Verde,CPV,AFR,2013,512224,470.0,92.0,35.0,6.8,7.0,0.512224,2010s,Low,Low,Moderate
Cabo Verde,CPV,AFR,2014,512338,420.0,81.0,34.0,6.7,8.0,0.512338,2010s,Low,Low,Moderate
Cabo Verde,CPV,AFR,2015,512397,400.0,78.0,36.0,7.1,9.0,0.512397,2010s,Low,Low,Moderate
Cabo Verde,CPV,AFR,2016,512551,360.0,70.0,31.0,6.0,9.0,0.512551,2010s,Low,Low,Moderate
Cabo Verde,CPV,AFR,2017,512894,360.0,70.0,34.0,6.6,10.0,0.512894,2010s,Low,Low,Moderate
Cabo Verde,CPV,AFR,2018,513414,290.0,56.0,34.0,6.6,12.0,0.513414,2010s,Low,Low,High
Cabo Verde,CPV,AFR,2019,514108,290.0,57.0,36.0,7.0,13.0,0.514108,2010s,Low,Low,High
Cabo Verde,CPV,AFR,2020,514686,290.0,57.0,36.0,7.0,12.0,0.514686,2020s,Low,Low,High
Cabo Verde,CPV,AFR,2021,516640,260.0,49.0,29.0,5.6,11.0,0.51664,2020s,Low,Low,High
Cabo Verde,CPV,AFR,2022,519741,200.0,39.0,24.0,4.7,12.0,0.519741,2020s,Low,Low,High
Cabo Verde,CPV,AFR,2023,522332,280.0,53.0,33.0,6.3,12.0,0.522332,2020s,Low,Low,High
Cabo Verde,CPV,AFR,2024,524877,250.0,47.0,30.0,5.7,12.0,0.524877,2020s,Low,Low,High
Cambodia,KHM,WPR,2000,12462329,106000.0,853.0,10000.0,81.0,10.0,12.462329,2000s,High,High,Moderate
Cambodia,KHM,WPR,2001,12658493,103000.0,815.0,9500.0,75.0,9.0,12.658493,2000s,High,High,Moderate
Cambodia,KHM,WPR,2002,12855242,99000.0,773.0,8800.0,69.0,9.0,12.855242,2000s,High,High,Moderate
Cambodia,KHM,WPR,2003,13050951,95000.0,728.0,8200.0,63.0,9.0,13.050951,2000s,High,High,Moderate
Cambodia,KHM,WPR,2004,13244730,90000.0,683.0,7600.0,57.0,9.0,13.24473,2000s,High,High,Moderate
Cambodia,KHM,WPR,2005,13439202,86000.0,640.0,7000.0,52.0,8.0,13.439202,2000s,High,High,Moderate
Cambodia,KHM,WPR,2006,13639030,81000.0,593.0,6400.0,47.0,8.0,13.63903,2000s,High,Moderate,Moderate
Cambodia,KHM,WPR,2007,13841776,76000.0,549.0,5900.0,42.0,8.0,13.841776,2000s,High,Moderate,Moderate
Cambodia,KHM,WPR,2008,14053479,72000.0,509.0,5400.0,39.0,8.0,14.053479,2000s,High,Moderate,Moderate
Cambodia,KHM,WPR,2009,14276813,68000.0,473.0,5100.0,35.0,8.0,14.276813,2000s,High,Moderate,Moderate
Cambodia,KHM,WPR,2010,14500733,64000.0,442.0,4700.0,33.0,8.0,14.500733,2010s,High,Moderate,Moderate
Cambodia,KHM,WPR,2011,14722592,61000.0,416.0,4500.0,30.0,7.0,14.722592,2010s,High,Moderate,Moderate
Cambodia,KHM,WPR,2012,14945080,59000.0,393.0,4200.0,28.0,7.0,14.94508,2010s,High,Moderate,Moderate
Cambodia,KHM,WPR,2013,15170201,57000.0,373.0,4000.0,27.0,7.0,15.170201,2010s,High,Moderate,Moderate
Cambodia,KHM,WPR,2014,15396774,55000.0,355.0,3900.0,25.0,7.0,15.396774,2010s,High,Moderate,Moderate
Cambodia,KHM,WPR,2015,15623257,53000.0,339.0,3700.0,24.0,7.0,15.623257,2010s,High,Moderate,Moderate
Cambodia,KHM,WPR,2016,15852819,52000.0,326.0,3600.0,23.0,7.0,15.852819,2010s,High,Moderate,Moderate
Cambodia,KHM,WPR,2017,16073368,50000.0,313.0,3500.0,22.0,7.0,16.073368,2010s,High,Moderate,Moderate
Cambodia,KHM,WPR,2018,16274532,49000.0,303.0,3400.0,21.0,7.0,16.274532,2010s,High,Moderate,Moderate
Cambodia,KHM,WPR,2019,16481306,48000.0,293.0,3300.0,20.0,7.0,16.481306,2010s,High,Low,Moderate
Cambodia,KHM,WPR,2020,16725472,48000.0,285.0,3200.0,19.0,7.0,16.725472,2020s,High,Low,Moderate
Cambodia,KHM,WPR,2021,16974300,47000.0,279.0,3300.0,19.0,7.0,16.9743,2020s,High,Low,Moderate
Cambodia,KHM,WPR,2022,17201724,48000.0,277.0,3400.0,20.0,7.0,17.201724,2020s,High,Low,Moderate
Cambodia,KHM,WPR,2023,17423885,48000.0,276.0,3300.0,19.0,7.0,17.423885,2020s,High,Low,Moderate
Cambodia,KHM,WPR,2024,17638793,48000.0,272.0,3200.0,18.0,7.0,17.638793,2020s,High,Low,Moderate
Cameroon,CMR,AFR,2000,14912630,13000.0,84.0,4800.0,32.0,41.0,14.91263,2000s,Low,Moderate,High
Cameroon,CMR,AFR,2001,15309492,20000.0,131.0,5900.0,39.0,30.0,15.309492,2000s,Medium,Moderate,High
Cameroon,CMR,AFR,2002,15725533,27000.0,172.0,10000.0,64.0,37.0,15.725533,2000s,Medium,High,High
Cameroon,CMR,AFR,2003,16160356,33000.0,206.0,11000.0,66.0,32.0,16.160356,2000s,High,High,High
Cameroon,CMR,AFR,2004,16610495,39000.0,234.0,13000.0,79.0,34.0,16.610495,2000s,High,High,High
Cameroon,CMR,AFR,2005,17074592,44000.0,255.0,14000.0,82.0,32.0,17.074592,2000s,High,High,High
Cameroon,CMR,AFR,2006,17550401,48000.0,271.0,15000.0,88.0,32.0,17.550401,2000s,High,High,High
Cameroon,CMR,AFR,2007,18049903,50000.0,279.0,17000.0,93.0,34.0,18.049903,2000s,High,High,High
Cameroon,CMR,AFR,2008,18574051,52000.0,280.0,17000.0,91.0,33.0,18.574051,2000s,High,High,High
Cameroon,CMR,AFR,2009,19113983,53000.0,278.0,18000.0,92.0,33.0,19.113983,2000s,High,High,High
Cameroon,CMR,AFR,2010,19668067,53000.0,271.0,17000.0,88.0,33.0,19.668067,2010s,High,High,High
Cameroon,CMR,AFR,2011,20232300,52000.0,259.0,17000.0,84.0,33.0,20.2323,2010s,High,High,High
Cameroon,CMR,AFR,2012,20809540,52000.0,248.0,16000.0,78.0,32.0,20.80954,2010s,High,High,High
Cameroon,CMR,AFR,2013,21402380,51000.0,238.0,16000.0,73.0,31.0,21.40238,2010s,High,High,High
Cameroon,CMR,AFR,2014,22059890,50000.0,226.0,15000.0,67.0,30.0,22.05989,2010s,High,High,High
Cameroon,CMR,AFR,2015,22763410,49000.0,214.0,14000.0,61.0,29.0,22.76341,2010s,High,High,High
Cameroon,CMR,AFR,2016,23454158,47000.0,202.0,13000.0,57.0,28.0,23.454158,2010s,High,High,High
Cameroon,CMR,AFR,2017,24128606,46000.0,189.0,13000.0,52.0,28.0,24.128606,2010s,Medium,High,High
Cameroon,CMR,AFR,2018,24806386,44000.0,177.0,12000.0,48.0,28.0,24.806386,2010s,Medium,Moderate,High
Cameroon,CMR,AFR,2019,25506095,43000.0,168.0,11000.0,42.0,25.0,25.506095,2010s,Medium,Moderate,High
Cameroon,CMR,AFR,2020,26210553,41000.0,158.0,11000.0,42.0,27.0,26.210553,2020s,Medium,Moderate,High
Cameroon,CMR,AFR,2021,26915765,40000.0,150.0,10000.0,37.0,25.0,26.915765,2020s,Medium,Moderate,High
Cameroon,CMR,AFR,2022,27632768,40000.0,143.0,8300.0,30.0,21.0,27.632768,2020s,Medium,Moderate,High
Cameroon,CMR,AFR,2023,28372684,39000.0,137.0,7700.0,27.0,20.0,28.372684,2020s,Medium,Moderate,High
Cameroon,CMR,AFR,2024,29123749,38000.0,132.0,6800.0,23.0,18.0,29.123749,2020s,Medium,Moderate,High
Canada,CAN,AMR,2000,30891798,2500.0,8.0,240.0,0.77,10.0,30.891798,2000s,Low,Low,Moderate
Canada,CAN,AMR,2001,31213576,2500.0,8.0,240.0,0.76,10.0,31.213576,2000s,Low,Low,Moderate
Canada,CAN,AMR,2002,31535575,2300.0,7.3,220.0,0.69,10.0,31.535575,2000s,Low,Low,Moderate
Canada,CAN,AMR,2003,31836477,2200.0,6.9,190.0,0.6,9.0,31.836477,2000s,Low,Low,Moderate
Canada,CAN,AMR,2004,32132682,2100.0,6.4,150.0,0.47,7.0,32.132682,2000s,Low,Low,Moderate
Canada,CAN,AMR,2005,32440185,2000.0,6.3,170.0,0.52,8.0,32.440185,2000s,Low,Low,Moderate
Canada,CAN,AMR,2006,32759168,2000.0,6.0,160.0,0.48,8.0,32.759168,2000s,Low,Low,Moderate
Canada,CAN,AMR,2007,33092162,1900.0,5.8,150.0,0.46,8.0,33.092162,2000s,Low,Low,Moderate
Canada,CAN,AMR,2008,33449085,2000.0,5.9,160.0,0.46,8.0,33.449085,2000s,Low,Low,Moderate
Canada,CAN,AMR,2009,33826373,1900.0,5.7,110.0,0.32,6.0,33.826373,2000s,Low,Low,Moderate
Canada,CAN,AMR,2010,34196897,1700.0,4.9,110.0,0.31,6.0,34.196897,2010s,Low,Low,Moderate
Canada,CAN,AMR,2011,34555451,1700.0,5.0,120.0,0.33,7.0,34.555451,2010s,Low,Low,Moderate
Canada,CAN,AMR,2012,34922506,1900.0,5.6,110.0,0.32,6.0,34.922506,2010s,Low,Low,Moderate
Canada,CAN,AMR,2013,35293430,1900.0,5.4,120.0,0.34,6.0,35.29343,2010s,Low,Low,Moderate
Canada,CAN,AMR,2014,35634258,1800.0,5.0,120.0,0.33,7.0,35.634258,2010s,Low,Low,Moderate
Canada,CAN,AMR,2015,35962230,1800.0,5.1,130.0,0.37,7.0,35.96223,2010s,Low,Low,Moderate
Canada,CAN,AMR,2016,36353341,1900.0,5.3,110.0,0.31,6.0,36.353341,2010s,Low,Low,Moderate
Canada,CAN,AMR,2017,36808500,2000.0,5.4,110.0,0.31,6.0,36.8085,2010s,Low,Low,Moderate
Canada,CAN,AMR,2018,37295012,2000.0,5.3,110.0,0.3,6.0,37.295012,2010s,Low,Low,Moderate
Canada,CAN,AMR,2019,37782926,2100.0,5.6,87.0,0.23,4.0,37.782926,2010s,Low,Low,Low
Canada,CAN,AMR,2020,38171900,1900.0,5.1,120.0,0.31,6.0,38.1719,2020s,Low,Low,Moderate
Canada,CAN,AMR,2021,38454059,2100.0,5.4,130.0,0.33,6.0,38.454059,2020s,Low,Low,Moderate
Canada,CAN,AMR,2022,38821262,2200.0,5.6,140.0,0.36,7.0,38.821262,2020s,Low,Low,Moderate
Canada,CAN,AMR,2023,39299105,2400.0,6.2,92.0,0.23,4.0,39.299105,2020s,Low,Low,Low
Canada,CAN,AMR,2024,39742434,2500.0,6.2,93.0,0.23,4.0,39.742434,2020s,Low,Low,Low
Cayman Islands,CYM,AMR,2000,39683,5.0,13.0,0.0,0.38,,0.039683,2000s,Low,Low,
Cayman Islands,CYM,AMR,2001,41081,1.0,2.4,0.0,0.07,,0.041081,2000s,Low,Low,
Cayman Islands,CYM,AMR,2002,42512,0.0,0.0,0.0,0.0,,0.042512,2000s,,,
Cayman Islands,CYM,AMR,2003,43935,0.0,0.0,0.0,0.0,,0.043935,2000s,,,
Cayman Islands,CYM,AMR,2004,45356,1.0,2.2,0.0,0.07,,0.045356,2000s,Low,Low,
Cayman Islands,CYM,AMR,2005,46780,0.0,0.97,0.0,0.03,,0.04678,2000s,Low,Low,
Cayman Islands,CYM,AMR,2006,48230,0.0,0.0,0.0,0.0,,0.04823,2000s,,,
Cayman Islands,CYM,AMR,2007,49681,1.0,2.0,0.0,0.06,,0.049681,2000s,Low,Low,
Cayman Islands,CYM,AMR,2008,51154,1.0,2.0,0.0,0.06,,0.051154,2000s,Low,Low,
Cayman Islands,CYM,AMR,2009,52621,2.0,3.8,0.0,0.11,,0.052621,2000s,Low,Low,
Cayman Islands,CYM,AMR,2010,54112,4.0,7.4,0.0,0.22,,0.054112,2010s,Low,Low,
Cayman Islands,CYM,AMR,2011,55611,2.0,3.6,0.0,0.11,,0.055611,2010s,Low,Low,
Cayman Islands,CYM,AMR,2012,57137,6.0,11.0,0.0,0.32,,0.057137,2010s,Low,Low,
Cayman Islands,CYM,AMR,2013,58654,5.0,8.5,0.0,0.36,,0.058654,2010s,Low,Low,
Cayman Islands,CYM,AMR,2014,60162,0.0,0.0,0.0,0.0,,0.060162,2010s,,,
Cayman Islands,CYM,AMR,2015,61644,7.0,11.0,0.0,0.48,,0.061644,2010s,Low,Low,
Cayman Islands,CYM,AMR,2016,63103,3.0,4.8,0.0,0.2,,0.063103,2010s,Low,Low,
Cayman Islands,CYM,AMR,2017,64544,4.0,6.2,0.0,0.19,,0.064544,2010s,Low,Low,
Cayman Islands,CYM,AMR,2018,65939,3.0,4.5,0.0,0.14,,0.065939,2010s,Low,Low,
Cayman Islands,CYM,AMR,2019,67323,4.0,5.9,0.0,0.18,,0.067323,2010s,Low,Low,
Cayman Islands,CYM,AMR,2020,68687,2.0,2.9,0.0,0.09,,0.068687,2020s,Low,Low,
Cayman Islands,CYM,AMR,2021,70113,2.0,2.9,0.0,0.09,,0.070113,2020s,Low,Low,
Cayman Islands,CYM,AMR,2022,71594,6.0,8.4,0.0,0.25,,0.071594,2020s,Low,Low,
Cayman Islands,CYM,AMR,2023,73035,3.0,4.1,0.0,0.12,,0.073035,2020s,Low,Low,
Cayman Islands,CYM,AMR,2024,74462,4.0,4.9,0.0,0.15,,0.074462,2020s,Low,Low,
Central African Republic,CAF,AFR,2000,3833419,26000.0,681.0,15000.0,401.0,65.0,3.833419,2000s,High,High,High
Central African Republic,CAF,AFR,2001,3919495,26000.0,667.0,15000.0,387.0,64.0,3.919495,2000s,High,High,High
Central African Republic,CAF,AFR,2002,4006073,26000.0,654.0,14000.0,338.0,57.0,4.006073,2000s,High,High,High
Central African Republic,CAF,AFR,2003,4103088,26000.0,641.0,14000.0,338.0,58.0,4.103088,2000s,High,High,High
Central African Republic,CAF,AFR,2004,4192826,26000.0,628.0,14000.0,328.0,58.0,4.192826,2000s,High,High,High
Central African Republic,CAF,AFR,2005,4288809,26000.0,615.0,14000.0,330.0,59.0,4.288809,2000s,High,High,High
Central African Republic,CAF,AFR,2006,4377583,26000.0,603.0,13000.0,289.0,53.0,4.377583,2000s,High,High,High
Central African Republic,CAF,AFR,2007,4462763,26000.0,591.0,13000.0,284.0,53.0,4.462763,2000s,High,High,High
Central African Republic,CAF,AFR,2008,4558988,26000.0,579.0,12000.0,267.0,51.0,4.558988,2000s,High,High,High
Central African Republic,CAF,AFR,2009,4529048,26000.0,568.0,11000.0,235.0,46.0,4.529048,2000s,High,High,High
Central African Republic,CAF,AFR,2010,4492994,25000.0,556.0,11000.0,250.0,50.0,4.492994,2010s,High,High,High
Central African Republic,CAF,AFR,2011,4565022,25000.0,545.0,12000.0,254.0,52.0,4.565022,2010s,High,High,High
Central African Republic,CAF,AFR,2012,4610845,25000.0,534.0,10000.0,218.0,45.0,4.610845,2010s,High,High,High
Central African Republic,CAF,AFR,2013,4642414,24000.0,524.0,9500.0,204.0,43.0,4.642414,2010s,High,High,High
Central African Republic,CAF,AFR,2014,4623184,24000.0,513.0,8200.0,177.0,38.0,4.623184,2010s,High,High,High
Central African Republic,CAF,AFR,2015,4629322,23000.0,503.0,7600.0,165.0,36.0,4.629322,2010s,High,High,High
Central African Republic,CAF,AFR,2016,4713664,23000.0,493.0,7400.0,157.0,35.0,4.713664,2010s,High,High,High
Central African Republic,CAF,AFR,2017,4793509,23000.0,483.0,7600.0,158.0,36.0,4.793509,2010s,High,High,High
Central African Republic,CAF,AFR,2018,4878659,23000.0,473.0,6900.0,141.0,33.0,4.878659,2010s,High,High,High
Central African Republic,CAF,AFR,2019,4944696,23000.0,464.0,6200.0,125.0,30.0,4.944696,2010s,High,High,High
Central African Republic,CAF,AFR,2020,5026626,23000.0,455.0,6100.0,121.0,29.0,5.026626,2020s,High,High,High
Central African Republic,CAF,AFR,2021,5112092,23000.0,446.0,5700.0,111.0,27.0,5.112092,2020s,High,High,High
Central African Republic,CAF,AFR,2022,5098039,22000.0,437.0,4700.0,92.0,23.0,5.098039,2020s,High,High,High
Central African Republic,CAF,AFR,2023,5152418,22000.0,428.0,4400.0,85.0,22.0,5.152418,2020s,High,High,High
Central African Republic,CAF,AFR,2024,5330691,22000.0,419.0,4000.0,75.0,20.0,5.330691,2020s,High,High,High
Chad,TCD,AFR,2000,8512097,10000.0,123.0,3400.0,40.0,33.0,8.512097,2000s,Medium,Moderate,High
Chad,TCD,AFR,2001,8804118,11000.0,123.0,3400.0,39.0,32.0,8.804118,2000s,Medium,Moderate,High
Chad,TCD,AFR,2002,9116187,11000.0,124.0,3500.0,38.0,31.0,9.116187,2000s,Medium,Moderate,High
Chad,TCD,AFR,2003,9487822,12000.0,126.0,3900.0,42.0,34.0,9.487822,2000s,Medium,Moderate,High
Chad,TCD,AFR,2004,9920036,13000.0,129.0,4200.0,42.0,33.0,9.920036,2000s,Medium,Moderate,High
Chad,TCD,AFR,2005,10328078,14000.0,133.0,4000.0,39.0,30.0,10.328078,2000s,Medium,Moderate,High
Chad,TCD,AFR,2006,10706422,15000.0,137.0,4600.0,43.0,32.0,10.706422,2000s,Medium,Moderate,High
Chad,TCD,AFR,2007,11081665,16000.0,143.0,5300.0,48.0,34.0,11.081665,2000s,Medium,Moderate,High
Chad,TCD,AFR,2008,11476289,17000.0,150.0,5600.0,49.0,33.0,11.476289,2000s,Medium,Moderate,High
Chad,TCD,AFR,2009,11893753,19000.0,157.0,5500.0,47.0,30.0,11.893753,2000s,Medium,Moderate,High
Chad,TCD,AFR,2010,12312578,20000.0,162.0,5700.0,46.0,29.0,12.312578,2010s,Medium,Moderate,High
Chad,TCD,AFR,2011,12754995,21000.0,166.0,5800.0,46.0,28.0,12.754995,2010s,Medium,Moderate,High
Chad,TCD,AFR,2012,13211001,22000.0,168.0,6300.0,48.0,29.0,13.211001,2010s,Medium,Moderate,High
Chad,TCD,AFR,2013,13691082,23000.0,167.0,6200.0,46.0,28.0,13.691082,2010s,Medium,Moderate,High
Chad,TCD,AFR,2014,14188684,23000.0,162.0,5900.0,42.0,26.0,14.188684,2010s,Medium,Moderate,High
Chad,TCD,AFR,2015,14647617,23000.0,157.0,6300.0,43.0,28.0,14.647617,2010s,Medium,Moderate,High
Chad,TCD,AFR,2016,15114656,23000.0,152.0,6600.0,44.0,29.0,15.114656,2010s,Medium,Moderate,High
Chad,TCD,AFR,2017,15622756,23000.0,145.0,5900.0,38.0,26.0,15.622756,2010s,Medium,Moderate,High
Chad,TCD,AFR,2018,16156532,23000.0,139.0,5100.0,32.0,23.0,16.156532,2010s,Medium,Moderate,High
Chad,TCD,AFR,2019,16685214,23000.0,135.0,4900.0,30.0,22.0,16.685214,2010s,Medium,Moderate,High
Chad,TCD,AFR,2020,17224672,22000.0,131.0,5200.0,30.0,23.0,17.224672,2020s,Medium,Moderate,High
Chad,TCD,AFR,2021,17828275,23000.0,127.0,4800.0,27.0,22.0,17.828275,2020s,Medium,Moderate,High
Chad,TCD,AFR,2022,18455314,23000.0,123.0,4300.0,24.0,19.0,18.455314,2020s,Medium,Moderate,High
Chad,TCD,AFR,2023,19319066,23000.0,120.0,4100.0,21.0,18.0,19.319066,2020s,Medium,Moderate,High
Chad,TCD,AFR,2024,20299127,24000.0,118.0,3800.0,19.0,16.0,20.299127,2020s,Medium,Low,High
Chile,CHL,AMR,2000,15503636,5100.0,33.0,810.0,5.2,16.0,15.503636,2000s,Low,Low,High
Chile,CHL,AMR,2001,15683847,4900.0,31.0,860.0,5.5,18.0,15.683847,2000s,Low,Low,High
Chile,CHL,AMR,2002,15857926,3800.0,24.0,780.0,4.9,21.0,15.857926,2000s,Low,Low,High
Chile,CHL,AMR,2003,16024750,3400.0,21.0,760.0,4.7,23.0,16.02475,2000s,Low,Low,High
Chile,CHL,AMR,2004,16187316,3900.0,24.0,800.0,4.9,21.0,16.187316,2000s,Low,Low,High
Chile,CHL,AMR,2005,16348786,3500.0,22.0,710.0,4.4,20.0,16.348786,2000s,Low,Low,High
Chile,CHL,AMR,2006,16509195,3500.0,21.0,690.0,4.2,20.0,16.509195,2000s,Low,Low,High
Chile,CHL,AMR,2007,16671580,3300.0,20.0,620.0,3.7,19.0,16.67158,2000s,Low,Low,High
Chile,CHL,AMR,2008,16838998,3300.0,20.0,510.0,3.0,16.0,16.838998,2000s,Low,Low,High
Chile,CHL,AMR,2009,17009736,3300.0,19.0,540.0,3.2,17.0,17.009736,2000s,Low,Low,High
Chile,CHL,AMR,2010,17181452,3200.0,19.0,610.0,3.5,19.0,17.181452,2010s,Low,Low,High
Chile,CHL,AMR,2011,17351818,3300.0,19.0,530.0,3.0,16.0,17.351818,2010s,Low,Low,High
Chile,CHL,AMR,2012,17519118,3200.0,18.0,550.0,3.1,18.0,17.519118,2010s,Low,Low,High
Chile,CHL,AMR,2013,17686999,3100.0,18.0,530.0,3.0,17.0,17.686999,2010s,Low,Low,High
Chile,CHL,AMR,2014,17864205,3100.0,17.0,430.0,2.4,14.0,17.864205,2010s,Low,Low,High
Chile,CHL,AMR,2015,18047626,3300.0,18.0,550.0,3.1,17.0,18.047626,2010s,Low,Low,High
Chile,CHL,AMR,2016,18267220,3200.0,17.0,500.0,2.8,16.0,18.26722,2010s,Low,Low,High
Chile,CHL,AMR,2017,18558871,3400.0,18.0,490.0,2.6,15.0,18.558871,2010s,Low,Low,High
Chile,CHL,AMR,2018,18893192,3600.0,19.0,430.0,2.3,12.0,18.893192,2010s,Low,Low,High
Chile,CHL,AMR,2019,19197744,3600.0,19.0,390.0,2.0,11.0,19.197744,2010s,Low,Low,High
Chile,CHL,AMR,2020,19370621,3000.0,15.0,350.0,1.8,12.0,19.370621,2020s,Low,Low,High
Chile,CHL,AMR,2021,19456337,3200.0,17.0,390.0,2.0,12.0,19.456337,2020s,Low,Low,High
Chile,CHL,AMR,2022,19553029,3500.0,18.0,430.0,2.2,12.0,19.553029,2020s,Low,Low,High
Chile,CHL,AMR,2023,19658834,3800.0,20.0,380.0,1.9,10.0,19.658834,2020s,Low,Low,Moderate
Chile,CHL,AMR,2024,19764765,3800.0,19.0,500.0,2.5,13.0,19.764765,2020s,Low,Low,High
China,CHN,WPR,2000,1269581178,1360000.0,107.0,126000.0,9.9,9.0,1269.581178,2000s,Medium,Low,Moderate
China,CHN,WPR,2001,1278725053,1330000.0,104.0,115000.0,9.0,9.0,1278.725053,2000s,Medium,Low,Moderate
China,CHN,WPR,2002,1286866836,1290000.0,100.0,105000.0,8.2,8.0,1286.866836,2000s,Low,Low,Moderate
China,CHN,WPR,2003,1294517325,1260000.0,97.0,96000.0,7.4,8.0,1294.517325,2000s,Low,Low,Moderate
China,CHN,WPR,2004,1302100319,1220000.0,94.0,76000.0,5.9,6.0,1302.100319,2000s,Low,Low,Moderate
China,CHN,WPR,2005,1310027136,1190000.0,91.0,77000.0,5.9,7.0,1310.027136,2000s,Low,Low,Moderate
China,CHN,WPR,2006,1318054033,1160000.0,88.0,71000.0,5.4,6.0,1318.054033,2000s,Low,Low,Moderate
China,CHN,WPR,2007,1325813580,1120000.0,85.0,65000.0,4.9,6.0,1325.81358,2000s,Low,Low,Moderate
China,CHN,WPR,2008,1333821021,1100000.0,82.0,59000.0,4.4,5.0,1333.821021,2000s,Low,Low,Low
China,CHN,WPR,2009,1342522712,1090000.0,81.0,58000.0,4.3,5.0,1342.522712,2000s,Low,Low,Low
China,CHN,WPR,2010,1351561515,1020000.0,76.0,56000.0,4.1,6.0,1351.561515,2010s,Low,Low,Moderate
China,CHN,WPR,2011,1360250669,1020000.0,75.0,49000.0,3.6,5.0,1360.250669,2010s,Low,Low,Low
China,CHN,WPR,2012,1369520867,1010000.0,73.0,45000.0,3.3,4.0,1369.520867,2010s,Low,Low,Low
China,CHN,WPR,2013,1379008044,959000.0,70.0,45000.0,3.3,5.0,1379.008044,2010s,Low,Low,Low
China,CHN,WPR,2014,1387951973,928000.0,67.0,42000.0,3.0,4.0,1387.951973,2010s,Low,Low,Low
China,CHN,WPR,2015,1396134174,905000.0,65.0,42000.0,3.0,5.0,1396.134174,2010s,Low,Low,Low
China,CHN,WPR,2016,1404052628,884000.0,63.0,42000.0,3.0,5.0,1404.052628,2010s,Low,Low,Low
China,CHN,WPR,2017,1412354727,879000.0,62.0,40000.0,2.8,4.0,1412.354727,2010s,Low,Low,Low
China,CHN,WPR,2018,1419008955,861000.0,61.0,36000.0,2.5,4.0,1419.008955,2010s,Low,Low,Low
China,CHN,WPR,2019,1423520349,827000.0,58.0,33000.0,2.3,4.0,1423.520349,2010s,Low,Low,Low
China,CHN,WPR,2020,1426106090,834000.0,58.0,33000.0,2.3,4.0,1426.10609,2020s,Low,Low,Low
China,CHN,WPR,2021,1426437266,781000.0,55.0,31000.0,2.1,4.0,1426.437266,2020s,Low,Low,Low
China,CHN,WPR,2022,1425179568,748000.0,52.0,31000.0,2.2,4.0,1425.179568,2020s,Low,Low,Low
China,CHN,WPR,2023,1422584930,741000.0,52.0,28000.0,2.0,4.0,1422.58493,2020s,Low,Low,Low
China,CHN,WPR,2024,1419321279,696000.0,49.0,28000.0,2.0,4.0,1419.321279,2020s,Low,Low,Low
"China, Hong Kong SAR",HKG,WPR,2000,6704666,14000.0,216.0,360.0,5.4,3.0,6.704666,2000s,High,Low,Low
"China, Hong Kong SAR",HKG,WPR,2001,6774238,16000.0,235.0,380.0,5.7,2.0,6.774238,2000s,High,Low,Low
"China, Hong Kong SAR",HKG,WPR,2002,6821412,14000.0,211.0,330.0,4.9,2.0,6.821412,2000s,High,Low,Low
"China, Hong Kong SAR",HKG,WPR,2003,6858913,13000.0,193.0,330.0,4.9,3.0,6.858913,2000s,Medium,Low,Low
"China, Hong Kong SAR",HKG,WPR,2004,6888163,12000.0,180.0,340.0,5.0,3.0,6.888163,2000s,Medium,Low,Low
"China, Hong Kong SAR",HKG,WPR,2005,6908485,12000.0,175.0,330.0,4.7,3.0,6.908485,2000s,Medium,Low,Low
"China, Hong Kong SAR",HKG,WPR,2006,6931088,11000.0,164.0,340.0,4.9,3.0,6.931088,2000s,Medium,Low,Low
"China, Hong Kong SAR",HKG,WPR,2007,6971343,11000.0,152.0,260.0,3.8,3.0,6.971343,2000s,Medium,Low,Low
"China, Hong Kong SAR",HKG,WPR,2008,7020689,11000.0,150.0,260.0,3.7,3.0,7.020689,2000s,Medium,Low,Low
"China, Hong Kong SAR",HKG,WPR,2009,7064462,9400.0,133.0,250.0,3.5,3.0,7.064462,2000s,Medium,Low,Low
"China, Hong Kong SAR",HKG,WPR,2010,7101632,8700.0,123.0,220.0,3.1,3.0,7.101632,2010s,Medium,Low,Low
"China, Hong Kong SAR",HKG,WPR,2011,7142969,8200.0,115.0,220.0,3.1,3.0,7.142969,2010s,Medium,Low,Low
"China, Hong Kong SAR",HKG,WPR,2012,7201063,8200.0,113.0,230.0,3.1,3.0,7.201063,2010s,Medium,Low,Low
"China, Hong Kong SAR",HKG,WPR,2013,7264334,7900.0,109.0,210.0,2.9,3.0,7.264334,2010s,Medium,Low,Low
"China, Hong Kong SAR",HKG,WPR,2014,7319500,7800.0,107.0,220.0,3.0,3.0,7.3195,2010s,Medium,Low,Low
"China, Hong Kong SAR",HKG,WPR,2015,7366408,7200.0,98.0,200.0,2.7,3.0,7.366408,2010s,Low,Low,Low
"China, Hong Kong SAR",HKG,WPR,2016,7408011,7000.0,94.0,190.0,2.5,3.0,7.408011,2010s,Low,Low,Low
"China, Hong Kong SAR",HKG,WPR,2017,7444892,6700.0,90.0,210.0,2.9,3.0,7.444892,2010s,Low,Low,Low
"China, Hong Kong SAR",HKG,WPR,2018,7471194,6700.0,89.0,190.0,2.5,3.0,7.471194,2010s,Low,Low,Low
"China, Hong Kong SAR",HKG,WPR,2019,7485812,6300.0,84.0,190.0,2.6,3.0,7.485812,2010s,Low,Low,Low
"China, Hong Kong SAR",HKG,WPR,2020,7490233,5600.0,75.0,160.0,2.2,3.0,7.490233,2020s,Low,Low,Low
"China, Hong Kong SAR",HKG,WPR,2021,7484591,5700.0,76.0,160.0,2.1,3.0,7.484591,2020s,Low,Low,Low
"China, Hong Kong SAR",HKG,WPR,2022,7465905,4900.0,66.0,140.0,1.9,3.0,7.465905,2020s,Low,Low,Low
"China, Hong Kong SAR",HKG,WPR,2023,7442727,5000.0,67.0,130.0,1.8,3.0,7.442727,2020s,Low,Low,Low
"China, Hong Kong SAR",HKG,WPR,2024,7414911,4900.0,66.0,130.0,1.7,3.0,7.414911,2020s,Low,Low,Low
"China, Macao SAR",MAC,WPR,2000,437311,1100.0,247.0,290.0,65.0,27.0,0.437311,2000s,High,High,High
"China, Macao SAR",MAC,WPR,2001,445125,1100.0,245.0,280.0,64.0,26.0,0.445125,2000s,High,High,High
"China, Macao SAR",MAC,WPR,2002,456023,890.0,195.0,230.0,50.0,26.0,0.456023,2000s,Medium,Moderate,High
"China, Macao SAR",MAC,WPR,2003,469056,840.0,179.0,210.0,45.0,25.0,0.469056,2000s,Medium,Moderate,High
"China, Macao SAR",MAC,WPR,2004,482204,740.0,153.0,180.0,38.0,25.0,0.482204,2000s,Medium,Moderate,High
"China, Macao SAR",MAC,WPR,2005,495415,850.0,172.0,210.0,42.0,25.0,0.495415,2000s,Medium,Moderate,High
"China, Macao SAR",MAC,WPR,2006,508735,850.0,166.0,200.0,39.0,24.0,0.508735,2000s,Medium,Moderate,High
"China, Macao SAR",MAC,WPR,2007,522275,750.0,144.0,170.0,33.0,23.0,0.522275,2000s,Medium,Moderate,High
"China, Macao SAR",MAC,WPR,2008,535930,750.0,139.0,160.0,31.0,22.0,0.53593,2000s,Medium,Moderate,High
"China, Macao SAR",MAC,WPR,2009,549482,630.0,114.0,130.0,24.0,21.0,0.549482,2000s,Medium,Moderate,High
"China, Macao SAR",MAC,WPR,2010,562804,700.0,123.0,140.0,25.0,21.0,0.562804,2010s,Medium,Moderate,High
"China, Macao SAR",MAC,WPR,2011,575631,660.0,114.0,130.0,23.0,20.0,0.575631,2010s,Medium,Moderate,High
"China, Macao SAR",MAC,WPR,2012,587443,690.0,117.0,130.0,23.0,20.0,0.587443,2010s,Medium,Moderate,High
"China, Macao SAR",MAC,WPR,2013,598755,720.0,121.0,140.0,23.0,19.0,0.598755,2010s,Medium,Moderate,High
"China, Macao SAR",MAC,WPR,2014,610312,650.0,106.0,120.0,20.0,19.0,0.610312,2010s,Medium,Low,High
"China, Macao SAR",MAC,WPR,2015,622170,600.0,96.0,110.0,17.0,18.0,0.62217,2010s,Low,Low,High
"China, Macao SAR",MAC,WPR,2016,634306,570.0,89.0,100.0,16.0,18.0,0.634306,2010s,Low,Low,High
"China, Macao SAR",MAC,WPR,2017,646554,590.0,92.0,100.0,16.0,18.0,0.646554,2010s,Low,Low,High
"China, Macao SAR",MAC,WPR,2018,658771,510.0,77.0,89.0,13.0,18.0,0.658771,2010s,Low,Low,High
"China, Macao SAR",MAC,WPR,2019,670976,560.0,84.0,97.0,15.0,17.0,0.670976,2010s,Low,Low,High
"China, Macao SAR",MAC,WPR,2020,683062,560.0,82.0,97.0,14.0,17.0,0.683062,2020s,Low,Low,High
"China, Macao SAR",MAC,WPR,2021,694395,520.0,75.0,90.0,13.0,17.0,0.694395,2020s,Low,Low,High
"China, Macao SAR",MAC,WPR,2022,704354,450.0,64.0,78.0,11.0,17.0,0.704354,2020s,Low,Low,High
"China, Macao SAR",MAC,WPR,2023,713923,480.0,68.0,83.0,12.0,17.0,0.713923,2020s,Low,Low,High
"China, Macao SAR",MAC,WPR,2024,720264,420.0,59.0,73.0,10.0,17.0,0.720264,2020s,Low,Low,High
Colombia,COL,AMR,2000,39089945,27000.0,70.0,2600.0,6.6,10.0,39.089945,2000s,Low,Low,Moderate
Colombia,COL,AMR,2001,39709267,25000.0,64.0,2400.0,6.0,10.0,39.709267,2000s,Low,Low,Moderate
Colombia,COL,AMR,2002,40324676,24000.0,59.0,2200.0,5.4,9.0,40.324676,2000s,Low,Low,Moderate
Colombia,COL,AMR,2003,40937426,23000.0,56.0,2000.0,5.0,9.0,40.937426,2000s,Low,Low,Moderate
Colombia,COL,AMR,2004,41543170,21000.0,51.0,1900.0,4.5,9.0,41.54317,2000s,Low,Low,Moderate
Colombia,COL,AMR,2005,42128979,18000.0,44.0,1700.0,3.9,9.0,42.128979,2000s,Low,Low,Moderate
Colombia,COL,AMR,2006,42691093,19000.0,45.0,1600.0,3.7,8.0,42.691093,2000s,Low,Low,Moderate
Colombia,COL,AMR,2007,43235376,19000.0,43.0,1800.0,4.1,10.0,43.235376,2000s,Low,Low,Moderate
Colombia,COL,AMR,2008,43758807,19000.0,43.0,1900.0,4.3,10.0,43.758807,2000s,Low,Low,Moderate
Colombia,COL,AMR,2009,44271545,18000.0,41.0,1700.0,3.9,10.0,44.271545,2000s,Low,Low,Moderate
Colombia,COL,AMR,2010,44777325,18000.0,40.0,1500.0,3.3,8.0,44.777325,2010s,Low,Low,Moderate
Colombia,COL,AMR,2011,45259615,18000.0,40.0,1400.0,3.1,8.0,45.259615,2010s,Low,Low,Moderate
Colombia,COL,AMR,2012,45715814,18000.0,39.0,1800.0,4.0,10.0,45.715814,2010s,Low,Low,Moderate
Colombia,COL,AMR,2013,46151586,17000.0,36.0,1800.0,4.0,11.0,46.151586,2010s,Low,Low,High
Colombia,COL,AMR,2014,46565428,16000.0,34.0,1600.0,3.5,11.0,46.565428,2010s,Low,Low,High
Colombia,COL,AMR,2015,46969943,16000.0,33.0,1600.0,3.4,10.0,46.969943,2010s,Low,Low,Moderate
Colombia,COL,AMR,2016,47437511,16000.0,34.0,1600.0,3.5,10.0,47.437511,2010s,Low,Low,Moderate
Colombia,COL,AMR,2017,48131077,16000.0,34.0,1500.0,3.1,9.0,48.131077,2010s,Low,Low,Moderate
Colombia,COL,AMR,2018,49024464,17000.0,34.0,1700.0,3.4,10.0,49.024464,2010s,Low,Low,Moderate
Colombia,COL,AMR,2019,49907978,18000.0,36.0,1700.0,3.4,10.0,49.907978,2010s,Low,Low,Moderate
Colombia,COL,AMR,2020,50629993,20000.0,39.0,1900.0,3.8,10.0,50.629993,2020s,Low,Low,Moderate
Colombia,COL,AMR,2021,51188174,21000.0,41.0,2200.0,4.3,11.0,51.188174,2020s,Low,Low,High
Colombia,COL,AMR,2022,51737945,23000.0,44.0,2600.0,5.1,12.0,51.737945,2020s,Low,Low,High
Colombia,COL,AMR,2023,52321145,24000.0,46.0,2900.0,5.5,12.0,52.321145,2020s,Low,Low,High
Colombia,COL,AMR,2024,52886359,26000.0,49.0,2900.0,5.6,12.0,52.886359,2020s,Low,Low,High
Comoros,COM,AFR,2000,536079,270.0,51.0,70.0,13.0,29.0,0.536079,2000s,Low,Low,High
Comoros,COM,AFR,2001,547223,270.0,49.0,59.0,11.0,26.0,0.547223,2000s,Low,Low,High
Comoros,COM,AFR,2002,558924,260.0,47.0,68.0,12.0,30.0,0.558924,2000s,Low,Low,High
Comoros,COM,AFR,2003,569795,260.0,45.0,82.0,14.0,37.0,0.569795,2000s,Low,Low,High
Comoros,COM,AFR,2004,580708,260.0,44.0,74.0,13.0,33.0,0.580708,2000s,Low,Low,High
Comoros,COM,AFR,2005,592679,260.0,43.0,67.0,11.0,30.0,0.592679,2000s,Low,Low,High
Comoros,COM,AFR,2006,604755,260.0,43.0,67.0,11.0,29.0,0.604755,2000s,Low,Low,High
Comoros,COM,AFR,2007,616929,270.0,43.0,67.0,11.0,29.0,0.616929,2000s,Low,Low,High
Comoros,COM,AFR,2008,629308,280.0,44.0,65.0,10.0,27.0,0.629308,2000s,Low,Low,High
Comoros,COM,AFR,2009,641945,280.0,44.0,72.0,11.0,28.0,0.641945,2000s,Low,Low,High
Comoros,COM,AFR,2010,654831,290.0,44.0,75.0,11.0,30.0,0.654831,2010s,Low,Low,High
Comoros,COM,AFR,2011,668055,290.0,43.0,78.0,12.0,31.0,0.668055,2010s,Low,Low,High
Comoros,COM,AFR,2012,681635,290.0,43.0,79.0,12.0,31.0,0.681635,2010s,Low,Low,High
Comoros,COM,AFR,2013,696191,290.0,42.0,78.0,11.0,31.0,0.696191,2010s,Low,Low,High
Comoros,COM,AFR,2014,711502,300.0,42.0,69.0,9.8,27.0,0.711502,2010s,Low,Low,High
Comoros,COM,AFR,2015,726682,300.0,42.0,74.0,10.0,29.0,0.726682,2010s,Low,Low,High
Comoros,COM,AFR,2016,741729,300.0,41.0,66.0,8.9,25.0,0.741729,2010s,Low,Low,High
Comoros,COM,AFR,2017,756682,310.0,40.0,80.0,11.0,30.0,0.756682,2010s,Low,Low,High
Comoros,COM,AFR,2018,771586,300.0,39.0,83.0,11.0,33.0,0.771586,2010s,Low,Low,High
Comoros,COM,AFR,2019,786573,290.0,37.0,50.0,6.3,20.0,0.786573,2010s,Low,Low,High
Comoros,COM,AFR,2020,802160,280.0,35.0,58.0,7.3,26.0,0.80216,2020s,Low,Low,High
Comoros,COM,AFR,2021,818172,260.0,32.0,61.0,7.4,31.0,0.818172,2020s,Low,Low,High
Comoros,COM,AFR,2022,834187,240.0,29.0,64.0,7.6,37.0,0.834187,2020s,Low,Low,High
Comoros,COM,AFR,2023,850387,220.0,26.0,52.0,6.1,38.0,0.850387,2020s,Low,Low,High
Comoros,COM,AFR,2024,866636,190.0,22.0,29.0,3.4,29.0,0.866636,2020s,Low,Low,High
Congo,COG,AFR,2000,3151346,18000.0,569.0,6100.0,193.0,34.0,3.151346,2000s,High,High,High
Congo,COG,AFR,2001,3272534,18000.0,550.0,5600.0,171.0,31.0,3.272534,2000s,High,High,High
Congo,COG,AFR,2002,3350781,18000.0,532.0,5300.0,157.0,30.0,3.350781,2000s,High,High,High
Congo,COG,AFR,2003,3445757,18000.0,515.0,6200.0,180.0,35.0,3.445757,2000s,High,High,High
Congo,COG,AFR,2004,3565556,18000.0,499.0,5200.0,145.0,29.0,3.565556,2000s,High,High,High
Congo,COG,AFR,2005,3696387,18000.0,484.0,5200.0,139.0,29.0,3.696387,2000s,High,High,High
Congo,COG,AFR,2006,3837411,18000.0,470.0,6000.0,156.0,33.0,3.837411,2000s,High,High,High
Congo,COG,AFR,2007,3980426,18000.0,458.0,5900.0,147.0,32.0,3.980426,2000s,High,High,High
Congo,COG,AFR,2008,4113518,18000.0,448.0,6000.0,146.0,33.0,4.113518,2000s,High,High,High
Congo,COG,AFR,2009,4281220,19000.0,438.0,5700.0,133.0,30.0,4.28122,2000s,High,High,High
Congo,COG,AFR,2010,4462282,19000.0,426.0,5600.0,126.0,30.0,4.462282,2010s,High,High,High
Congo,COG,AFR,2011,4609719,19000.0,415.0,5300.0,114.0,28.0,4.609719,2010s,High,High,High
Congo,COG,AFR,2012,4740445,19000.0,402.0,5000.0,106.0,26.0,4.740445,2010s,High,High,High
Congo,COG,AFR,2013,4857098,19000.0,385.0,5100.0,105.0,27.0,4.857098,2010s,High,High,High
Congo,COG,AFR,2014,4975881,18000.0,365.0,5100.0,102.0,28.0,4.975881,2010s,High,High,High
Congo,COG,AFR,2015,5097575,18000.0,348.0,4800.0,95.0,27.0,5.097575,2010s,High,High,High
Congo,COG,AFR,2016,5222541,17000.0,334.0,4400.0,84.0,25.0,5.222541,2010s,High,High,High
Congo,COG,AFR,2017,5351013,17000.0,321.0,4400.0,82.0,26.0,5.351013,2010s,High,High,High
Congo,COG,AFR,2018,5483122,17000.0,311.0,3900.0,72.0,23.0,5.483122,2010s,High,High,High
Congo,COG,AFR,2019,5616660,17000.0,304.0,3400.0,61.0,20.0,5.61666,2010s,High,High,High
Congo,COG,AFR,2020,5752787,17000.0,300.0,3800.0,66.0,22.0,5.752787,2020s,High,High,High
Congo,COG,AFR,2021,5892187,18000.0,297.0,3500.0,60.0,20.0,5.892187,2020s,High,High,High
Congo,COG,AFR,2022,6035105,18000.0,297.0,2900.0,48.0,16.0,6.035105,2020s,High,Moderate,High
Congo,COG,AFR,2023,6182884,18000.0,298.0,2900.0,47.0,16.0,6.182884,2020s,High,Moderate,High
Congo,COG,AFR,2024,6332966,19000.0,302.0,3300.0,52.0,17.0,6.332966,2020s,High,High,High
Cook Islands,COK,WPR,2000,15857,1.0,6.3,0.0,0.19,,0.015857,2000s,Low,Low,
Cook Islands,COK,WPR,2001,15238,2.0,13.0,0.0,0.39,,0.015238,2000s,Low,Low,
Cook Islands,COK,WPR,2002,14968,1.0,6.7,0.0,0.2,,0.014968,2000s,Low,Low,
Cook Islands,COK,WPR,2003,15031,0.0,0.0,0.0,0.0,,0.015031,2000s,,,
Cook Islands,COK,WPR,2004,15081,1.0,6.6,0.0,0.2,,0.015081,2000s,Low,Low,
Cook Islands,COK,WPR,2005,15138,1.0,6.6,0.0,0.2,,0.015138,2000s,Low,Low,
Cook Islands,COK,WPR,2006,15212,1.0,6.6,0.0,0.2,,0.015212,2000s,Low,Low,
Cook Islands,COK,WPR,2007,15489,1.0,6.6,0.0,0.2,,0.015489,2000s,Low,Low,
Cook Islands,COK,WPR,2008,15985,2.0,13.0,0.0,0.38,,0.015985,2000s,Low,Low,
Cook Islands,COK,WPR,2009,16477,2.0,12.0,0.0,0.36,,0.016477,2000s,Low,Low,
Cook Islands,COK,WPR,2010,16980,0.0,0.0,0.0,0.0,,0.01698,2010s,,,
Cook Islands,COK,WPR,2011,17453,1.0,5.7,0.0,0.17,,0.017453,2010s,Low,Low,
Cook Islands,COK,WPR,2012,17656,1.0,5.7,0.0,0.17,,0.017656,2010s,Low,Low,
Cook Islands,COK,WPR,2013,17616,2.0,11.0,0.0,0.34,,0.017616,2010s,Low,Low,
Cook Islands,COK,WPR,2014,17534,2.0,11.0,0.0,0.34,,0.017534,2010s,Low,Low,
Cook Islands,COK,WPR,2015,17456,0.0,0.0,0.0,0.0,,0.017456,2010s,,,
Cook Islands,COK,WPR,2016,17332,2.0,12.0,0.0,0.35,,0.017332,2010s,Low,Low,
Cook Islands,COK,WPR,2017,17050,0.0,0.0,0.0,0.0,,0.01705,2010s,,,
Cook Islands,COK,WPR,2018,16599,0.0,0.0,0.0,0.0,,0.016599,2010s,,,
Cook Islands,COK,WPR,2019,16128,1.0,6.2,0.0,0.19,,0.016128,2010s,Low,Low,
Cook Islands,COK,WPR,2020,15642,1.0,6.4,0.0,0.19,,0.015642,2020s,Low,Low,
Cook Islands,COK,WPR,2021,15178,0.0,0.0,0.0,0.0,,0.015178,2020s,,,
Cook Islands,COK,WPR,2022,14725,0.0,0.0,0.0,0.0,,0.014725,2020s,,,
Cook Islands,COK,WPR,2023,14227,4.0,28.0,0.0,0.84,,0.014227,2020s,Low,Low,
Cook Islands,COK,WPR,2024,13724,1.0,7.3,0.0,0.22,,0.013724,2020s,Low,Low,
Costa Rica,CRI,AMR,2000,3937739,970.0,25.0,93.0,2.4,10.0,3.937739,2000s,Low,Low,Moderate
Costa Rica,CRI,AMR,2001,4008956,1000.0,26.0,93.0,2.3,9.0,4.008956,2000s,Low,Low,Moderate
Costa Rica,CRI,AMR,2002,4075696,860.0,21.0,91.0,2.2,11.0,4.075696,2000s,Low,Low,High
Costa Rica,CRI,AMR,2003,4138784,850.0,21.0,92.0,2.2,11.0,4.138784,2000s,Low,Low,High
Costa Rica,CRI,AMR,2004,4200074,1100.0,26.0,86.0,2.0,8.0,4.200074,2000s,Low,Low,Moderate
Costa Rica,CRI,AMR,2005,4261235,800.0,19.0,100.0,2.3,13.0,4.261235,2000s,Low,Low,High
Costa Rica,CRI,AMR,2006,4321334,720.0,17.0,87.0,2.0,12.0,4.321334,2000s,Low,Low,High
Costa Rica,CRI,AMR,2007,4380244,790.0,18.0,61.0,1.4,8.0,4.380244,2000s,Low,Low,Moderate
Costa Rica,CRI,AMR,2008,4440052,710.0,16.0,76.0,1.7,11.0,4.440052,2000s,Low,Low,High
Costa Rica,CRI,AMR,2009,4499795,610.0,14.0,50.0,1.1,8.0,4.499795,2000s,Low,Low,Moderate
Costa Rica,CRI,AMR,2010,4555958,670.0,15.0,68.0,1.5,10.0,4.555958,2010s,Low,Low,Moderate
Costa Rica,CRI,AMR,2011,4609828,690.0,15.0,74.0,1.6,11.0,4.609828,2010s,Low,Low,High
Costa Rica,CRI,AMR,2012,4663930,640.0,14.0,70.0,1.5,11.0,4.66393,2010s,Low,Low,High
Costa Rica,CRI,AMR,2013,4716147,550.0,12.0,53.0,1.1,10.0,4.716147,2010s,Low,Low,Moderate
Costa Rica,CRI,AMR,2014,4767119,610.0,13.0,59.0,1.2,10.0,4.767119,2010s,Low,Low,Moderate
Costa Rica,CRI,AMR,2015,4818045,550.0,12.0,44.0,0.91,8.0,4.818045,2010s,Low,Low,Moderate
Costa Rica,CRI,AMR,2016,4866998,470.0,9.6,43.0,0.89,9.0,4.866998,2010s,Low,Low,Moderate
Costa Rica,CRI,AMR,2017,4913174,470.0,9.6,47.0,0.95,10.0,4.913174,2010s,Low,Low,Moderate
Costa Rica,CRI,AMR,2018,4957816,490.0,10.0,50.0,1.0,10.0,4.957816,2010s,Low,Low,Moderate
Costa Rica,CRI,AMR,2019,4999555,500.0,9.9,49.0,0.97,10.0,4.999555,2010s,Low,Low,Moderate
Costa Rica,CRI,AMR,2020,5034324,490.0,9.7,55.0,1.1,11.0,5.034324,2020s,Low,Low,High
Costa Rica,CRI,AMR,2021,5059985,500.0,9.8,55.0,1.1,11.0,5.059985,2020s,Low,Low,High
Costa Rica,CRI,AMR,2022,5081762,500.0,9.8,51.0,1.0,10.0,5.081762,2020s,Low,Low,Moderate
Costa Rica,CRI,AMR,2023,5105518,490.0,9.5,48.0,0.94,10.0,5.105518,2020s,Low,Low,Moderate
Costa Rica,CRI,AMR,2024,5129913,480.0,9.3,47.0,0.91,10.0,5.129913,2020s,Low,Low,Moderate
Côte d'Ivoire,CIV,AFR,2000,17699004,29000.0,166.0,11000.0,59.0,36.0,17.699004,2000s,Medium,High,High
Côte d'Ivoire,CIV,AFR,2001,18178918,33000.0,180.0,11000.0,62.0,35.0,18.178918,2000s,Medium,High,High
Côte d'Ivoire,CIV,AFR,2002,18654775,36000.0,191.0,13000.0,70.0,37.0,18.654775,2000s,Medium,High,High
Côte d'Ivoire,CIV,AFR,2003,19125547,38000.0,201.0,14000.0,71.0,36.0,19.125547,2000s,High,High,High
Côte d'Ivoire,CIV,AFR,2004,19594988,41000.0,208.0,14000.0,69.0,33.0,19.594988,2000s,High,High,High
Côte d'Ivoire,CIV,AFR,2005,20068463,43000.0,213.0,15000.0,74.0,35.0,20.068463,2000s,High,High,High
Côte d'Ivoire,CIV,AFR,2006,20546804,45000.0,217.0,15000.0,75.0,35.0,20.546804,2000s,High,High,High
Côte d'Ivoire,CIV,AFR,2007,21030562,46000.0,218.0,15000.0,71.0,33.0,21.030562,2000s,High,High,High
Côte d'Ivoire,CIV,AFR,2008,21514443,47000.0,217.0,13000.0,62.0,29.0,21.514443,2000s,High,High,High
Côte d'Ivoire,CIV,AFR,2009,21997945,47000.0,215.0,14000.0,65.0,30.0,21.997945,2000s,High,High,High
Côte d'Ivoire,CIV,AFR,2010,22488056,47000.0,209.0,14000.0,60.0,29.0,22.488056,2010s,High,High,High
Côte d'Ivoire,CIV,AFR,2011,22981997,46000.0,201.0,13000.0,59.0,29.0,22.981997,2010s,High,High,High
Côte d'Ivoire,CIV,AFR,2012,23467080,45000.0,193.0,12000.0,53.0,27.0,23.46708,2010s,Medium,High,High
Côte d'Ivoire,CIV,AFR,2013,23939772,44000.0,184.0,11000.0,46.0,25.0,23.939772,2010s,Medium,Moderate,High
Côte d'Ivoire,CIV,AFR,2014,24527399,42000.0,173.0,11000.0,44.0,26.0,24.527399,2010s,Medium,Moderate,High
Côte d'Ivoire,CIV,AFR,2015,25246344,41000.0,162.0,11000.0,42.0,26.0,25.246344,2010s,Medium,Moderate,High
Côte d'Ivoire,CIV,AFR,2016,25989406,40000.0,153.0,10000.0,39.0,26.0,25.989406,2010s,Medium,Moderate,High
Côte d'Ivoire,CIV,AFR,2017,26733370,38000.0,142.0,9400.0,35.0,25.0,26.73337,2010s,Medium,Moderate,High
Côte d'Ivoire,CIV,AFR,2018,27464170,37000.0,133.0,8700.0,31.0,24.0,27.46417,2010s,Medium,Moderate,High
Côte d'Ivoire,CIV,AFR,2019,28193000,35000.0,126.0,7800.0,28.0,23.0,28.193,2010s,Medium,Moderate,High
Côte d'Ivoire,CIV,AFR,2020,28915447,34000.0,118.0,7800.0,27.0,23.0,28.915447,2020s,Medium,Moderate,High
Côte d'Ivoire,CIV,AFR,2021,29639740,33000.0,112.0,6800.0,23.0,21.0,29.63974,2020s,Medium,Moderate,High
Côte d'Ivoire,CIV,AFR,2022,30395001,33000.0,107.0,6000.0,20.0,19.0,30.395001,2020s,Medium,Low,High
Côte d'Ivoire,CIV,AFR,2023,31165656,32000.0,103.0,5600.0,18.0,18.0,31.165656,2020s,Medium,Low,High
Côte d'Ivoire,CIV,AFR,2024,31934226,32000.0,99.0,5400.0,17.0,18.0,31.934226,2020s,Low,Low,High
Croatia,HRV,EUR,2000,4326097,2400.0,56.0,180.0,4.2,8.0,4.326097,2000s,Low,Low,Moderate
Croatia,HRV,EUR,2001,4301063,2000.0,47.0,160.0,3.6,8.0,4.301063,2000s,Low,Low,Moderate
Croatia,HRV,EUR,2002,4305787,2100.0,48.0,190.0,4.5,9.0,4.305787,2000s,Low,Low,Moderate
Croatia,HRV,EUR,2003,4306681,2000.0,46.0,170.0,4.0,9.0,4.306681,2000s,Low,Low,Moderate
Croatia,HRV,EUR,2004,4310059,1700.0,38.0,170.0,3.9,10.0,4.310059,2000s,Low,Low,Moderate
Croatia,HRV,EUR,2005,4313949,1500.0,34.0,120.0,2.8,8.0,4.313949,2000s,Low,Low,Moderate
Croatia,HRV,EUR,2006,4315798,1400.0,33.0,150.0,3.4,10.0,4.315798,2000s,Low,Low,Moderate
Croatia,HRV,EUR,2007,4315962,1300.0,30.0,100.0,2.4,8.0,4.315962,2000s,Low,Low,Moderate
Croatia,HRV,EUR,2008,4314625,1300.0,31.0,110.0,2.4,8.0,4.314625,2000s,Low,Low,Moderate
Croatia,HRV,EUR,2009,4310525,1100.0,26.0,120.0,2.9,11.0,4.310525,2000s,Low,Low,High
Croatia,HRV,EUR,2010,4301142,910.0,21.0,85.0,2.0,9.0,4.301142,2010s,Low,Low,Moderate
Croatia,HRV,EUR,2011,4280830,820.0,19.0,68.0,1.6,8.0,4.28083,2010s,Low,Low,Moderate
Croatia,HRV,EUR,2012,4259232,710.0,17.0,61.0,1.4,9.0,4.259232,2010s,Low,Low,Moderate
Croatia,HRV,EUR,2013,4242400,670.0,16.0,55.0,1.3,8.0,4.2424,2010s,Low,Low,Moderate
Croatia,HRV,EUR,2014,4219480,650.0,15.0,42.0,0.99,7.0,4.21948,2010s,Low,Low,Moderate
Croatia,HRV,EUR,2015,4183722,630.0,15.0,48.0,1.1,8.0,4.183722,2010s,Low,Low,Moderate
Croatia,HRV,EUR,2016,4136441,580.0,14.0,60.0,1.4,10.0,4.136441,2010s,Low,Low,Moderate
Croatia,HRV,EUR,2017,4079200,460.0,11.0,62.0,1.5,13.0,4.0792,2010s,Low,Low,High
Croatia,HRV,EUR,2018,4024868,460.0,11.0,41.0,1.0,9.0,4.024868,2010s,Low,Low,Moderate
Croatia,HRV,EUR,2019,3986339,370.0,9.3,37.0,0.93,10.0,3.986339,2010s,Low,Low,Moderate
Croatia,HRV,EUR,2020,3953963,220.0,5.6,27.0,0.67,12.0,3.953963,2020s,Low,Low,High
Croatia,HRV,EUR,2021,3924604,190.0,4.9,23.0,0.58,12.0,3.924604,2020s,Low,Low,High
Croatia,HRV,EUR,2022,3907017,260.0,6.6,35.0,0.89,14.0,3.907017,2020s,Low,Low,High
Croatia,HRV,EUR,2023,3896036,330.0,8.4,35.0,0.9,11.0,3.896036,2020s,Low,Low,High
Croatia,HRV,EUR,2024,3875319,260.0,6.6,35.0,0.89,14.0,3.875319,2020s,Low,Low,High
Cuba,CUB,AMR,2000,11109106,2500.0,23.0,70.0,0.63,3.0,11.109106,2000s,Low,Low,Low
Cuba,CUB,AMR,2001,11144133,1800.0,16.0,50.0,0.44,3.0,11.144133,2000s,Low,Low,Low
Cuba,CUB,AMR,2002,11177414,1700.0,15.0,47.0,0.42,3.0,11.177414,2000s,Low,Low,Low
Cuba,CUB,AMR,2003,11209387,1500.0,13.0,52.0,0.47,4.0,11.209387,2000s,Low,Low,Low
Cuba,CUB,AMR,2004,11238764,1300.0,11.0,44.0,0.39,4.0,11.238764,2000s,Low,Low,Low
Cuba,CUB,AMR,2005,11262553,1200.0,10.0,43.0,0.38,4.0,11.262553,2000s,Low,Low,Low
Cuba,CUB,AMR,2006,11278552,1100.0,10.0,58.0,0.51,5.0,11.278552,2000s,Low,Low,Low
Cuba,CUB,AMR,2007,11287272,1100.0,9.8,51.0,0.45,5.0,11.287272,2000s,Low,Low,Low
Cuba,CUB,AMR,2008,11291767,1100.0,10.0,81.0,0.72,7.0,11.291767,2000s,Low,Low,Moderate
Cuba,CUB,AMR,2009,11294714,970.0,8.6,38.0,0.34,4.0,11.294714,2000s,Low,Low,Low
Cuba,CUB,AMR,2010,11297414,1100.0,9.8,48.0,0.43,4.0,11.297414,2010s,Low,Low,Low
Cuba,CUB,AMR,2011,11301577,1100.0,9.3,62.0,0.55,6.0,11.301577,2010s,Low,Low,Moderate
Cuba,CUB,AMR,2012,11303180,940.0,8.3,63.0,0.56,7.0,11.30318,2010s,Low,Low,Moderate
Cuba,CUB,AMR,2013,11298161,950.0,8.4,65.0,0.58,7.0,11.298161,2010s,Low,Low,Moderate
Cuba,CUB,AMR,2014,11285775,900.0,8.0,62.0,0.55,7.0,11.285775,2010s,Low,Low,Moderate
Cuba,CUB,AMR,2015,11275065,850.0,7.5,67.0,0.59,8.0,11.275065,2010s,Low,Low,Moderate
Cuba,CUB,AMR,2016,11265610,820.0,7.3,59.0,0.52,7.0,11.26561,2010s,Low,Low,Moderate
Cuba,CUB,AMR,2017,11247828,850.0,7.6,63.0,0.56,7.0,11.247828,2010s,Low,Low,Moderate
Cuba,CUB,AMR,2018,11227116,850.0,7.6,49.0,0.43,6.0,11.227116,2010s,Low,Low,Moderate
Cuba,CUB,AMR,2019,11202856,770.0,6.8,51.0,0.46,7.0,11.202856,2010s,Low,Low,Moderate
Cuba,CUB,AMR,2020,11176355,690.0,6.2,49.0,0.44,7.0,11.176355,2020s,Low,Low,Moderate
Cuba,CUB,AMR,2021,11122166,600.0,5.4,61.0,0.55,10.0,11.122166,2020s,Low,Low,Moderate
Cuba,CUB,AMR,2022,11059824,850.0,7.7,50.0,0.45,6.0,11.059824,2020s,Low,Low,Moderate
Cuba,CUB,AMR,2023,11019933,890.0,8.1,86.0,0.78,10.0,11.019933,2020s,Low,Low,Moderate
Cuba,CUB,AMR,2024,10979793,1300.0,11.0,98.0,0.9,8.0,10.979793,2020s,Low,Low,Moderate
Curaçao,CUW,AMR,2010,156882,5.0,3.2,0.0,0.16,,0.156882,2010s,Low,Low,
Curaçao,CUW,AMR,2011,158561,1.0,0.63,0.0,0.03,,0.158561,2010s,Low,Low,
Curaçao,CUW,AMR,2012,160890,1.0,0.62,0.0,0.06,,0.16089,2010s,Low,Low,
Curaçao,CUW,AMR,2013,163101,2.0,1.2,0.0,0.11,,0.163101,2010s,Low,Low,
Curaçao,CUW,AMR,2014,165026,5.0,3.0,0.0,0.13,,0.165026,2010s,Low,Low,
Curaçao,CUW,AMR,2015,166622,8.0,4.8,0.0,0.2,,0.166622,2010s,Low,Low,
Curaçao,CUW,AMR,2016,167778,4.0,2.4,0.0,0.07,,0.167778,2010s,Low,Low,
Curaçao,CUW,AMR,2017,168510,9.0,5.3,0.0,0.16,,0.16851,2010s,Low,Low,
Curaçao,CUW,AMR,2018,181587,7.0,4.1,0.0,0.12,,0.181587,2010s,Low,Low,
Curaçao,CUW,AMR,2019,189562,7.0,3.8,0.0,0.11,,0.189562,2010s,Low,Low,
Curaçao,CUW,AMR,2020,185004,6.0,3.5,0.0,0.1,,0.185004,2020s,Low,Low,
Curaçao,CUW,AMR,2021,185313,6.0,3.2,0.0,0.1,,0.185313,2020s,Low,Low,
Curaçao,CUW,AMR,2022,185350,5.0,2.7,0.0,0.11,,0.18535,2020s,Low,Low,
Curaçao,CUW,AMR,2023,185427,5.0,2.8,0.0,0.12,,0.185427,2020s,Low,Low,
Curaçao,CUW,AMR,2024,185473,5.0,2.8,0.0,0.12,,0.185473,2020s,Low,Low,
Cyprus,CYP,EUR,2000,947668,78.0,8.2,4.0,0.41,5.0,0.947668,2000s,Low,Low,Low
Cyprus,CYP,EUR,2001,964137,86.0,8.9,5.0,0.49,6.0,0.964137,2000s,Low,Low,Moderate
Cyprus,CYP,EUR,2002,981445,40.0,4.0,3.0,0.35,9.0,0.981445,2000s,Low,Low,Moderate
Cyprus,CYP,EUR,2003,999579,64.0,6.4,5.0,0.51,8.0,0.999579,2000s,Low,Low,Moderate
Cyprus,CYP,EUR,2004,1017879,51.0,5.0,5.0,0.51,10.0,1.017879,2000s,Low,Low,Moderate
Cyprus,CYP,EUR,2005,1036151,54.0,5.2,6.0,0.58,11.0,1.036151,2000s,Low,Low,High
Cyprus,CYP,EUR,2006,1054415,56.0,5.3,4.0,0.33,6.0,1.054415,2000s,Low,Low,Moderate
Cyprus,CYP,EUR,2007,1072713,63.0,5.9,1.0,0.11,2.0,1.072713,2000s,Low,Low,Low
Cyprus,CYP,EUR,2008,1091023,73.0,6.7,3.0,0.31,5.0,1.091023,2000s,Low,Low,Low
Cyprus,CYP,EUR,2009,1109368,77.0,6.9,2.0,0.21,3.0,1.109368,2000s,Low,Low,Low
Cyprus,CYP,EUR,2010,1127819,90.0,8.0,3.0,0.22,3.0,1.127819,2010s,Low,Low,Low
Cyprus,CYP,EUR,2011,1146491,74.0,6.4,5.0,0.41,6.0,1.146491,2010s,Low,Low,Moderate
Cyprus,CYP,EUR,2012,1165393,88.0,7.6,6.0,0.5,7.0,1.165393,2010s,Low,Low,Moderate
Cyprus,CYP,EUR,2013,1183903,56.0,4.7,2.0,0.15,3.0,1.183903,2010s,Low,Low,Low
Cyprus,CYP,EUR,2014,1201806,52.0,4.3,5.0,0.45,11.0,1.201806,2010s,Low,Low,High
Cyprus,CYP,EUR,2015,1219509,82.0,6.7,3.0,0.26,4.0,1.219509,2010s,Low,Low,Low
Cyprus,CYP,EUR,2016,1237104,72.0,5.9,3.0,0.27,5.0,1.237104,2010s,Low,Low,Low
Cyprus,CYP,EUR,2017,1254283,65.0,5.2,4.0,0.29,6.0,1.254283,2010s,Low,Low,Moderate
Cyprus,CYP,EUR,2018,1270742,63.0,5.0,6.0,0.45,9.0,1.270742,2010s,Low,Low,Moderate
Cyprus,CYP,EUR,2019,1286664,82.0,6.4,3.0,0.26,4.0,1.286664,2010s,Low,Low,Low
Cyprus,CYP,EUR,2020,1302250,42.0,3.2,3.0,0.22,7.0,1.30225,2020s,Low,Low,Moderate
Cyprus,CYP,EUR,2021,1317303,59.0,4.5,3.0,0.22,5.0,1.317303,2020s,Low,Low,Low
Cyprus,CYP,EUR,2022,1331371,120.0,8.7,7.0,0.52,6.0,1.331371,2020s,Low,Low,Moderate
Cyprus,CYP,EUR,2023,1344976,96.0,7.2,6.0,0.46,7.0,1.344976,2020s,Low,Low,Moderate
Cyprus,CYP,EUR,2024,1358283,75.0,5.5,6.0,0.45,8.0,1.358283,2020s,Low,Low,Moderate
Czechia,CZE,EUR,2000,10236803,1900.0,18.0,130.0,1.2,7.0,10.236803,2000s,Low,Low,Moderate
Czechia,CZE,EUR,2001,10231937,1700.0,17.0,98.0,0.95,6.0,10.231937,2000s,Low,Low,Moderate
Czechia,CZE,EUR,2002,10239459,1500.0,15.0,87.0,0.85,6.0,10.239459,2000s,Low,Low,Moderate
Czechia,CZE,EUR,2003,10248913,1500.0,15.0,85.0,0.83,6.0,10.248913,2000s,Low,Low,Moderate
Czechia,CZE,EUR,2004,10261442,1400.0,13.0,72.0,0.71,5.0,10.261442,2000s,Low,Low,Low
Czechia,CZE,EUR,2005,10280139,1300.0,13.0,72.0,0.7,6.0,10.280139,2000s,Low,Low,Moderate
Czechia,CZE,EUR,2006,10304584,1300.0,12.0,64.0,0.62,5.0,10.304584,2000s,Low,Low,Low
Czechia,CZE,EUR,2007,10337541,1000.0,10.0,72.0,0.7,7.0,10.337541,2000s,Low,Low,Moderate
Czechia,CZE,EUR,2008,10378288,1100.0,10.0,55.0,0.53,5.0,10.378288,2000s,Low,Low,Low
Czechia,CZE,EUR,2009,10420986,820.0,7.9,53.0,0.51,7.0,10.420986,2000s,Low,Low,Moderate
Czechia,CZE,EUR,2010,10464030,800.0,7.6,41.0,0.39,5.0,10.46403,2010s,Low,Low,Low
Czechia,CZE,EUR,2011,10495505,730.0,6.9,57.0,0.54,8.0,10.495505,2010s,Low,Low,Moderate
Czechia,CZE,EUR,2012,10507333,720.0,6.8,31.0,0.3,4.0,10.507333,2010s,Low,Low,Low
Czechia,CZE,EUR,2013,10511168,600.0,5.7,68.0,0.64,11.0,10.511168,2010s,Low,Low,High
Czechia,CZE,EUR,2014,10517228,600.0,5.7,40.0,0.38,7.0,10.517228,2010s,Low,Low,Moderate
Czechia,CZE,EUR,2015,10524423,630.0,6.0,58.0,0.55,9.0,10.524423,2010s,Low,Low,Moderate
Czechia,CZE,EUR,2016,10531948,620.0,5.9,43.0,0.41,7.0,10.531948,2010s,Low,Low,Moderate
Czechia,CZE,EUR,2017,10541339,600.0,5.7,38.0,0.36,7.0,10.541339,2010s,Low,Low,Moderate
Czechia,CZE,EUR,2018,10548932,520.0,5.0,39.0,0.37,8.0,10.548932,2010s,Low,Low,Moderate
Czechia,CZE,EUR,2019,10554881,550.0,5.2,23.0,0.22,4.0,10.554881,2010s,Low,Low,Low
Czechia,CZE,EUR,2020,10550133,430.0,4.1,25.0,0.24,6.0,10.550133,2020s,Low,Low,Moderate
Czechia,CZE,EUR,2021,10530678,420.0,4.0,37.0,0.35,9.0,10.530678,2020s,Low,Low,Moderate
Czechia,CZE,EUR,2022,10673212,450.0,4.2,23.0,0.22,5.0,10.673212,2020s,Low,Low,Low
Czechia,CZE,EUR,2023,10809715,530.0,4.9,43.0,0.4,8.0,10.809715,2020s,Low,Low,Moderate
Czechia,CZE,EUR,2024,10735865,530.0,4.9,40.0,0.38,8.0,10.735865,2020s,Low,Low,Moderate
Democratic People's Republic of Korea,PRK,SEA,2000,23665911,,,,,,23.665911,2000s,,,
Democratic People's Republic of Korea,PRK,SEA,2001,23815359,,,,,,23.815359,2000s,,,
Democratic People's Republic of Korea,PRK,SEA,2002,23943979,,,,,,23.943979,2000s,,,
Democratic People's Republic of Korea,PRK,SEA,2003,24090380,,,,,,24.09038,2000s,,,
Democratic People's Republic of Korea,PRK,SEA,2004,24254941,,,,,,24.254941,2000s,,,
Democratic People's Republic of Korea,PRK,SEA,2005,24396437,,,,,,24.396437,2000s,,,
Democratic People's Republic of Korea,PRK,SEA,2006,24524508,,,,,,24.524508,2000s,,,
Democratic People's Republic of Korea,PRK,SEA,2007,24646381,,,,,,24.646381,2000s,,,
Democratic People's Republic of Korea,PRK,SEA,2008,24764617,,,,,,24.764617,2000s,,,
Democratic People's Republic of Korea,PRK,SEA,2009,24878341,,,,,,24.878341,2000s,,,
Democratic People's Republic of Korea,PRK,SEA,2010,24987263,,,,,,24.987263,2010s,,,
Democratic People's Republic of Korea,PRK,SEA,2011,25097872,,,,,,25.097872,2010s,,,
Democratic People's Republic of Korea,PRK,SEA,2012,25211724,,,,,,25.211724,2010s,,,
Democratic People's Republic of Korea,PRK,SEA,2013,25329449,,,,,,25.329449,2010s,,,
Democratic People's Republic of Korea,PRK,SEA,2014,25451253,,,,,,25.451253,2010s,,,
Democratic People's Republic of Korea,PRK,SEA,2015,25575344,,,,,,25.575344,2010s,,,
Democratic People's Republic of Korea,PRK,SEA,2016,25698317,,,,,,25.698317,2010s,,,
Democratic People's Republic of Korea,PRK,SEA,2017,25817704,,,,,,25.817704,2010s,,,
Democratic People's Republic of Korea,PRK,SEA,2018,25931152,,,,,,25.931152,2010s,,,
Democratic People's Republic of Korea,PRK,SEA,2019,26037635,,,,,,26.037635,2010s,,,
Democratic People's Republic of Korea,PRK,SEA,2020,26136300,,,,,,26.1363,2020s,,,
Democratic People's Republic of Korea,PRK,SEA,2021,26232533,,,,,,26.232533,2020s,,,
Democratic People's Republic of Korea,PRK,SEA,2022,26328845,,,,,,26.328845,2020s,,,
Democratic People's Republic of Korea,PRK,SEA,2023,26418201,,,,,,26.418201,2020s,,,
Democratic People's Republic of Korea,PRK,SEA,2024,26498828,,,,,,26.498828,2020s,,,
Democratic Republic of the Congo,COD,AFR,2000,50507447,309000.0,612.0,141000.0,279.0,51.0,50.507447,2000s,High,High,High
Democratic Republic of the Congo,COD,AFR,2001,52132644,313000.0,600.0,136000.0,260.0,48.0,52.132644,2000s,High,High,High
Democratic Republic of the Congo,COD,AFR,2002,53750527,316000.0,588.0,132000.0,246.0,46.0,53.750527,2000s,High,High,High
Democratic Republic of the Congo,COD,AFR,2003,55343866,319000.0,576.0,127000.0,229.0,44.0,55.343866,2000s,High,High,High
Democratic Republic of the Congo,COD,AFR,2004,56997745,322000.0,564.0,120000.0,211.0,42.0,56.997745,2000s,High,High,High
Democratic Republic of the Congo,COD,AFR,2005,58775724,325000.0,553.0,120000.0,205.0,41.0,58.775724,2000s,High,High,High
Democratic Republic of the Congo,COD,AFR,2006,60615900,329000.0,542.0,123000.0,203.0,42.0,60.6159,2000s,High,High,High
Democratic Republic of the Congo,COD,AFR,2007,62477756,332000.0,531.0,110000.0,177.0,37.0,62.477756,2000s,High,High,High
Democratic Republic of the Congo,COD,AFR,2008,64390653,335000.0,521.0,109000.0,170.0,36.0,64.390653,2000s,High,High,High
Democratic Republic of the Congo,COD,AFR,2009,66412046,339000.0,510.0,120000.0,180.0,39.0,66.412046,2000s,High,High,High
Democratic Republic of the Congo,COD,AFR,2010,68563028,343000.0,500.0,119000.0,174.0,39.0,68.563028,2010s,High,High,High
Democratic Republic of the Congo,COD,AFR,2011,70849306,347000.0,490.0,123000.0,173.0,39.0,70.849306,2010s,High,High,High
Democratic Republic of the Congo,COD,AFR,2012,73254621,352000.0,480.0,125000.0,170.0,39.0,73.254621,2010s,High,High,High
Democratic Republic of the Congo,COD,AFR,2013,75789389,357000.0,471.0,125000.0,164.0,39.0,75.789389,2010s,High,High,High
Democratic Republic of the Congo,COD,AFR,2014,78403238,362000.0,461.0,124000.0,158.0,38.0,78.403238,2010s,High,High,High
Democratic Republic of the Congo,COD,AFR,2015,81035533,366000.0,452.0,123000.0,152.0,37.0,81.035533,2010s,High,High,High
Democratic Republic of the Congo,COD,AFR,2016,83956413,372000.0,443.0,120000.0,143.0,36.0,83.956413,2010s,High,High,High
Democratic Republic of the Congo,COD,AFR,2017,87083395,378000.0,434.0,111000.0,128.0,33.0,87.083395,2010s,High,High,High
Democratic Republic of the Congo,COD,AFR,2018,90047635,383000.0,426.0,106000.0,118.0,31.0,90.047635,2010s,High,High,High
Democratic Republic of the Congo,COD,AFR,2019,92947436,388000.0,417.0,104000.0,112.0,30.0,92.947436,2010s,High,High,High
Democratic Republic of the Congo,COD,AFR,2020,95989997,392000.0,409.0,94000.0,98.0,27.0,95.989997,2020s,High,High,High
Democratic Republic of the Congo,COD,AFR,2021,99148925,397000.0,401.0,91000.0,92.0,26.0,99.148925,2020s,High,High,High
Democratic Republic of the Congo,COD,AFR,2022,102396973,402000.0,392.0,79000.0,77.0,22.0,102.396973,2020s,High,High,High
Democratic Republic of the Congo,COD,AFR,2023,105789741,407000.0,385.0,76000.0,72.0,21.0,105.789741,2020s,High,High,High
Democratic Republic of the Congo,COD,AFR,2024,109276257,412000.0,377.0,66000.0,60.0,18.0,109.276257,2020s,High,High,High
Denmark,DNK,EUR,2000,5339658,840.0,16.0,60.0,1.1,7.0,5.339658,2000s,Low,Low,Moderate
Denmark,DNK,EUR,2001,5358829,700.0,13.0,56.0,1.0,8.0,5.358829,2000s,Low,Low,Moderate
Denmark,DNK,EUR,2002,5375966,560.0,10.0,49.0,0.9,9.0,5.375966,2000s,Low,Low,Moderate
Denmark,DNK,EUR,2003,5390620,540.0,10.0,37.0,0.69,7.0,5.39062,2000s,Low,Low,Moderate
Denmark,DNK,EUR,2004,5404602,490.0,9.1,43.0,0.79,9.0,5.404602,2000s,Low,Low,Moderate
Denmark,DNK,EUR,2005,5419554,540.0,10.0,34.0,0.64,6.0,5.419554,2000s,Low,Low,Moderate
Denmark,DNK,EUR,2006,5437418,460.0,8.5,27.0,0.5,6.0,5.437418,2000s,Low,Low,Moderate
Denmark,DNK,EUR,2007,5461611,480.0,8.7,31.0,0.57,7.0,5.461611,2000s,Low,Low,Moderate
Denmark,DNK,EUR,2008,5493767,440.0,8.0,17.0,0.32,4.0,5.493767,2000s,Low,Low,Low
Denmark,DNK,EUR,2009,5523178,390.0,7.0,29.0,0.52,7.0,5.523178,2000s,Low,Low,Moderate
Denmark,DNK,EUR,2010,5547867,430.0,7.8,39.0,0.7,9.0,5.547867,2010s,Low,Low,Moderate
Denmark,DNK,EUR,2011,5570840,460.0,8.3,21.0,0.37,4.0,5.57084,2010s,Low,Low,Low
Denmark,DNK,EUR,2012,5591915,440.0,7.8,26.0,0.46,6.0,5.591915,2010s,Low,Low,Moderate
Denmark,DNK,EUR,2013,5615340,420.0,7.5,19.0,0.34,5.0,5.61534,2010s,Low,Low,Low
Denmark,DNK,EUR,2014,5643799,370.0,6.5,15.0,0.27,4.0,5.643799,2010s,Low,Low,Low
Denmark,DNK,EUR,2015,5683700,400.0,7.0,20.0,0.35,5.0,5.6837,2010s,Low,Low,Low
Denmark,DNK,EUR,2016,5728202,360.0,6.3,25.0,0.44,7.0,5.728202,2010s,Low,Low,Moderate
Denmark,DNK,EUR,2017,5765163,310.0,5.4,16.0,0.27,5.0,5.765163,2010s,Low,Low,Low
Denmark,DNK,EUR,2018,5793819,330.0,5.7,12.0,0.2,4.0,5.793819,2010s,Low,Low,Low
Denmark,DNK,EUR,2019,5814619,320.0,5.4,17.0,0.29,5.0,5.814619,2010s,Low,Low,Low
Denmark,DNK,EUR,2020,5831526,250.0,4.3,12.0,0.21,5.0,5.831526,2020s,Low,Low,Low
Denmark,DNK,EUR,2021,5856781,230.0,4.0,10.0,0.17,4.0,5.856781,2020s,Low,Low,Low
Denmark,DNK,EUR,2022,5902905,250.0,4.2,11.0,0.19,4.0,5.902905,2020s,Low,Low,Low
Denmark,DNK,EUR,2023,5948138,210.0,3.5,12.0,0.19,6.0,5.948138,2020s,Low,Low,Moderate
Denmark,DNK,EUR,2024,5977402,190.0,3.2,12.0,0.19,6.0,5.977402,2020s,Low,Low,Moderate
Djibouti,DJI,EMR,2000,747323,20000.0,2700.0,9900.0,1320.0,49.0,0.747323,2000s,High,High,High
Djibouti,DJI,EMR,2001,771314,20000.0,2650.0,9600.0,1240.0,47.0,0.771314,2000s,High,High,High
Djibouti,DJI,EMR,2002,795580,15000.0,1870.0,6700.0,845.0,46.0,0.79558,2000s,High,High,High
Djibouti,DJI,EMR,2003,813530,14000.0,1780.0,6400.0,781.0,44.0,0.81353,2000s,High,High,High
Djibouti,DJI,EMR,2004,826127,13000.0,1530.0,5400.0,658.0,43.0,0.826127,2000s,High,High,High
Djibouti,DJI,EMR,2005,839160,13000.0,1530.0,5500.0,651.0,43.0,0.83916,2000s,High,High,High
Djibouti,DJI,EMR,2006,855761,12000.0,1350.0,4800.0,564.0,42.0,0.855761,2000s,High,High,High
Djibouti,DJI,EMR,2007,874520,12000.0,1320.0,4100.0,468.0,36.0,0.87452,2000s,High,High,High
Djibouti,DJI,EMR,2008,892730,12000.0,1390.0,4300.0,485.0,35.0,0.89273,2000s,High,High,High
Djibouti,DJI,EMR,2009,911527,12000.0,1320.0,4000.0,443.0,34.0,0.911527,2000s,High,High,High
Djibouti,DJI,EMR,2010,930257,13000.0,1350.0,4600.0,499.0,37.0,0.930257,2010s,High,High,High
Djibouti,DJI,EMR,2011,948554,11000.0,1140.0,3900.0,411.0,36.0,0.948554,2010s,High,High,High
Djibouti,DJI,EMR,2012,966755,9900.0,1020.0,3500.0,361.0,36.0,0.966755,2010s,High,High,High
Djibouti,DJI,EMR,2013,984825,8800.0,889.0,3000.0,305.0,35.0,0.984825,2010s,High,High,High
Djibouti,DJI,EMR,2014,1002712,6500.0,651.0,2000.0,197.0,31.0,1.002712,2010s,High,High,High
Djibouti,DJI,EMR,2015,1020320,7100.0,691.0,2100.0,202.0,29.0,1.02032,2010s,High,High,High
Djibouti,DJI,EMR,2016,1037654,6200.0,600.0,1700.0,168.0,28.0,1.037654,2010s,High,High,High
Djibouti,DJI,EMR,2017,1054839,4800.0,454.0,1300.0,122.0,27.0,1.054839,2010s,High,High,High
Djibouti,DJI,EMR,2018,1071888,4600.0,433.0,1200.0,115.0,27.0,1.071888,2010s,High,High,High
Djibouti,DJI,EMR,2019,1088716,4200.0,389.0,1100.0,103.0,27.0,1.088716,2010s,High,High,High
Djibouti,DJI,EMR,2020,1105184,4000.0,366.0,1100.0,99.0,27.0,1.105184,2020s,High,High,High
Djibouti,DJI,EMR,2021,1121254,4400.0,392.0,1200.0,107.0,28.0,1.121254,2020s,High,High,High
Djibouti,DJI,EMR,2022,1137098,5300.0,462.0,1400.0,127.0,28.0,1.137098,2020s,High,High,High
Djibouti,DJI,EMR,2023,1152944,5500.0,477.0,1500.0,131.0,28.0,1.152944,2020s,High,High,High
Djibouti,DJI,EMR,2024,1168719,5800.0,495.0,1600.0,136.0,28.0,1.168719,2020s,High,High,High
Dominica,DMA,AMR,2000,68503,3.0,4.4,2.0,3.3,,0.068503,2000s,Low,Low,
Dominica,DMA,AMR,2001,68287,4.0,5.4,1.0,1.7,,0.068287,2000s,Low,Low,
Dominica,DMA,AMR,2002,68357,2.0,2.9,2.0,2.3,,0.068357,2000s,Low,Low,
Dominica,DMA,AMR,2003,68540,5.0,7.6,2.0,3.2,,0.06854,2000s,Low,Low,
Dominica,DMA,AMR,2004,68645,6.0,8.7,1.0,1.7,,0.068645,2000s,Low,Low,
Dominica,DMA,AMR,2005,68733,7.0,9.7,1.0,1.6,,0.068733,2000s,Low,Low,
Dominica,DMA,AMR,2006,68805,19.0,28.0,1.0,2.1,,0.068805,2000s,Low,Low,
Dominica,DMA,AMR,2007,68846,3.0,4.4,4.0,5.9,,0.068846,2000s,Low,Low,
Dominica,DMA,AMR,2008,68846,13.0,19.0,4.0,6.0,,0.068846,2000s,Low,Low,
Dominica,DMA,AMR,2009,68862,4.0,5.8,3.0,4.1,,0.068862,2000s,Low,Low,
Dominica,DMA,AMR,2010,68854,8.0,12.0,3.0,3.8,,0.068854,2010s,Low,Low,
Dominica,DMA,AMR,2011,69045,2.0,2.9,2.0,3.4,,0.069045,2010s,Low,Low,
Dominica,DMA,AMR,2012,69114,7.0,10.0,3.0,4.6,,0.069114,2010s,Low,Low,
Dominica,DMA,AMR,2013,69701,3.0,4.3,3.0,4.8,,0.069701,2010s,Low,Low,
Dominica,DMA,AMR,2014,70368,1.0,1.4,2.0,3.0,,0.070368,2010s,Low,Low,
Dominica,DMA,AMR,2015,70407,7.0,9.9,3.0,4.4,,0.070407,2010s,Low,Low,
Dominica,DMA,AMR,2016,69603,5.0,7.2,2.0,3.1,,0.069603,2010s,Low,Low,
Dominica,DMA,AMR,2017,68491,1.0,1.5,2.0,3.0,,0.068491,2010s,Low,Low,
Dominica,DMA,AMR,2018,68171,4.0,5.9,2.0,3.0,,0.068171,2010s,Low,Low,
Dominica,DMA,AMR,2019,67872,10.0,15.0,2.0,3.0,,0.067872,2010s,Low,Low,
Dominica,DMA,AMR,2020,67568,4.0,5.2,2.0,2.8,,0.067568,2020s,Low,Low,
Dominica,DMA,AMR,2021,67206,0.0,0.0,2.0,2.8,,0.067206,2020s,,Low,
Dominica,DMA,AMR,2022,66825,0.0,0.0,2.0,2.8,,0.066825,2020s,,Low,
Dominica,DMA,AMR,2023,66511,4.0,6.0,2.0,2.8,,0.066511,2020s,Low,Low,
Dominica,DMA,AMR,2024,66212,3.0,4.5,2.0,2.8,,0.066212,2020s,Low,Low,
Dominican Republic,DOM,AMR,2000,8584190,12000.0,145.0,2900.0,34.0,24.0,8.58419,2000s,Medium,Moderate,High
Dominican Republic,DOM,AMR,2001,8720279,11000.0,124.0,2300.0,26.0,21.0,8.720279,2000s,Medium,Moderate,High
Dominican Republic,DOM,AMR,2002,8852229,8900.0,100.0,1900.0,21.0,21.0,8.852229,2000s,Low,Moderate,High
Dominican Republic,DOM,AMR,2003,8980613,10000.0,113.0,2000.0,22.0,20.0,8.980613,2000s,Medium,Moderate,High
Dominican Republic,DOM,AMR,2004,9104891,9400.0,103.0,1800.0,19.0,19.0,9.104891,2000s,Medium,Low,High
Dominican Republic,DOM,AMR,2005,9225029,10000.0,108.0,1100.0,12.0,11.0,9.225029,2000s,Medium,Low,High
Dominican Republic,DOM,AMR,2006,9341182,8600.0,92.0,1500.0,17.0,18.0,9.341182,2000s,Low,Low,High
Dominican Republic,DOM,AMR,2007,9455650,7300.0,78.0,1300.0,14.0,19.0,9.45565,2000s,Low,Low,High
Dominican Republic,DOM,AMR,2008,9573131,7200.0,75.0,1200.0,13.0,17.0,9.573131,2000s,Low,Low,High
Dominican Republic,DOM,AMR,2009,9695253,6800.0,70.0,790.0,8.1,12.0,9.695253,2000s,Low,Low,High
Dominican Republic,DOM,AMR,2010,9820177,6000.0,61.0,1100.0,11.0,18.0,9.820177,2010s,Low,Low,High
Dominican Republic,DOM,AMR,2011,9945632,6400.0,64.0,960.0,9.7,15.0,9.945632,2010s,Low,Low,High
Dominican Republic,DOM,AMR,2012,10070407,6200.0,61.0,940.0,9.3,15.0,10.070407,2010s,Low,Low,High
Dominican Republic,DOM,AMR,2013,10193837,6300.0,62.0,930.0,9.1,15.0,10.193837,2010s,Low,Low,High
Dominican Republic,DOM,AMR,2014,10315524,6200.0,60.0,860.0,8.3,14.0,10.315524,2010s,Low,Low,High
Dominican Republic,DOM,AMR,2015,10434829,6200.0,59.0,810.0,7.7,13.0,10.434829,2010s,Low,Low,High
Dominican Republic,DOM,AMR,2016,10551427,5800.0,55.0,740.0,7.0,13.0,10.551427,2010s,Low,Low,High
Dominican Republic,DOM,AMR,2017,10666840,5300.0,50.0,670.0,6.3,13.0,10.66684,2010s,Low,Low,High
Dominican Republic,DOM,AMR,2018,10782056,5300.0,49.0,610.0,5.7,12.0,10.782056,2010s,Low,Low,High
Dominican Republic,DOM,AMR,2019,10894044,4900.0,45.0,520.0,4.8,11.0,10.894044,2010s,Low,Low,High
Dominican Republic,DOM,AMR,2020,11008306,5100.0,46.0,760.0,6.9,15.0,11.008306,2020s,Low,Low,High
Dominican Republic,DOM,AMR,2021,11123481,5300.0,47.0,710.0,6.4,14.0,11.123481,2020s,Low,Low,High
Dominican Republic,DOM,AMR,2022,11230741,5500.0,49.0,450.0,4.0,8.0,11.230741,2020s,Low,Low,Moderate
Dominican Republic,DOM,AMR,2023,11331267,5600.0,50.0,460.0,4.1,8.0,11.331267,2020s,Low,Low,Moderate
Dominican Republic,DOM,AMR,2024,11427554,5800.0,51.0,470.0,4.1,8.0,11.427554,2020s,Low,Low,Moderate
Ecuador,ECU,AMR,2000,12689211,16000.0,124.0,2000.0,16.0,13.0,12.689211,2000s,Medium,Low,High
Ecuador,ECU,AMR,2001,12910747,13000.0,103.0,1700.0,13.0,13.0,12.910747,2000s,Medium,Low,High
Ecuador,ECU,AMR,2002,13138476,12000.0,95.0,1500.0,12.0,12.0,13.138476,2000s,Low,Low,High
Ecuador,ECU,AMR,2003,13372305,14000.0,105.0,1400.0,11.0,10.0,13.372305,2000s,Medium,Low,Moderate
Ecuador,ECU,AMR,2004,13608695,13000.0,93.0,1300.0,9.7,11.0,13.608695,2000s,Low,Low,High
Ecuador,ECU,AMR,2005,13846163,8600.0,62.0,1300.0,9.5,15.0,13.846163,2000s,Low,Low,High
Ecuador,ECU,AMR,2006,14086131,8500.0,60.0,1300.0,9.0,15.0,14.086131,2000s,Low,Low,High
Ecuador,ECU,AMR,2007,14328771,8600.0,60.0,1300.0,8.9,15.0,14.328771,2000s,Low,Low,High
Ecuador,ECU,AMR,2008,14575203,8100.0,56.0,1200.0,7.9,14.0,14.575203,2000s,Low,Low,High
Ecuador,ECU,AMR,2009,14825955,7600.0,51.0,1000.0,6.8,14.0,14.825955,2000s,Low,Low,High
Ecuador,ECU,AMR,2010,15076703,7500.0,49.0,940.0,6.3,13.0,15.076703,2010s,Low,Low,High
Ecuador,ECU,AMR,2011,15326231,7600.0,50.0,910.0,5.9,12.0,15.326231,2010s,Low,Low,High
Ecuador,ECU,AMR,2012,15572197,7900.0,51.0,830.0,5.4,11.0,15.572197,2010s,Low,Low,High
Ecuador,ECU,AMR,2013,15807125,7500.0,47.0,830.0,5.2,11.0,15.807125,2010s,Low,Low,High
Ecuador,ECU,AMR,2014,16035135,7100.0,44.0,810.0,5.1,12.0,16.035135,2010s,Low,Low,High
Ecuador,ECU,AMR,2015,16266217,6800.0,42.0,770.0,4.7,11.0,16.266217,2010s,Low,Low,High
Ecuador,ECU,AMR,2016,16505132,7000.0,42.0,780.0,4.7,11.0,16.505132,2010s,Low,Low,High
Ecuador,ECU,AMR,2017,16759517,7500.0,44.0,860.0,5.1,12.0,16.759517,2010s,Low,Low,High
Ecuador,ECU,AMR,2018,17049544,7600.0,45.0,790.0,4.6,10.0,17.049544,2010s,Low,Low,Moderate
Ecuador,ECU,AMR,2019,17340025,8000.0,46.0,810.0,4.7,10.0,17.340025,2010s,Low,Low,Moderate
Ecuador,ECU,AMR,2020,17546077,6700.0,38.0,700.0,4.0,11.0,17.546077,2020s,Low,Low,High
Ecuador,ECU,AMR,2021,17682453,7200.0,41.0,870.0,4.9,12.0,17.682453,2020s,Low,Low,High
Ecuador,ECU,AMR,2022,17823893,8900.0,50.0,1100.0,6.3,13.0,17.823893,2020s,Low,Low,High
Ecuador,ECU,AMR,2023,17980089,11000.0,59.0,910.0,5.1,9.0,17.980089,2020s,Low,Low,Moderate
Ecuador,ECU,AMR,2024,18135477,12000.0,66.0,1000.0,5.7,9.0,18.135477,2020s,Low,Low,Moderate
Egypt,EGY,EMR,2000,73083284,15000.0,21.0,1100.0,1.5,7.0,73.083284,2000s,Low,Low,Moderate
Egypt,EGY,EMR,2001,74652027,15000.0,21.0,1100.0,1.5,7.0,74.652027,2000s,Low,Low,Moderate
Egypt,EGY,EMR,2002,76239140,15000.0,20.0,1100.0,1.4,7.0,76.23914,2000s,Low,Low,Moderate
Egypt,EGY,EMR,2003,77853559,15000.0,19.0,1200.0,1.5,8.0,77.853559,2000s,Low,Low,Moderate
Egypt,EGY,EMR,2004,79477441,15000.0,19.0,970.0,1.2,7.0,79.477441,2000s,Low,Low,Moderate
Egypt,EGY,EMR,2005,81101004,15000.0,18.0,1000.0,1.2,7.0,81.101004,2000s,Low,Low,Moderate
Egypt,EGY,EMR,2006,82700402,14000.0,17.0,910.0,1.1,6.0,82.700402,2000s,Low,Low,Moderate
Egypt,EGY,EMR,2007,84276219,14000.0,17.0,920.0,1.1,7.0,84.276219,2000s,Low,Low,Moderate
Egypt,EGY,EMR,2008,85864792,14000.0,16.0,930.0,1.1,7.0,85.864792,2000s,Low,Low,Moderate
Egypt,EGY,EMR,2009,87501631,14000.0,16.0,770.0,0.89,6.0,87.501631,2000s,Low,Low,Moderate
Egypt,EGY,EMR,2010,89196087,14000.0,15.0,660.0,0.74,5.0,89.196087,2010s,Low,Low,Low
Egypt,EGY,EMR,2011,91093062,13000.0,15.0,800.0,0.88,6.0,91.093062,2010s,Low,Low,Moderate
Egypt,EGY,EMR,2012,93161010,13000.0,14.0,650.0,0.7,5.0,93.16101,2010s,Low,Low,Low
Egypt,EGY,EMR,2013,95333548,13000.0,14.0,340.0,0.36,3.0,95.333548,2010s,Low,Low,Low
Egypt,EGY,EMR,2014,97528658,13000.0,13.0,330.0,0.34,3.0,97.528658,2010s,Low,Low,Low
Egypt,EGY,EMR,2015,99597336,13000.0,13.0,460.0,0.46,4.0,99.597336,2010s,Low,Low,Low
Egypt,EGY,EMR,2016,101644591,13000.0,13.0,470.0,0.46,4.0,101.644591,2010s,Low,Low,Low
Egypt,EGY,EMR,2017,103696066,13000.0,12.0,480.0,0.46,4.0,103.696066,2010s,Low,Low,Low
Egypt,EGY,EMR,2018,105682093,12000.0,12.0,490.0,0.46,4.0,105.682093,2010s,Low,Low,Low
Egypt,EGY,EMR,2019,107553162,12000.0,11.0,500.0,0.46,4.0,107.553162,2010s,Low,Low,Low
Egypt,EGY,EMR,2020,109315120,12000.0,11.0,510.0,0.47,4.0,109.31512,2020s,Low,Low,Low
Egypt,EGY,EMR,2021,110957005,12000.0,11.0,520.0,0.47,4.0,110.957005,2020s,Low,Low,Low
Egypt,EGY,EMR,2022,112618246,12000.0,11.0,520.0,0.46,4.0,112.618246,2020s,Low,Low,Low
Egypt,EGY,EMR,2023,114535766,12000.0,10.0,520.0,0.46,4.0,114.535766,2020s,Low,Low,Low
Egypt,EGY,EMR,2024,116538257,12000.0,10.0,530.0,0.46,5.0,116.538257,2020s,Low,Low,Low
El Salvador,SLV,AMR,2000,5943377,3500.0,58.0,270.0,4.5,8.0,5.943377,2000s,Low,Low,Moderate
El Salvador,SLV,AMR,2001,5968044,3100.0,53.0,210.0,3.6,7.0,5.968044,2000s,Low,Low,Moderate
El Salvador,SLV,AMR,2002,5986635,3100.0,52.0,210.0,3.4,7.0,5.986635,2000s,Low,Low,Moderate
El Salvador,SLV,AMR,2003,5998597,2600.0,43.0,180.0,3.0,7.0,5.998597,2000s,Low,Low,Moderate
El Salvador,SLV,AMR,2004,6004677,2500.0,41.0,170.0,2.9,7.0,6.004677,2000s,Low,Low,Moderate
El Salvador,SLV,AMR,2005,6005585,3000.0,50.0,220.0,3.7,8.0,6.005585,2000s,Low,Low,Moderate
El Salvador,SLV,AMR,2006,6002317,2600.0,44.0,160.0,2.6,6.0,6.002317,2000s,Low,Low,Moderate
El Salvador,SLV,AMR,2007,6009824,2600.0,43.0,210.0,3.5,8.0,6.009824,2000s,Low,Low,Moderate
El Salvador,SLV,AMR,2008,6029294,2600.0,43.0,170.0,2.9,7.0,6.029294,2000s,Low,Low,Moderate
El Salvador,SLV,AMR,2009,6048270,2400.0,40.0,160.0,2.6,7.0,6.04827,2000s,Low,Low,Moderate
El Salvador,SLV,AMR,2010,6068245,2400.0,39.0,160.0,2.7,7.0,6.068245,2010s,Low,Low,Moderate
El Salvador,SLV,AMR,2011,6090136,2600.0,43.0,140.0,2.3,5.0,6.090136,2010s,Low,Low,Low
El Salvador,SLV,AMR,2012,6113974,2800.0,46.0,160.0,2.6,6.0,6.113974,2010s,Low,Low,Moderate
El Salvador,SLV,AMR,2013,6138850,3000.0,48.0,150.0,2.4,5.0,6.13885,2010s,Low,Low,Low
El Salvador,SLV,AMR,2014,6162953,3000.0,48.0,160.0,2.5,5.0,6.162953,2010s,Low,Low,Low
El Salvador,SLV,AMR,2015,6183667,3300.0,53.0,130.0,2.1,4.0,6.183667,2010s,Low,Low,Low
El Salvador,SLV,AMR,2016,6200791,4000.0,65.0,140.0,2.2,4.0,6.200791,2010s,Low,Low,Low
El Salvador,SLV,AMR,2017,6213534,4800.0,77.0,120.0,1.9,3.0,6.213534,2010s,Low,Low,Low
El Salvador,SLV,AMR,2018,6219817,4700.0,76.0,170.0,2.8,4.0,6.219817,2010s,Low,Low,Low
El Salvador,SLV,AMR,2019,6222314,3900.0,63.0,120.0,2.0,3.0,6.222314,2010s,Low,Low,Low
El Salvador,SLV,AMR,2020,6234679,2600.0,42.0,110.0,1.8,4.0,6.234679,2020s,Low,Low,Low
El Salvador,SLV,AMR,2021,6255785,2400.0,39.0,110.0,1.8,5.0,6.255785,2020s,Low,Low,Low
El Salvador,SLV,AMR,2022,6280330,3200.0,51.0,140.0,2.2,4.0,6.28033,2020s,Low,Low,Low
El Salvador,SLV,AMR,2023,6309636,5400.0,86.0,150.0,2.4,3.0,6.309636,2020s,Low,Low,Low
El Salvador,SLV,AMR,2024,6338193,7300.0,116.0,140.0,2.2,2.0,6.338193,2020s,Medium,Low,Low
Equatorial Guinea,GNQ,AFR,2000,703280,2300.0,323.0,1100.0,158.0,55.0,0.70328,2000s,High,High,High
Equatorial Guinea,GNQ,AFR,2001,749827,2400.0,316.0,1100.0,151.0,53.0,0.749827,2000s,High,High,High
Equatorial Guinea,GNQ,AFR,2002,797951,2500.0,310.0,1200.0,146.0,52.0,0.797951,2000s,High,High,High
Equatorial Guinea,GNQ,AFR,2003,847867,2600.0,304.0,1200.0,142.0,52.0,0.847867,2000s,High,High,High
Equatorial Guinea,GNQ,AFR,2004,899919,2700.0,298.0,1300.0,139.0,52.0,0.899919,2000s,High,High,High
Equatorial Guinea,GNQ,AFR,2005,947363,2800.0,292.0,1300.0,137.0,52.0,0.947363,2000s,High,High,High
Equatorial Guinea,GNQ,AFR,2006,990339,2800.0,286.0,1300.0,135.0,53.0,0.990339,2000s,High,High,High
Equatorial Guinea,GNQ,AFR,2007,1036044,2900.0,280.0,1400.0,133.0,53.0,1.036044,2000s,High,High,High
Equatorial Guinea,GNQ,AFR,2008,1084523,3000.0,275.0,1400.0,130.0,53.0,1.084523,2000s,High,High,High
Equatorial Guinea,GNQ,AFR,2009,1135683,3100.0,269.0,1500.0,130.0,54.0,1.135683,2000s,High,High,High
Equatorial Guinea,GNQ,AFR,2010,1189080,3100.0,264.0,1300.0,107.0,45.0,1.18908,2010s,High,High,High
Equatorial Guinea,GNQ,AFR,2011,1241838,3200.0,259.0,1500.0,120.0,52.0,1.241838,2010s,High,High,High
Equatorial Guinea,GNQ,AFR,2012,1293477,3300.0,253.0,1500.0,115.0,51.0,1.293477,2010s,High,High,High
Equatorial Guinea,GNQ,AFR,2013,1346221,3300.0,248.0,1500.0,109.0,49.0,1.346221,2010s,High,High,High
Equatorial Guinea,GNQ,AFR,2014,1399822,3400.0,243.0,1300.0,96.0,44.0,1.399822,2010s,High,High,High
Equatorial Guinea,GNQ,AFR,2015,1453928,3500.0,239.0,1400.0,96.0,45.0,1.453928,2010s,High,High,High
Equatorial Guinea,GNQ,AFR,2016,1508182,3500.0,234.0,1400.0,90.0,43.0,1.508182,2010s,High,High,High
Equatorial Guinea,GNQ,AFR,2017,1562393,3600.0,229.0,1300.0,83.0,40.0,1.562393,2010s,High,High,High
Equatorial Guinea,GNQ,AFR,2018,1616419,3600.0,225.0,1300.0,83.0,41.0,1.616419,2010s,High,High,High
Equatorial Guinea,GNQ,AFR,2019,1670181,3700.0,220.0,1300.0,76.0,38.0,1.670181,2010s,High,High,High
Equatorial Guinea,GNQ,AFR,2020,1716475,3700.0,216.0,1400.0,79.0,41.0,1.716475,2020s,High,High,High
Equatorial Guinea,GNQ,AFR,2021,1758790,3700.0,211.0,1200.0,67.0,36.0,1.75879,2020s,High,High,High
Equatorial Guinea,GNQ,AFR,2022,1803547,3700.0,207.0,630.0,35.0,19.0,1.803547,2020s,High,Moderate,High
Equatorial Guinea,GNQ,AFR,2023,1847547,3800.0,203.0,340.0,18.0,10.0,1.847547,2020s,High,Low,Moderate
Equatorial Guinea,GNQ,AFR,2024,1892525,3800.0,199.0,880.0,47.0,26.0,1.892525,2020s,Medium,Moderate,High
Eritrea,ERI,AFR,2000,2247028,32000.0,1440.0,14000.0,615.0,43.0,2.247028,2000s,High,High,High
Eritrea,ERI,AFR,2001,2312078,12000.0,538.0,5100.0,220.0,41.0,2.312078,2000s,High,High,High
Eritrea,ERI,AFR,2002,2392972,12000.0,498.0,4700.0,196.0,40.0,2.392972,2000s,High,High,High
Eritrea,ERI,AFR,2003,2493899,19000.0,756.0,7200.0,288.0,38.0,2.493899,2000s,High,High,High
Eritrea,ERI,AFR,2004,2598276,16000.0,617.0,5900.0,228.0,37.0,2.598276,2000s,High,High,High
Eritrea,ERI,AFR,2005,2661211,13000.0,483.0,4700.0,175.0,37.0,2.661211,2000s,High,High,High
Eritrea,ERI,AFR,2006,2703499,10000.0,375.0,3600.0,132.0,36.0,2.703499,2000s,High,High,High
Eritrea,ERI,AFR,2007,2743211,11000.0,417.0,3900.0,144.0,35.0,2.743211,2000s,High,High,High
Eritrea,ERI,AFR,2008,2816328,8800.0,312.0,3300.0,118.0,38.0,2.816328,2000s,High,High,High
Eritrea,ERI,AFR,2009,2887891,8100.0,281.0,2600.0,91.0,33.0,2.887891,2000s,High,High,High
Eritrea,ERI,AFR,2010,2945194,7600.0,258.0,2400.0,80.0,31.0,2.945194,2010s,High,High,High
Eritrea,ERI,AFR,2011,2998484,7900.0,262.0,2500.0,83.0,32.0,2.998484,2010s,High,High,High
Eritrea,ERI,AFR,2012,3036981,7900.0,261.0,2500.0,82.0,32.0,3.036981,2010s,High,High,High
Eritrea,ERI,AFR,2013,3074359,7000.0,229.0,2000.0,65.0,29.0,3.074359,2010s,High,High,High
Eritrea,ERI,AFR,2014,3095172,5700.0,186.0,1600.0,52.0,28.0,3.095172,2010s,Medium,High,High
Eritrea,ERI,AFR,2015,3105542,4800.0,156.0,1300.0,42.0,27.0,3.105542,2010s,Medium,Moderate,High
Eritrea,ERI,AFR,2016,3124698,5100.0,163.0,1400.0,44.0,27.0,3.124698,2010s,Medium,Moderate,High
Eritrea,ERI,AFR,2017,3150353,4600.0,147.0,1200.0,39.0,27.0,3.150353,2010s,Medium,Moderate,High
Eritrea,ERI,AFR,2018,3192759,4200.0,132.0,1100.0,35.0,27.0,3.192759,2010s,Medium,Moderate,High
Eritrea,ERI,AFR,2019,3240187,4100.0,127.0,1100.0,33.0,26.0,3.240187,2010s,Medium,Moderate,High
Eritrea,ERI,AFR,2020,3291261,3600.0,111.0,960.0,29.0,27.0,3.291261,2020s,Medium,Moderate,High
Eritrea,ERI,AFR,2021,3350177,3700.0,111.0,980.0,29.0,27.0,3.350177,2020s,Medium,Moderate,High
Eritrea,ERI,AFR,2022,3409453,4600.0,134.0,1200.0,35.0,27.0,3.409453,2020s,Medium,Moderate,High
Eritrea,ERI,AFR,2023,3470390,5200.0,149.0,1400.0,39.0,27.0,3.47039,2020s,Medium,Moderate,High
Eritrea,ERI,AFR,2024,3535603,4100.0,115.0,1100.0,30.0,27.0,3.535603,2020s,Medium,Moderate,High
Estonia,EST,EUR,2000,1396995,1500.0,105.0,140.0,10.0,10.0,1.396995,2000s,Medium,Low,Moderate
Estonia,EST,EUR,2001,1388168,1300.0,94.0,150.0,11.0,12.0,1.388168,2000s,Low,Low,High
Estonia,EST,EUR,2002,1379429,1100.0,83.0,160.0,11.0,14.0,1.379429,2000s,Low,Low,High
Estonia,EST,EUR,2003,1370853,1100.0,78.0,170.0,12.0,16.0,1.370853,2000s,Low,Low,High
Estonia,EST,EUR,2004,1362673,970.0,71.0,120.0,9.0,13.0,1.362673,2000s,Low,Low,High
Estonia,EST,EUR,2005,1354848,860.0,64.0,75.0,5.5,9.0,1.354848,2000s,Low,Low,Moderate
Estonia,EST,EUR,2006,1346881,720.0,54.0,97.0,7.2,13.0,1.346881,2000s,Low,Low,High
Estonia,EST,EUR,2007,1340701,750.0,56.0,94.0,7.0,13.0,1.340701,2000s,Low,Low,High
Estonia,EST,EUR,2008,1337074,630.0,47.0,77.0,5.8,12.0,1.337074,2000s,Low,Low,High
Estonia,EST,EUR,2009,1334530,540.0,40.0,68.0,5.1,13.0,1.33453,2000s,Low,Low,High
Estonia,EST,EUR,2010,1331449,410.0,31.0,54.0,4.1,13.0,1.331449,2010s,Low,Low,High
Estonia,EST,EUR,2011,1327353,410.0,31.0,64.0,4.8,15.0,1.327353,2010s,Low,Low,High
Estonia,EST,EUR,2012,1322603,360.0,27.0,52.0,4.0,15.0,1.322603,2010s,Low,Low,High
Estonia,EST,EUR,2013,1317916,360.0,27.0,39.0,2.9,11.0,1.317916,2010s,Low,Low,High
Estonia,EST,EUR,2014,1314452,320.0,24.0,37.0,2.8,12.0,1.314452,2010s,Low,Low,High
Estonia,EST,EUR,2015,1314581,270.0,21.0,30.0,2.3,11.0,1.314581,2010s,Low,Low,High
Estonia,EST,EUR,2016,1315840,250.0,19.0,35.0,2.7,14.0,1.31584,2010s,Low,Low,High
Estonia,EST,EUR,2017,1317435,220.0,17.0,28.0,2.1,13.0,1.317435,2010s,Low,Low,High
Estonia,EST,EUR,2018,1321970,190.0,14.0,17.0,1.3,9.0,1.32197,2010s,Low,Low,Moderate
Estonia,EST,EUR,2019,1326816,190.0,14.0,21.0,1.6,12.0,1.326816,2010s,Low,Low,High
Estonia,EST,EUR,2020,1329664,150.0,11.0,13.0,0.95,8.0,1.329664,2020s,Low,Low,Moderate
Estonia,EST,EUR,2021,1331751,140.0,10.0,17.0,1.3,13.0,1.331751,2020s,Low,Low,High
Estonia,EST,EUR,2022,1350094,160.0,12.0,14.0,1.0,9.0,1.350094,2020s,Low,Low,Moderate
Estonia,EST,EUR,2023,1367194,120.0,9.1,13.0,0.96,11.0,1.367194,2020s,Low,Low,High
Estonia,EST,EUR,2024,1360550,110.0,8.2,15.0,1.1,14.0,1.36055,2020s,Low,Low,High
Eswatini,SWZ,AFR,2000,1041414,10000.0,981.0,3500.0,335.0,45.0,1.041414,2000s,High,High,High
Eswatini,SWZ,AFR,2001,1051064,11000.0,1010.0,3700.0,348.0,46.0,1.051064,2000s,High,High,High
Eswatini,SWZ,AFR,2002,1059435,12000.0,1110.0,4100.0,385.0,49.0,1.059435,2000s,High,High,High
Eswatini,SWZ,AFR,2003,1066702,14000.0,1270.0,4700.0,444.0,54.0,1.066702,2000s,High,High,High
Eswatini,SWZ,AFR,2004,1073165,14000.0,1320.0,5000.0,463.0,56.0,1.073165,2000s,High,High,High
Eswatini,SWZ,AFR,2005,1079023,15000.0,1420.0,5400.0,499.0,59.0,1.079023,2000s,High,High,High
Eswatini,SWZ,AFR,2006,1084437,16000.0,1460.0,5600.0,517.0,61.0,1.084437,2000s,High,High,High
Eswatini,SWZ,AFR,2007,1090702,16000.0,1430.0,5400.0,499.0,59.0,1.090702,2000s,High,High,High
Eswatini,SWZ,AFR,2008,1098093,15000.0,1390.0,5400.0,493.0,59.0,1.098093,2000s,High,High,High
Eswatini,SWZ,AFR,2009,1105157,18000.0,1590.0,6200.0,562.0,66.0,1.105157,2000s,High,High,High
Eswatini,SWZ,AFR,2010,1111646,18000.0,1590.0,6200.0,558.0,65.0,1.111646,2010s,High,High,High
Eswatini,SWZ,AFR,2011,1117846,15000.0,1300.0,5000.0,445.0,54.0,1.117846,2010s,High,High,High
Eswatini,SWZ,AFR,2012,1123865,13000.0,1110.0,4200.0,374.0,48.0,1.123865,2010s,High,High,High
Eswatini,SWZ,AFR,2013,1129984,12000.0,1030.0,3900.0,343.0,45.0,1.129984,2010s,High,High,High
Eswatini,SWZ,AFR,2014,1136308,9700.0,855.0,3200.0,284.0,41.0,1.136308,2010s,High,High,High
Eswatini,SWZ,AFR,2015,1142815,7400.0,648.0,2400.0,213.0,38.0,1.142815,2010s,High,High,High
Eswatini,SWZ,AFR,2016,1149510,6200.0,537.0,2000.0,175.0,36.0,1.14951,2010s,High,High,High
Eswatini,SWZ,AFR,2017,1158202,5800.0,502.0,1900.0,162.0,35.0,1.158202,2010s,High,High,High
Eswatini,SWZ,AFR,2018,1168929,5200.0,441.0,1600.0,134.0,32.0,1.168929,2010s,High,High,High
Eswatini,SWZ,AFR,2019,1179879,4300.0,363.0,1100.0,91.0,26.0,1.179879,2010s,High,High,High
Eswatini,SWZ,AFR,2020,1192721,4000.0,336.0,1000.0,86.0,27.0,1.192721,2020s,High,High,High
Eswatini,SWZ,AFR,2021,1206593,4000.0,334.0,1100.0,88.0,28.0,1.206593,2020s,High,High,High
Eswatini,SWZ,AFR,2022,1218919,4100.0,335.0,1000.0,85.0,27.0,1.218919,2020s,High,High,High
Eswatini,SWZ,AFR,2023,1230500,4000.0,326.0,1000.0,82.0,27.0,1.2305,2020s,High,High,High
Eswatini,SWZ,AFR,2024,1242822,4000.0,319.0,970.0,78.0,26.0,1.242822,2020s,High,High,High
Ethiopia,ETH,AFR,2000,67411490,330000.0,489.0,128000.0,189.0,41.0,67.41149,2000s,High,High,High
Ethiopia,ETH,AFR,2001,69487754,321000.0,462.0,116000.0,168.0,39.0,69.487754,2000s,High,High,High
Ethiopia,ETH,AFR,2002,71635516,313000.0,437.0,101000.0,141.0,34.0,71.635516,2000s,High,High,High
Ethiopia,ETH,AFR,2003,73832653,304000.0,412.0,91000.0,124.0,32.0,73.832653,2000s,High,High,High
Ethiopia,ETH,AFR,2004,76077207,296000.0,388.0,83000.0,109.0,30.0,76.077207,2000s,High,High,High
Ethiopia,ETH,AFR,2005,78367471,287000.0,366.0,79000.0,100.0,29.0,78.367471,2000s,High,High,High
Ethiopia,ETH,AFR,2006,80703490,278000.0,345.0,76000.0,94.0,29.0,80.70349,2000s,High,High,High
Ethiopia,ETH,AFR,2007,83103218,269000.0,324.0,70000.0,84.0,28.0,83.103218,2000s,High,High,High
Ethiopia,ETH,AFR,2008,85543657,261000.0,305.0,61000.0,71.0,25.0,85.543657,2000s,High,High,High
Ethiopia,ETH,AFR,2009,88007634,252000.0,287.0,54000.0,61.0,23.0,88.007634,2000s,High,High,High
Ethiopia,ETH,AFR,2010,90538520,244000.0,269.0,48000.0,53.0,21.0,90.53852,2010s,High,High,High
Ethiopia,ETH,AFR,2011,93149971,236000.0,253.0,44000.0,47.0,20.0,93.149971,2010s,High,Moderate,High
Ethiopia,ETH,AFR,2012,95798765,228000.0,238.0,42000.0,44.0,20.0,95.798765,2010s,High,Moderate,High
Ethiopia,ETH,AFR,2013,98438751,221000.0,224.0,45000.0,46.0,22.0,98.438751,2010s,High,Moderate,High
Ethiopia,ETH,AFR,2014,101115610,214000.0,211.0,45000.0,44.0,23.0,101.11561,2010s,High,Moderate,High
Ethiopia,ETH,AFR,2015,103867142,207000.0,200.0,33000.0,32.0,17.0,103.867142,2010s,Medium,Moderate,High
Ethiopia,ETH,AFR,2016,106718159,202000.0,189.0,33000.0,31.0,18.0,106.718159,2010s,Medium,Moderate,High
Ethiopia,ETH,AFR,2017,109666475,196000.0,179.0,32000.0,29.0,18.0,109.666475,2010s,Medium,Moderate,High
Ethiopia,ETH,AFR,2018,112664149,192000.0,170.0,29000.0,25.0,16.0,112.664149,2010s,Medium,Moderate,High
Ethiopia,ETH,AFR,2019,115737383,188000.0,163.0,27000.0,23.0,16.0,115.737383,2010s,Medium,Moderate,High
Ethiopia,ETH,AFR,2020,118917673,186000.0,156.0,26000.0,22.0,15.0,118.917673,2020s,Medium,Moderate,High
Ethiopia,ETH,AFR,2021,122138583,184000.0,151.0,23000.0,19.0,14.0,122.138583,2020s,Medium,Low,High
Ethiopia,ETH,AFR,2022,125384281,184000.0,146.0,24000.0,19.0,14.0,125.384281,2020s,Medium,Low,High
Ethiopia,ETH,AFR,2023,128691689,184000.0,143.0,29000.0,22.0,17.0,128.691689,2020s,Medium,Moderate,High
Ethiopia,ETH,AFR,2024,132059780,186000.0,141.0,21000.0,16.0,12.0,132.05978,2020s,Medium,Low,High
Fiji,FJI,WPR,2000,840913,410.0,49.0,18.0,2.1,4.0,0.840913,2000s,Low,Low,Low
Fiji,FJI,WPR,2001,849604,490.0,58.0,17.0,2.0,4.0,0.849604,2000s,Low,Low,Low
Fiji,FJI,WPR,2002,858056,370.0,44.0,19.0,2.2,5.0,0.858056,2000s,Low,Low,Low
Fiji,FJI,WPR,2003,866284,440.0,51.0,33.0,3.8,7.0,0.866284,2000s,Low,Low,Moderate
Fiji,FJI,WPR,2004,874357,300.0,35.0,34.0,3.9,11.0,0.874357,2000s,Low,Low,High
Fiji,FJI,WPR,2005,882381,290.0,32.0,30.0,3.4,11.0,0.882381,2000s,Low,Low,High
Fiji,FJI,WPR,2006,890362,240.0,27.0,27.0,3.0,11.0,0.890362,2000s,Low,Low,High
Fiji,FJI,WPR,2007,897833,200.0,22.0,38.0,4.2,20.0,0.897833,2000s,Low,Low,High
Fiji,FJI,WPR,2008,903403,220.0,24.0,24.0,2.6,11.0,0.903403,2000s,Low,Low,High
Fiji,FJI,WPR,2009,907229,290.0,32.0,19.0,2.1,7.0,0.907229,2000s,Low,Low,Moderate
Fiji,FJI,WPR,2010,910428,380.0,42.0,30.0,3.2,8.0,0.910428,2010s,Low,Low,Moderate
Fiji,FJI,WPR,2011,912991,420.0,46.0,33.0,3.6,8.0,0.912991,2010s,Low,Low,Moderate
Fiji,FJI,WPR,2012,914917,400.0,43.0,38.0,4.1,10.0,0.914917,2010s,Low,Low,Moderate
Fiji,FJI,WPR,2013,916360,470.0,51.0,38.0,4.1,8.0,0.91636,2010s,Low,Low,Moderate
Fiji,FJI,WPR,2014,917589,680.0,74.0,45.0,5.0,7.0,0.917589,2010s,Low,Low,Moderate
Fiji,FJI,WPR,2015,918566,630.0,69.0,41.0,4.4,7.0,0.918566,2010s,Low,Low,Moderate
Fiji,FJI,WPR,2016,919169,550.0,59.0,44.0,4.8,8.0,0.919169,2010s,Low,Low,Moderate
Fiji,FJI,WPR,2017,918754,630.0,68.0,45.0,4.9,7.0,0.918754,2010s,Low,Low,Moderate
Fiji,FJI,WPR,2018,917176,670.0,73.0,53.0,5.8,8.0,0.917176,2010s,Low,Low,Moderate
Fiji,FJI,WPR,2019,914896,810.0,89.0,59.0,6.5,7.0,0.914896,2010s,Low,Low,Moderate
Fiji,FJI,WPR,2020,914961,740.0,81.0,54.0,5.9,7.0,0.914961,2020s,Low,Low,Moderate
Fiji,FJI,WPR,2021,916716,580.0,63.0,58.0,6.3,10.0,0.916716,2020s,Low,Low,Moderate
Fiji,FJI,WPR,2022,919416,970.0,105.0,74.0,8.1,8.0,0.919416,2020s,Medium,Low,Moderate
Fiji,FJI,WPR,2023,924145,660.0,72.0,86.0,9.3,13.0,0.924145,2020s,Low,Low,High
Fiji,FJI,WPR,2024,928779,960.0,104.0,140.0,15.0,15.0,0.928779,2020s,Medium,Low,High
Finland,FIN,EUR,2000,5176215,730.0,14.0,130.0,2.6,19.0,5.176215,2000s,Low,Low,High
Finland,FIN,EUR,2001,5187973,620.0,12.0,100.0,2.0,16.0,5.187973,2000s,Low,Low,High
Finland,FIN,EUR,2002,5200545,590.0,11.0,100.0,1.9,17.0,5.200545,2000s,Low,Low,High
Finland,FIN,EUR,2003,5212953,510.0,9.8,85.0,1.6,17.0,5.212953,2000s,Low,Low,High
Finland,FIN,EUR,2004,5228153,400.0,7.7,70.0,1.3,18.0,5.228153,2000s,Low,Low,High
Finland,FIN,EUR,2005,5246074,420.0,8.0,79.0,1.5,19.0,5.246074,2000s,Low,Low,High
Finland,FIN,EUR,2006,5266245,340.0,6.5,62.0,1.2,18.0,5.266245,2000s,Low,Low,High
Finland,FIN,EUR,2007,5288713,360.0,6.9,57.0,1.1,16.0,5.288713,2000s,Low,Low,High
Finland,FIN,EUR,2008,5313370,400.0,7.5,62.0,1.2,16.0,5.31337,2000s,Low,Low,High
Finland,FIN,EUR,2009,5338864,480.0,9.0,56.0,1.0,12.0,5.338864,2000s,Low,Low,High
Finland,FIN,EUR,2010,5363344,370.0,6.8,49.0,0.92,14.0,5.363344,2010s,Low,Low,High
Finland,FIN,EUR,2011,5388241,370.0,6.9,62.0,1.2,17.0,5.388241,2010s,Low,Low,High
Finland,FIN,EUR,2012,5413971,310.0,5.7,50.0,0.93,16.0,5.413971,2010s,Low,Low,High
Finland,FIN,EUR,2013,5439052,310.0,5.7,32.0,0.59,10.0,5.439052,2010s,Low,Low,Moderate
Finland,FIN,EUR,2014,5461681,290.0,5.4,41.0,0.76,14.0,5.461681,2010s,Low,Low,High
Finland,FIN,EUR,2015,5479722,310.0,5.7,34.0,0.62,11.0,5.479722,2010s,Low,Low,High
Finland,FIN,EUR,2016,5495478,260.0,4.8,27.0,0.49,10.0,5.495478,2010s,Low,Low,Moderate
Finland,FIN,EUR,2017,5508406,280.0,5.0,36.0,0.65,13.0,5.508406,2010s,Low,Low,High
Finland,FIN,EUR,2018,5515729,270.0,4.9,31.0,0.56,12.0,5.515729,2010s,Low,Low,High
Finland,FIN,EUR,2019,5521754,260.0,4.8,30.0,0.54,11.0,5.521754,2010s,Low,Low,High
Finland,FIN,EUR,2020,5529613,200.0,3.7,22.0,0.39,11.0,5.529613,2020s,Low,Low,High
Finland,FIN,EUR,2021,5541087,200.0,3.6,25.0,0.45,13.0,5.541087,2020s,Low,Low,High
Finland,FIN,EUR,2022,5569300,220.0,4.0,17.0,0.31,8.0,5.5693,2020s,Low,Low,Moderate
Finland,FIN,EUR,2023,5601190,210.0,3.7,31.0,0.55,15.0,5.60119,2020s,Low,Low,High
Finland,FIN,EUR,2024,5617315,210.0,3.7,31.0,0.55,15.0,5.617315,2020s,Low,Low,High
France,FRA,EUR,2000,59483714,7400.0,12.0,1400.0,2.3,19.0,59.483714,2000s,Low,Low,High
France,FRA,EUR,2001,59905131,7000.0,12.0,1300.0,2.2,19.0,59.905131,2000s,Low,Low,High
France,FRA,EUR,2002,60327252,6900.0,11.0,1200.0,2.0,18.0,60.327252,2000s,Low,Low,High
France,FRA,EUR,2003,60741119,7300.0,12.0,1200.0,2.0,17.0,60.741119,2000s,Low,Low,High
France,FRA,EUR,2004,61175254,6200.0,10.0,1000.0,1.7,17.0,61.175254,2000s,Low,Low,High
France,FRA,EUR,2005,61625024,6100.0,9.8,1000.0,1.7,17.0,61.625024,2000s,Low,Low,High
France,FRA,EUR,2006,62049842,6000.0,9.7,880.0,1.4,15.0,62.049842,2000s,Low,Low,High
France,FRA,EUR,2007,62432435,6600.0,11.0,820.0,1.3,12.0,62.432435,2000s,Low,Low,High
France,FRA,EUR,2008,62780189,6600.0,10.0,790.0,1.3,12.0,62.780189,2000s,Low,Low,High
France,FRA,EUR,2009,63106470,6000.0,9.4,760.0,1.2,13.0,63.10647,2000s,Low,Low,High
France,FRA,EUR,2010,63417352,5800.0,9.2,750.0,1.2,13.0,63.417352,2010s,Low,Low,High
France,FRA,EUR,2011,63733780,5700.0,9.0,730.0,1.1,13.0,63.73378,2010s,Low,Low,High
France,FRA,EUR,2012,64058467,5700.0,8.9,630.0,0.99,11.0,64.058467,2010s,Low,Low,High
France,FRA,EUR,2013,64387730,5700.0,8.8,650.0,1.0,11.0,64.38773,2010s,Low,Low,High
France,FRA,EUR,2014,64692484,5500.0,8.5,550.0,0.85,10.0,64.692484,2010s,Low,Low,Moderate
France,FRA,EUR,2015,64916332,5400.0,8.4,520.0,0.8,10.0,64.916332,2010s,Low,Low,Moderate
France,FRA,EUR,2016,65086856,5700.0,8.7,500.0,0.77,9.0,65.086856,2010s,Low,Low,Moderate
France,FRA,EUR,2017,65284780,5900.0,9.0,510.0,0.77,9.0,65.28478,2010s,Low,Low,Moderate
France,FRA,EUR,2018,65519537,5800.0,8.8,440.0,0.67,8.0,65.519537,2010s,Low,Low,Moderate
France,FRA,EUR,2019,65729461,5900.0,9.0,440.0,0.67,7.0,65.729461,2010s,Low,Low,Moderate
France,FRA,EUR,2020,65905281,5300.0,8.1,370.0,0.56,7.0,65.905281,2020s,Low,Low,Moderate
France,FRA,EUR,2021,66083549,4900.0,7.4,360.0,0.54,7.0,66.083549,2020s,Low,Low,Moderate
France,FRA,EUR,2022,66277416,4600.0,7.0,310.0,0.47,7.0,66.277416,2020s,Low,Low,Moderate
France,FRA,EUR,2023,66438822,5500.0,8.3,510.0,0.77,9.0,66.438822,2020s,Low,Low,Moderate
France,FRA,EUR,2024,66548536,5200.0,7.8,500.0,0.76,10.0,66.548536,2020s,Low,Low,Moderate
French Polynesia,PYF,WPR,2000,240338,150.0,62.0,39.0,16.0,27.0,0.240338,2000s,Low,Low,High
French Polynesia,PYF,WPR,2001,244094,150.0,60.0,38.0,15.0,26.0,0.244094,2000s,Low,Low,High
French Polynesia,PYF,WPR,2002,247780,150.0,61.0,39.0,16.0,26.0,0.24778,2000s,Low,Low,High
French Polynesia,PYF,WPR,2003,251649,110.0,45.0,29.0,11.0,25.0,0.251649,2000s,Low,Low,High
French Polynesia,PYF,WPR,2004,255650,140.0,53.0,33.0,13.0,25.0,0.25565,2000s,Low,Low,High
French Polynesia,PYF,WPR,2005,259501,130.0,52.0,33.0,13.0,25.0,0.259501,2000s,Low,Low,High
French Polynesia,PYF,WPR,2006,263228,140.0,54.0,33.0,13.0,24.0,0.263228,2000s,Low,Low,High
French Polynesia,PYF,WPR,2007,266436,130.0,47.0,29.0,11.0,23.0,0.266436,2000s,Low,Low,High
French Polynesia,PYF,WPR,2008,268365,95.0,35.0,21.0,7.7,22.0,0.268365,2000s,Low,Low,High
French Polynesia,PYF,WPR,2009,269477,97.0,36.0,20.0,7.6,21.0,0.269477,2000s,Low,Low,High
French Polynesia,PYF,WPR,2010,270576,72.0,27.0,15.0,5.4,21.0,0.270576,2010s,Low,Low,High
French Polynesia,PYF,WPR,2011,271716,110.0,41.0,22.0,8.1,20.0,0.271716,2010s,Low,Low,High
French Polynesia,PYF,WPR,2012,273085,85.0,31.0,17.0,6.1,20.0,0.273085,2010s,Low,Low,High
French Polynesia,PYF,WPR,2013,274726,87.0,32.0,17.0,6.0,19.0,0.274726,2010s,Low,Low,High
French Polynesia,PYF,WPR,2014,276388,92.0,33.0,17.0,6.2,19.0,0.276388,2010s,Low,Low,High
French Polynesia,PYF,WPR,2015,277864,74.0,27.0,13.0,4.8,18.0,0.277864,2010s,Low,Low,High
French Polynesia,PYF,WPR,2016,279170,87.0,31.0,15.0,5.6,18.0,0.27917,2010s,Low,Low,High
French Polynesia,PYF,WPR,2017,280095,81.0,29.0,14.0,5.0,18.0,0.280095,2010s,Low,Low,High
French Polynesia,PYF,WPR,2018,279812,84.0,30.0,15.0,5.2,17.0,0.279812,2010s,Low,Low,High
French Polynesia,PYF,WPR,2019,279039,75.0,27.0,13.0,4.6,17.0,0.279039,2010s,Low,Low,High
French Polynesia,PYF,WPR,2020,279211,99.0,35.0,17.0,6.1,17.0,0.279211,2020s,Low,Low,High
French Polynesia,PYF,WPR,2021,279790,52.0,19.0,9.0,3.2,17.0,0.27979,2020s,Low,Low,High
French Polynesia,PYF,WPR,2022,280380,85.0,30.0,15.0,5.3,18.0,0.28038,2020s,Low,Low,High
French Polynesia,PYF,WPR,2023,281128,54.0,19.0,9.0,3.3,17.0,0.281128,2020s,Low,Low,High
French Polynesia,PYF,WPR,2024,281799,67.0,24.0,11.0,4.0,17.0,0.281799,2020s,Low,Low,High
Gabon,GAB,AFR,2000,1275564,4200.0,332.0,1300.0,101.0,31.0,1.275564,2000s,High,High,High
Gabon,GAB,AFR,2001,1309587,4400.0,336.0,1300.0,100.0,30.0,1.309587,2000s,High,High,High
Gabon,GAB,AFR,2002,1345133,4600.0,342.0,1600.0,121.0,35.0,1.345133,2000s,High,High,High
Gabon,GAB,AFR,2003,1382352,4800.0,350.0,1700.0,122.0,35.0,1.382352,2000s,High,High,High
Gabon,GAB,AFR,2004,1421614,5100.0,361.0,1500.0,107.0,30.0,1.421614,2000s,High,High,High
Gabon,GAB,AFR,2005,1463500,5500.0,373.0,1900.0,128.0,34.0,1.4635,2000s,High,High,High
Gabon,GAB,AFR,2006,1508337,5800.0,387.0,1800.0,121.0,31.0,1.508337,2000s,High,High,High
Gabon,GAB,AFR,2007,1556241,6300.0,405.0,1600.0,101.0,25.0,1.556241,2000s,High,High,High
Gabon,GAB,AFR,2008,1607180,6900.0,426.0,1600.0,99.0,23.0,1.60718,2000s,High,High,High
Gabon,GAB,AFR,2009,1661552,7400.0,445.0,2700.0,165.0,37.0,1.661552,2000s,High,High,High
Gabon,GAB,AFR,2010,1719878,7900.0,461.0,2600.0,154.0,33.0,1.719878,2010s,High,High,High
Gabon,GAB,AFR,2011,1781980,8500.0,475.0,2600.0,147.0,31.0,1.78198,2010s,High,High,High
Gabon,GAB,AFR,2012,1846875,8900.0,483.0,2600.0,141.0,29.0,1.846875,2010s,High,High,High
Gabon,GAB,AFR,2013,1913060,9300.0,488.0,2700.0,140.0,29.0,1.91306,2010s,High,High,High
Gabon,GAB,AFR,2014,1978393,9700.0,491.0,2600.0,133.0,27.0,1.978393,2010s,High,High,High
Gabon,GAB,AFR,2015,2040989,10000.0,488.0,2700.0,131.0,27.0,2.040989,2010s,High,High,High
Gabon,GAB,AFR,2016,2100306,10000.0,475.0,2700.0,130.0,27.0,2.100306,2010s,High,High,High
Gabon,GAB,AFR,2017,2156895,9800.0,456.0,2800.0,129.0,28.0,2.156895,2010s,High,High,High
Gabon,GAB,AFR,2018,2212311,9700.0,440.0,2500.0,111.0,25.0,2.212311,2010s,High,High,High
Gabon,GAB,AFR,2019,2267706,9700.0,427.0,2500.0,112.0,26.0,2.267706,2010s,High,High,High
Gabon,GAB,AFR,2020,2322542,9600.0,413.0,2800.0,118.0,29.0,2.322542,2020s,High,High,High
Gabon,GAB,AFR,2021,2376719,9500.0,401.0,2600.0,110.0,28.0,2.376719,2020s,High,High,High
Gabon,GAB,AFR,2022,2430737,9500.0,390.0,2000.0,82.0,21.0,2.430737,2020s,High,High,High
Gabon,GAB,AFR,2023,2484780,9400.0,380.0,1800.0,73.0,19.0,2.48478,2020s,High,High,High
Gabon,GAB,AFR,2024,2538949,9400.0,371.0,1900.0,75.0,20.0,2.538949,2020s,High,High,High
Gambia,GMB,AFR,2000,1455080,2700.0,187.0,670.0,46.0,25.0,1.45508,2000s,Medium,Moderate,High
Gambia,GMB,AFR,2001,1495006,2800.0,189.0,630.0,42.0,23.0,1.495006,2000s,Medium,Moderate,High
Gambia,GMB,AFR,2002,1535690,2900.0,190.0,590.0,38.0,21.0,1.53569,2000s,Medium,Moderate,High
Gambia,GMB,AFR,2003,1577615,3000.0,191.0,590.0,37.0,20.0,1.577615,2000s,Medium,Moderate,High
Gambia,GMB,AFR,2004,1621318,3100.0,191.0,530.0,33.0,17.0,1.621318,2000s,Medium,Moderate,High
Gambia,GMB,AFR,2005,1667035,3200.0,190.0,630.0,38.0,20.0,1.667035,2000s,Medium,Moderate,High
Gambia,GMB,AFR,2006,1715275,3200.0,188.0,780.0,46.0,26.0,1.715275,2000s,Medium,Moderate,High
Gambia,GMB,AFR,2007,1765780,3300.0,186.0,770.0,44.0,25.0,1.76578,2000s,Medium,Moderate,High
Gambia,GMB,AFR,2008,1817855,3300.0,183.0,680.0,37.0,21.0,1.817855,2000s,Medium,Moderate,High
Gambia,GMB,AFR,2009,1871421,3400.0,180.0,640.0,34.0,19.0,1.871421,2000s,Medium,Moderate,High
Gambia,GMB,AFR,2010,1926631,3400.0,179.0,800.0,42.0,25.0,1.926631,2010s,Medium,Moderate,High
Gambia,GMB,AFR,2011,1983787,3500.0,178.0,700.0,35.0,20.0,1.983787,2010s,Medium,Moderate,High
Gambia,GMB,AFR,2012,2043091,3600.0,177.0,670.0,33.0,19.0,2.043091,2010s,Medium,Moderate,High
Gambia,GMB,AFR,2013,2103822,3700.0,176.0,700.0,33.0,19.0,2.103822,2010s,Medium,Moderate,High
Gambia,GMB,AFR,2014,2164530,3800.0,175.0,670.0,31.0,18.0,2.16453,2010s,Medium,Moderate,High
Gambia,GMB,AFR,2015,2224526,3800.0,173.0,690.0,31.0,18.0,2.224526,2010s,Medium,Moderate,High
Gambia,GMB,AFR,2016,2283773,3900.0,170.0,730.0,32.0,19.0,2.283773,2010s,Medium,Moderate,High
Gambia,GMB,AFR,2017,2342188,3900.0,166.0,750.0,32.0,20.0,2.342188,2010s,Medium,Moderate,High
Gambia,GMB,AFR,2018,2399631,3900.0,162.0,810.0,34.0,21.0,2.399631,2010s,Medium,Moderate,High
Gambia,GMB,AFR,2019,2456846,3900.0,158.0,680.0,28.0,18.0,2.456846,2010s,Medium,Moderate,High
Gambia,GMB,AFR,2020,2515728,3900.0,153.0,810.0,32.0,21.0,2.515728,2020s,Medium,Moderate,High
Gambia,GMB,AFR,2021,2576012,3800.0,149.0,840.0,33.0,22.0,2.576012,2020s,Medium,Moderate,High
Gambia,GMB,AFR,2022,2636477,3800.0,145.0,720.0,27.0,19.0,2.636477,2020s,Medium,Moderate,High
Gambia,GMB,AFR,2023,2697845,3800.0,142.0,600.0,22.0,16.0,2.697845,2020s,Medium,Moderate,High
Gambia,GMB,AFR,2024,2759984,3800.0,138.0,590.0,21.0,16.0,2.759984,2020s,Medium,Moderate,High
Georgia,GEO,EUR,2000,4328356,9900.0,229.0,340.0,7.9,4.0,4.328356,2000s,High,Low,Low
Georgia,GEO,EUR,2001,4209632,9400.0,222.0,300.0,7.2,3.0,4.209632,2000s,High,Low,Low
Georgia,GEO,EUR,2002,4127846,8900.0,216.0,310.0,7.6,4.0,4.127846,2000s,High,Low,Low
Georgia,GEO,EUR,2003,4085478,8600.0,211.0,280.0,6.8,3.0,4.085478,2000s,High,Low,Low
Georgia,GEO,EUR,2004,4056081,8300.0,206.0,290.0,7.3,4.0,4.056081,2000s,High,Low,Low
Georgia,GEO,EUR,2005,4026131,8100.0,201.0,240.0,5.9,3.0,4.026131,2000s,High,Low,Low
Georgia,GEO,EUR,2006,3996587,7800.0,196.0,240.0,5.9,3.0,3.996587,2000s,Medium,Low,Low
Georgia,GEO,EUR,2007,3967597,7600.0,191.0,240.0,6.2,3.0,3.967597,2000s,Medium,Low,Low
Georgia,GEO,EUR,2008,3941201,7400.0,187.0,230.0,5.8,3.0,3.941201,2000s,Medium,Low,Low
Georgia,GEO,EUR,2009,3918943,7100.0,181.0,240.0,6.1,3.0,3.918943,2000s,Medium,Low,Low
Georgia,GEO,EUR,2010,3895925,6800.0,174.0,240.0,6.2,4.0,3.895925,2010s,Medium,Low,Low
Georgia,GEO,EUR,2011,3868726,6400.0,165.0,270.0,6.9,4.0,3.868726,2010s,Medium,Low,Low
Georgia,GEO,EUR,2012,3839206,6000.0,155.0,280.0,7.2,5.0,3.839206,2010s,Medium,Low,Low
Georgia,GEO,EUR,2013,3809117,5400.0,143.0,230.0,6.1,4.0,3.809117,2010s,Medium,Low,Low
Georgia,GEO,EUR,2014,3792921,4800.0,128.0,210.0,5.5,4.0,3.792921,2010s,Medium,Low,Low
Georgia,GEO,EUR,2015,3791565,4300.0,115.0,190.0,4.9,4.0,3.791565,2010s,Medium,Low,Low
Georgia,GEO,EUR,2016,3792055,4000.0,104.0,190.0,5.0,5.0,3.792055,2010s,Medium,Low,Low
Georgia,GEO,EUR,2017,3792860,3600.0,95.0,180.0,4.7,5.0,3.79286,2010s,Low,Low,Low
Georgia,GEO,EUR,2018,3794877,3300.0,86.0,170.0,4.5,5.0,3.794877,2010s,Low,Low,Low
Georgia,GEO,EUR,2019,3796715,3000.0,78.0,160.0,4.2,5.0,3.796715,2010s,Low,Low,Low
Georgia,GEO,EUR,2020,3795683,2700.0,71.0,100.0,2.7,4.0,3.795683,2020s,Low,Low,Low
Georgia,GEO,EUR,2021,3788451,2400.0,63.0,89.0,2.4,4.0,3.788451,2020s,Low,Low,Low
Georgia,GEO,EUR,2022,3794779,2200.0,57.0,93.0,2.5,4.0,3.794779,2020s,Low,Low,Low
Georgia,GEO,EUR,2023,3807493,1900.0,51.0,80.0,2.1,4.0,3.807493,2020s,Low,Low,Low
Georgia,GEO,EUR,2024,3807667,1700.0,45.0,73.0,1.9,4.0,3.807667,2020s,Low,Low,Low
Germany,DEU,EUR,2000,81797259,10000.0,12.0,730.0,0.9,7.0,81.797259,2000s,Low,Low,Moderate
Germany,DEU,EUR,2001,81933884,7700.0,9.3,630.0,0.76,8.0,81.933884,2000s,Low,Low,Moderate
Germany,DEU,EUR,2002,82068329,7600.0,9.3,590.0,0.72,8.0,82.068329,2000s,Low,Low,Moderate
Germany,DEU,EUR,2003,82111616,7700.0,9.4,590.0,0.71,8.0,82.111616,2000s,Low,Low,Moderate
Germany,DEU,EUR,2004,82092716,6800.0,8.3,500.0,0.61,7.0,82.092716,2000s,Low,Low,Moderate
Germany,DEU,EUR,2005,82046738,6300.0,7.6,490.0,0.6,8.0,82.046738,2000s,Low,Low,Moderate
Germany,DEU,EUR,2006,81701966,5700.0,6.9,470.0,0.57,8.0,81.701966,2000s,Low,Low,Moderate
Germany,DEU,EUR,2007,81298540,5100.0,6.3,470.0,0.58,9.0,81.29854,2000s,Low,Low,Moderate
Germany,DEU,EUR,2008,81110779,4500.0,5.6,390.0,0.48,9.0,81.110779,2000s,Low,Low,Moderate
Germany,DEU,EUR,2009,80935282,4600.0,5.7,370.0,0.46,8.0,80.935282,2000s,Low,Low,Moderate
Germany,DEU,EUR,2010,80830926,4500.0,5.5,370.0,0.46,8.0,80.830926,2010s,Low,Low,Moderate
Germany,DEU,EUR,2011,80857874,4500.0,5.5,360.0,0.45,8.0,80.857874,2010s,Low,Low,Moderate
Germany,DEU,EUR,2012,80916390,4400.0,5.5,380.0,0.46,9.0,80.91639,2010s,Low,Low,Moderate
Germany,DEU,EUR,2013,81041584,4600.0,5.7,400.0,0.49,9.0,81.041584,2010s,Low,Low,Moderate
Germany,DEU,EUR,2014,81376078,4800.0,5.9,340.0,0.42,7.0,81.376078,2010s,Low,Low,Moderate
Germany,DEU,EUR,2015,82077542,6200.0,7.6,340.0,0.42,6.0,82.077542,2010s,Low,Low,Moderate
Germany,DEU,EUR,2016,82760103,6300.0,7.6,320.0,0.38,5.0,82.760103,2010s,Low,Low,Low
Germany,DEU,EUR,2017,83104001,5900.0,7.1,320.0,0.38,5.0,83.104001,2010s,Low,Low,Low
Germany,DEU,EUR,2018,83368504,5800.0,6.9,330.0,0.39,6.0,83.368504,2010s,Low,Low,Moderate
Germany,DEU,EUR,2019,83559186,5100.0,6.1,320.0,0.38,6.0,83.559186,2010s,Low,Low,Moderate
Germany,DEU,EUR,2020,83628710,4400.0,5.3,310.0,0.37,7.0,83.62871,2020s,Low,Low,Moderate
Germany,DEU,EUR,2021,83697078,4200.0,5.0,300.0,0.36,7.0,83.697078,2020s,Low,Low,Moderate
Germany,DEU,EUR,2022,84086232,4300.0,5.1,300.0,0.36,7.0,84.086232,2020s,Low,Low,Moderate
Germany,DEU,EUR,2023,84548229,4700.0,5.6,310.0,0.36,7.0,84.548229,2020s,Low,Low,Moderate
Germany,DEU,EUR,2024,84552247,4600.0,5.4,310.0,0.36,7.0,84.552247,2020s,Low,Low,Moderate
Ghana,GHA,AFR,2000,19637082,42000.0,216.0,19000.0,98.0,56.0,19.637082,2000s,High,High,High
Ghana,GHA,AFR,2001,20167075,43000.0,214.0,18000.0,91.0,52.0,20.167075,2000s,High,High,High
Ghana,GHA,AFR,2002,20729387,44000.0,212.0,18000.0,88.0,50.0,20.729387,2000s,High,High,High
Ghana,GHA,AFR,2003,21296698,45000.0,209.0,18000.0,85.0,49.0,21.296698,2000s,High,High,High
Ghana,GHA,AFR,2004,21868299,45000.0,206.0,18000.0,83.0,48.0,21.868299,2000s,High,High,High
Ghana,GHA,AFR,2005,22449444,46000.0,203.0,18000.0,81.0,47.0,22.449444,2000s,High,High,High
Ghana,GHA,AFR,2006,23040707,46000.0,199.0,18000.0,79.0,47.0,23.040707,2000s,Medium,High,High
Ghana,GHA,AFR,2007,23642276,46000.0,196.0,18000.0,78.0,47.0,23.642276,2000s,Medium,High,High
Ghana,GHA,AFR,2008,24249949,46000.0,191.0,18000.0,73.0,44.0,24.249949,2000s,Medium,High,High
Ghana,GHA,AFR,2009,24862669,47000.0,187.0,17000.0,67.0,41.0,24.862669,2000s,Medium,High,High
Ghana,GHA,AFR,2010,25474994,47000.0,183.0,17000.0,68.0,43.0,25.474994,2010s,Medium,High,High
Ghana,GHA,AFR,2011,26095087,46000.0,178.0,16000.0,63.0,40.0,26.095087,2010s,Medium,High,High
Ghana,GHA,AFR,2012,26734262,46000.0,173.0,17000.0,62.0,41.0,26.734262,2010s,Medium,High,High
Ghana,GHA,AFR,2013,27386186,46000.0,168.0,16000.0,60.0,41.0,27.386186,2010s,Medium,High,High
Ghana,GHA,AFR,2014,28041591,46000.0,165.0,17000.0,60.0,41.0,28.041591,2010s,Medium,High,High
Ghana,GHA,AFR,2015,28696073,46000.0,160.0,16000.0,57.0,40.0,28.696073,2010s,Medium,High,High
Ghana,GHA,AFR,2016,29356741,46000.0,156.0,17000.0,57.0,41.0,29.356741,2010s,Medium,High,High
Ghana,GHA,AFR,2017,30008358,46000.0,152.0,16000.0,54.0,40.0,30.008358,2010s,Medium,High,High
Ghana,GHA,AFR,2018,30637590,45000.0,148.0,16000.0,53.0,39.0,30.63759,2010s,Medium,High,High
Ghana,GHA,AFR,2019,31258946,45000.0,144.0,16000.0,50.0,38.0,31.258946,2010s,Medium,Moderate,High
Ghana,GHA,AFR,2020,31887810,45000.0,140.0,16000.0,51.0,40.0,31.88781,2020s,Medium,High,High
Ghana,GHA,AFR,2021,32518663,44000.0,136.0,15000.0,47.0,38.0,32.518663,2020s,Medium,Moderate,High
Ghana,GHA,AFR,2022,33149160,44000.0,133.0,14000.0,42.0,35.0,33.14916,2020s,Medium,Moderate,High
Ghana,GHA,AFR,2023,33787917,44000.0,129.0,12000.0,36.0,31.0,33.787917,2020s,Medium,Moderate,High
Ghana,GHA,AFR,2024,34427413,43000.0,126.0,12000.0,34.0,30.0,34.427413,2020s,Medium,Moderate,High
Greece,GRC,EUR,2000,10782628,1000.0,9.7,110.0,1.0,11.0,10.782628,2000s,Low,Low,High
Greece,GRC,EUR,2001,10843164,740.0,6.8,130.0,1.2,17.0,10.843164,2000s,Low,Low,High
Greece,GRC,EUR,2002,10890287,830.0,7.6,110.0,0.97,13.0,10.890287,2000s,Low,Low,High
Greece,GRC,EUR,2003,10918464,850.0,7.8,130.0,1.2,15.0,10.918464,2000s,Low,Low,High
Greece,GRC,EUR,2004,10947367,1000.0,9.5,94.0,0.86,9.0,10.947367,2000s,Low,Low,Moderate
Greece,GRC,EUR,2005,10981329,970.0,8.9,110.0,0.99,11.0,10.981329,2000s,Low,Low,High
Greece,GRC,EUR,2006,11016104,860.0,7.8,95.0,0.86,11.0,11.016104,2000s,Low,Low,High
Greece,GRC,EUR,2007,11045743,850.0,7.7,110.0,1.0,13.0,11.045743,2000s,Low,Low,High
Greece,GRC,EUR,2008,11076863,810.0,7.3,93.0,0.84,12.0,11.076863,2000s,Low,Low,High
Greece,GRC,EUR,2009,11108069,740.0,6.7,100.0,0.91,14.0,11.108069,2000s,Low,Low,High
Greece,GRC,EUR,2010,11124663,600.0,5.4,84.0,0.76,14.0,11.124663,2010s,Low,Low,High
Greece,GRC,EUR,2011,11108842,610.0,5.5,81.0,0.73,13.0,11.108842,2010s,Low,Low,High
Greece,GRC,EUR,2012,11048301,690.0,6.3,120.0,1.1,17.0,11.048301,2010s,Low,Low,High
Greece,GRC,EUR,2013,10967547,650.0,6.0,83.0,0.76,13.0,10.967547,2010s,Low,Low,High
Greece,GRC,EUR,2014,10893159,630.0,5.8,61.0,0.56,10.0,10.893159,2010s,Low,Low,Moderate
Greece,GRC,EUR,2015,10820906,570.0,5.3,49.0,0.46,9.0,10.820906,2010s,Low,Low,Moderate
Greece,GRC,EUR,2016,10775510,520.0,4.9,52.0,0.49,10.0,10.77551,2010s,Low,Low,Moderate
Greece,GRC,EUR,2017,10753540,550.0,5.2,62.0,0.58,11.0,10.75354,2010s,Low,Low,High
Greece,GRC,EUR,2018,10730838,520.0,4.8,55.0,0.51,11.0,10.730838,2010s,Low,Low,High
Greece,GRC,EUR,2019,10718576,550.0,5.1,48.0,0.45,9.0,10.718576,2010s,Low,Low,Moderate
Greece,GRC,EUR,2020,10699378,470.0,4.4,42.0,0.39,9.0,10.699378,2020s,Low,Low,Moderate
Greece,GRC,EUR,2021,10579554,240.0,2.3,36.0,0.34,15.0,10.579554,2020s,Low,Low,High
Greece,GRC,EUR,2022,10412480,370.0,3.6,38.0,0.37,10.0,10.41248,2020s,Low,Low,Moderate
Greece,GRC,EUR,2023,10242906,580.0,5.6,46.0,0.45,8.0,10.242906,2020s,Low,Low,Moderate
Greece,GRC,EUR,2024,10047812,360.0,3.6,44.0,0.44,12.0,10.047812,2020s,Low,Low,High
Greenland,GRL,EUR,2000,56208,110.0,192.0,21.0,37.0,20.0,0.056208,2000s,Medium,Moderate,High
Greenland,GRL,EUR,2001,56405,110.0,194.0,21.0,37.0,19.0,0.056405,2000s,Medium,Moderate,High
Greenland,GRL,EUR,2002,56586,110.0,196.0,20.0,36.0,19.0,0.056586,2000s,Medium,Moderate,High
Greenland,GRL,EUR,2003,56766,110.0,198.0,20.0,35.0,18.0,0.056766,2000s,Medium,Moderate,High
Greenland,GRL,EUR,2004,56913,110.0,200.0,20.0,35.0,18.0,0.056913,2000s,Medium,Moderate,High
Greenland,GRL,EUR,2005,56942,120.0,202.0,20.0,34.0,17.0,0.056942,2000s,High,Moderate,High
Greenland,GRL,EUR,2006,56876,120.0,204.0,19.0,34.0,17.0,0.056876,2000s,High,Moderate,High
Greenland,GRL,EUR,2007,56779,120.0,206.0,19.0,33.0,16.0,0.056779,2000s,High,Moderate,High
Greenland,GRL,EUR,2008,56665,120.0,208.0,18.0,33.0,16.0,0.056665,2000s,High,Moderate,High
Greenland,GRL,EUR,2009,56517,91.0,161.0,14.0,25.0,15.0,0.056517,2000s,Medium,Moderate,High
Greenland,GRL,EUR,2010,56612,160.0,286.0,24.0,42.0,15.0,0.056612,2010s,High,Moderate,High
Greenland,GRL,EUR,2011,56830,160.0,283.0,23.0,41.0,14.0,0.05683,2010s,High,Moderate,High
Greenland,GRL,EUR,2012,56778,120.0,203.0,16.0,28.0,14.0,0.056778,2010s,High,Moderate,High
Greenland,GRL,EUR,2013,56518,130.0,230.0,17.0,31.0,14.0,0.056518,2010s,High,Moderate,High
Greenland,GRL,EUR,2014,56171,120.0,206.0,15.0,27.0,13.0,0.056171,2010s,High,Moderate,High
Greenland,GRL,EUR,2015,56024,110.0,189.0,13.0,24.0,13.0,0.056024,2010s,Medium,Moderate,High
Greenland,GRL,EUR,2016,56063,75.0,134.0,9.0,16.0,12.0,0.056063,2010s,Medium,Low,High
Greenland,GRL,EUR,2017,56071,73.0,130.0,9.0,15.0,12.0,0.056071,2010s,Medium,Low,High
Greenland,GRL,EUR,2018,56066,62.0,111.0,7.0,13.0,12.0,0.056066,2010s,Medium,Low,High
Greenland,GRL,EUR,2019,56080,80.0,142.0,9.0,17.0,12.0,0.05608,2010s,Medium,Low,High
Greenland,GRL,EUR,2020,56075,93.0,166.0,11.0,19.0,12.0,0.056075,2020s,Medium,Low,High
Greenland,GRL,EUR,2021,56037,43.0,76.0,5.0,9.6,13.0,0.056037,2020s,Low,Low,High
Greenland,GRL,EUR,2022,55994,73.0,130.0,9.0,16.0,13.0,0.055994,2020s,Medium,Low,High
Greenland,GRL,EUR,2023,55922,61.0,110.0,7.0,12.0,11.0,0.055922,2020s,Medium,Low,High
Greenland,GRL,EUR,2024,55847,78.0,139.0,9.0,16.0,12.0,0.055847,2020s,Medium,Low,High
Grenada,GRD,AMR,2000,107446,0.0,0.0,1.0,1.3,,0.107446,2000s,,Low,
Grenada,GRD,AMR,2001,107987,1.0,0.69,2.0,1.4,,0.107987,2000s,Low,Low,
Grenada,GRD,AMR,2002,108401,1.0,0.92,1.0,1.0,,0.108401,2000s,Low,Low,
Grenada,GRD,AMR,2003,108881,2.0,1.8,1.0,1.2,,0.108881,2000s,Low,Low,
Grenada,GRD,AMR,2004,109319,2.0,1.8,3.0,3.0,,0.109319,2000s,Low,Low,
Grenada,GRD,AMR,2005,109734,2.0,1.9,3.0,2.8,,0.109734,2000s,Low,Low,
Grenada,GRD,AMR,2006,110130,1.0,0.91,2.0,1.5,,0.11013,2000s,Low,Low,
Grenada,GRD,AMR,2007,110534,3.0,2.7,2.0,2.0,,0.110534,2000s,Low,Low,
Grenada,GRD,AMR,2008,110902,5.0,4.5,3.0,2.3,,0.110902,2000s,Low,Low,
Grenada,GRD,AMR,2009,111244,5.0,4.5,3.0,3.1,,0.111244,2000s,Low,Low,
Grenada,GRD,AMR,2010,111591,4.0,3.6,2.0,1.5,,0.111591,2010s,Low,Low,
Grenada,GRD,AMR,2011,112070,2.0,1.8,2.0,1.5,,0.11207,2010s,Low,Low,
Grenada,GRD,AMR,2012,112761,1.0,0.89,2.0,1.6,,0.112761,2010s,Low,Low,
Grenada,GRD,AMR,2013,113483,2.0,2.1,2.0,1.9,,0.113483,2010s,Low,Low,
Grenada,GRD,AMR,2014,114129,0.0,0.0,2.0,1.9,,0.114129,2010s,,Low,
Grenada,GRD,AMR,2015,114685,5.0,4.4,3.0,2.5,,0.114685,2010s,Low,Low,
Grenada,GRD,AMR,2016,115136,6.0,5.2,2.0,2.0,,0.115136,2010s,Low,Low,
Grenada,GRD,AMR,2017,115446,3.0,2.6,2.0,1.9,,0.115446,2010s,Low,Low,
Grenada,GRD,AMR,2018,115694,2.0,1.7,2.0,1.4,,0.115694,2010s,Low,Low,
Grenada,GRD,AMR,2019,115967,3.0,2.6,1.0,1.2,,0.115967,2010s,Low,Low,
Grenada,GRD,AMR,2020,116337,1.0,0.86,1.0,0.84,,0.116337,2020s,Low,Low,
Grenada,GRD,AMR,2021,116687,2.0,1.7,1.0,0.84,,0.116687,2020s,Low,Low,
Grenada,GRD,AMR,2022,116921,1.0,0.86,1.0,0.98,,0.116921,2020s,Low,Low,
Grenada,GRD,AMR,2023,117082,5.0,4.3,1.0,0.98,,0.117082,2020s,Low,Low,
Grenada,GRD,AMR,2024,117199,2.0,1.7,1.0,0.92,,0.117199,2020s,Low,Low,
Guam,GUM,WPR,2000,160069,130.0,81.0,34.0,21.0,27.0,0.160069,2000s,Low,Moderate,High
Guam,GUM,WPR,2001,161324,150.0,92.0,38.0,24.0,26.0,0.161324,2000s,Low,Moderate,High
Guam,GUM,WPR,2002,162324,120.0,72.0,30.0,18.0,26.0,0.162324,2000s,Low,Low,High
Guam,GUM,WPR,2003,163134,49.0,30.0,12.0,7.6,25.0,0.163134,2000s,Low,Low,High
Guam,GUM,WPR,2004,163813,110.0,67.0,27.0,16.0,25.0,0.163813,2000s,Low,Low,High
Guam,GUM,WPR,2005,164359,130.0,82.0,33.0,20.0,25.0,0.164359,2000s,Low,Low,High
Guam,GUM,WPR,2006,164845,90.0,55.0,21.0,13.0,24.0,0.164845,2000s,Low,Low,High
Guam,GUM,WPR,2007,165261,100.0,63.0,24.0,14.0,23.0,0.165261,2000s,Low,Low,High
Guam,GUM,WPR,2008,165701,170.0,102.0,38.0,23.0,23.0,0.165701,2000s,Medium,Moderate,High
Guam,GUM,WPR,2009,166168,190.0,112.0,39.0,24.0,21.0,0.166168,2000s,Medium,Moderate,High
Guam,GUM,WPR,2010,166529,180.0,107.0,37.0,22.0,21.0,0.166529,2010s,Medium,Moderate,High
Guam,GUM,WPR,2011,166545,140.0,85.0,28.0,17.0,20.0,0.166545,2010s,Low,Low,High
Guam,GUM,WPR,2012,166323,120.0,69.0,22.0,14.0,20.0,0.166323,2010s,Low,Low,High
Guam,GUM,WPR,2013,165966,80.0,48.0,15.0,9.2,19.0,0.165966,2010s,Low,Low,High
Guam,GUM,WPR,2014,165480,92.0,55.0,17.0,10.0,19.0,0.16548,2010s,Low,Low,High
Guam,GUM,WPR,2015,164900,120.0,74.0,22.0,13.0,18.0,0.1649,2010s,Low,Low,High
Guam,GUM,WPR,2016,164238,120.0,72.0,21.0,13.0,18.0,0.164238,2010s,Low,Low,High
Guam,GUM,WPR,2017,163491,130.0,80.0,23.0,14.0,18.0,0.163491,2010s,Low,Low,High
Guam,GUM,WPR,2018,162680,110.0,68.0,19.0,12.0,17.0,0.16268,2010s,Low,Low,High
Guam,GUM,WPR,2019,161809,120.0,76.0,21.0,13.0,18.0,0.161809,2010s,Low,Low,High
Guam,GUM,WPR,2020,162160,88.0,54.0,15.0,9.3,17.0,0.16216,2020s,Low,Low,High
Guam,GUM,WPR,2021,163717,89.0,55.0,15.0,9.4,17.0,0.163717,2020s,Low,Low,High
Guam,GUM,WPR,2022,165183,91.0,55.0,16.0,9.5,17.0,0.165183,2020s,Low,Low,High
Guam,GUM,WPR,2023,166502,69.0,42.0,12.0,7.1,17.0,0.166502,2020s,Low,Low,High
Guam,GUM,WPR,2024,167772,92.0,55.0,16.0,9.4,17.0,0.167772,2020s,Low,Low,High
Guatemala,GTM,AMR,2000,11697585,3300.0,28.0,590.0,5.1,18.0,11.697585,2000s,Low,Low,High
Guatemala,GTM,AMR,2001,11969429,2700.0,23.0,550.0,4.6,21.0,11.969429,2000s,Low,Low,High
Guatemala,GTM,AMR,2002,12246918,3300.0,27.0,490.0,4.0,15.0,12.246918,2000s,Low,Low,High
Guatemala,GTM,AMR,2003,12525847,3000.0,24.0,450.0,3.6,15.0,12.525847,2000s,Low,Low,High
Guatemala,GTM,AMR,2004,12807403,3700.0,29.0,430.0,3.4,12.0,12.807403,2000s,Low,Low,High
Guatemala,GTM,AMR,2005,13087627,4300.0,33.0,430.0,3.3,10.0,13.087627,2000s,Low,Low,Moderate
Guatemala,GTM,AMR,2006,13367451,4100.0,31.0,410.0,3.1,10.0,13.367451,2000s,Low,Low,Moderate
Guatemala,GTM,AMR,2007,13652032,3500.0,26.0,450.0,3.3,13.0,13.652032,2000s,Low,Low,High
Guatemala,GTM,AMR,2008,13935172,3700.0,26.0,480.0,3.5,13.0,13.935172,2000s,Low,Low,High
Guatemala,GTM,AMR,2009,14215615,3300.0,23.0,470.0,3.3,14.0,14.215615,2000s,Low,Low,High
Guatemala,GTM,AMR,2010,14500115,3700.0,26.0,440.0,3.0,12.0,14.500115,2010s,Low,Low,High
Guatemala,GTM,AMR,2011,14792127,3400.0,23.0,390.0,2.7,12.0,14.792127,2010s,Low,Low,High
Guatemala,GTM,AMR,2012,15089659,3900.0,26.0,320.0,2.2,9.0,15.089659,2010s,Low,Low,Moderate
Guatemala,GTM,AMR,2013,15387337,3700.0,24.0,410.0,2.7,11.0,15.387337,2010s,Low,Low,High
Guatemala,GTM,AMR,2014,15681718,3600.0,23.0,390.0,2.5,11.0,15.681718,2010s,Low,Low,High
Guatemala,GTM,AMR,2015,15971743,3700.0,23.0,380.0,2.4,10.0,15.971743,2010s,Low,Low,Moderate
Guatemala,GTM,AMR,2016,16268768,3600.0,22.0,400.0,2.4,11.0,16.268768,2010s,Low,Low,High
Guatemala,GTM,AMR,2017,16567351,3900.0,23.0,390.0,2.4,10.0,16.567351,2010s,Low,Low,Moderate
Guatemala,GTM,AMR,2018,16845683,4000.0,24.0,370.0,2.2,9.0,16.845683,2010s,Low,Low,Moderate
Guatemala,GTM,AMR,2019,17103794,4200.0,24.0,430.0,2.5,10.0,17.103794,2010s,Low,Low,Moderate
Guatemala,GTM,AMR,2020,17357328,3100.0,18.0,260.0,1.5,8.0,17.357328,2020s,Low,Low,Moderate
Guatemala,GTM,AMR,2021,17598650,3500.0,20.0,300.0,1.7,9.0,17.59865,2020s,Low,Low,Moderate
Guatemala,GTM,AMR,2022,17847882,4600.0,26.0,380.0,2.1,8.0,17.847882,2020s,Low,Low,Moderate
Guatemala,GTM,AMR,2023,18124838,5300.0,29.0,460.0,2.6,9.0,18.124838,2020s,Low,Low,Moderate
Guatemala,GTM,AMR,2024,18406356,5200.0,28.0,480.0,2.6,9.0,18.406356,2020s,Low,Low,Moderate
Guinea,GIN,AFR,2000,8428829,10000.0,120.0,2700.0,33.0,28.0,8.428829,2000s,Medium,Moderate,High
Guinea,GIN,AFR,2001,8539963,11000.0,133.0,2900.0,34.0,26.0,8.539963,2000s,Medium,Moderate,High
Guinea,GIN,AFR,2002,8674062,12000.0,144.0,3500.0,40.0,28.0,8.674062,2000s,Medium,Moderate,High
Guinea,GIN,AFR,2003,8870775,14000.0,154.0,3700.0,42.0,28.0,8.870775,2000s,Medium,Moderate,High
Guinea,GIN,AFR,2004,9062714,15000.0,163.0,4000.0,44.0,27.0,9.062714,2000s,Medium,Moderate,High
Guinea,GIN,AFR,2005,9245844,16000.0,171.0,4800.0,51.0,30.0,9.245844,2000s,Medium,High,High
Guinea,GIN,AFR,2006,9441174,17000.0,177.0,4400.0,46.0,26.0,9.441174,2000s,Medium,Moderate,High
Guinea,GIN,AFR,2007,9662281,18000.0,183.0,4600.0,47.0,26.0,9.662281,2000s,Medium,Moderate,High
Guinea,GIN,AFR,2008,9898860,18000.0,187.0,4700.0,48.0,26.0,9.89886,2000s,Medium,Moderate,High
Guinea,GIN,AFR,2009,10143532,19000.0,190.0,5900.0,58.0,31.0,10.143532,2000s,Medium,High,High
Guinea,GIN,AFR,2010,10396079,20000.0,189.0,4700.0,45.0,24.0,10.396079,2010s,Medium,Moderate,High
Guinea,GIN,AFR,2011,10656794,20000.0,187.0,4800.0,45.0,24.0,10.656794,2010s,Medium,Moderate,High
Guinea,GIN,AFR,2012,10921585,20000.0,185.0,5100.0,46.0,25.0,10.921585,2010s,Medium,Moderate,High
Guinea,GIN,AFR,2013,11191869,20000.0,183.0,5200.0,46.0,25.0,11.191869,2010s,Medium,Moderate,High
Guinea,GIN,AFR,2014,11472921,21000.0,179.0,5100.0,44.0,25.0,11.472921,2010s,Medium,Moderate,High
Guinea,GIN,AFR,2015,11767074,21000.0,177.0,5000.0,43.0,24.0,11.767074,2010s,Medium,Moderate,High
Guinea,GIN,AFR,2016,12073021,21000.0,177.0,5100.0,42.0,24.0,12.073021,2010s,Medium,Moderate,High
Guinea,GIN,AFR,2017,12385656,22000.0,178.0,4900.0,39.0,22.0,12.385656,2010s,Medium,Moderate,High
Guinea,GIN,AFR,2018,12704775,23000.0,178.0,5000.0,39.0,22.0,12.704775,2010s,Medium,Moderate,High
Guinea,GIN,AFR,2019,13034347,23000.0,178.0,4200.0,32.0,18.0,13.034347,2010s,Medium,Moderate,High
Guinea,GIN,AFR,2020,13371185,24000.0,179.0,5100.0,38.0,22.0,13.371185,2020s,Medium,Moderate,High
Guinea,GIN,AFR,2021,13710514,25000.0,179.0,3700.0,27.0,15.0,13.710514,2020s,Medium,Moderate,High
Guinea,GIN,AFR,2022,14055136,25000.0,179.0,3400.0,24.0,14.0,14.055136,2020s,Medium,Moderate,High
Guinea,GIN,AFR,2023,14405463,26000.0,178.0,3600.0,25.0,14.0,14.405463,2020s,Medium,Moderate,High
Guinea,GIN,AFR,2024,14754779,26000.0,178.0,4600.0,31.0,18.0,14.754779,2020s,Medium,Moderate,High
Guinea-Bissau,GNB,AFR,2000,1234742,2500.0,202.0,790.0,64.0,32.0,1.234742,2000s,High,High,High
Guinea-Bissau,GNB,AFR,2001,1261270,2800.0,225.0,890.0,70.0,31.0,1.26127,2000s,High,High,High
Guinea-Bissau,GNB,AFR,2002,1289308,3200.0,245.0,990.0,77.0,31.0,1.289308,2000s,High,High,High
Guinea-Bissau,GNB,AFR,2003,1318808,3400.0,261.0,1100.0,83.0,32.0,1.318808,2000s,High,High,High
Guinea-Bissau,GNB,AFR,2004,1349562,3700.0,273.0,1100.0,84.0,31.0,1.349562,2000s,High,High,High
Guinea-Bissau,GNB,AFR,2005,1381589,3900.0,281.0,1300.0,94.0,33.0,1.381589,2000s,High,High,High
Guinea-Bissau,GNB,AFR,2006,1415301,4000.0,286.0,1200.0,86.0,30.0,1.415301,2000s,High,High,High
Guinea-Bissau,GNB,AFR,2007,1450992,4200.0,286.0,1300.0,91.0,32.0,1.450992,2000s,High,High,High
Guinea-Bissau,GNB,AFR,2008,1488058,4200.0,282.0,1300.0,89.0,32.0,1.488058,2000s,High,High,High
Guinea-Bissau,GNB,AFR,2009,1526371,4200.0,276.0,1300.0,85.0,31.0,1.526371,2000s,High,High,High
Guinea-Bissau,GNB,AFR,2010,1566348,4200.0,266.0,1300.0,81.0,30.0,1.566348,2010s,High,High,High
Guinea-Bissau,GNB,AFR,2011,1608069,4100.0,253.0,1300.0,78.0,31.0,1.608069,2010s,High,High,High
Guinea-Bissau,GNB,AFR,2012,1651416,4000.0,241.0,1300.0,76.0,32.0,1.651416,2010s,High,High,High
Guinea-Bissau,GNB,AFR,2013,1695971,3900.0,230.0,1200.0,68.0,30.0,1.695971,2010s,High,High,High
Guinea-Bissau,GNB,AFR,2014,1741119,3800.0,218.0,970.0,56.0,26.0,1.741119,2010s,High,High,High
Guinea-Bissau,GNB,AFR,2015,1786462,3700.0,209.0,930.0,52.0,25.0,1.786462,2010s,High,High,High
Guinea-Bissau,GNB,AFR,2016,1831890,3700.0,203.0,920.0,50.0,25.0,1.83189,2010s,High,Moderate,High
Guinea-Bissau,GNB,AFR,2017,1877077,3700.0,198.0,910.0,49.0,25.0,1.877077,2010s,Medium,Moderate,High
Guinea-Bissau,GNB,AFR,2018,1922167,3700.0,194.0,1000.0,54.0,28.0,1.922167,2010s,Medium,High,High
Guinea-Bissau,GNB,AFR,2019,1967699,3700.0,189.0,830.0,42.0,22.0,1.967699,2010s,Medium,Moderate,High
Guinea-Bissau,GNB,AFR,2020,2013260,3700.0,186.0,770.0,38.0,21.0,2.01326,2020s,Medium,Moderate,High
Guinea-Bissau,GNB,AFR,2021,2058838,3800.0,183.0,790.0,39.0,21.0,2.058838,2020s,Medium,Moderate,High
Guinea-Bissau,GNB,AFR,2022,2105531,3800.0,180.0,570.0,27.0,15.0,2.105531,2020s,Medium,Moderate,High
Guinea-Bissau,GNB,AFR,2023,2153342,3800.0,178.0,760.0,35.0,20.0,2.153342,2020s,Medium,Moderate,High
Guinea-Bissau,GNB,AFR,2024,2201346,3900.0,176.0,730.0,33.0,19.0,2.201346,2020s,Medium,Moderate,High
Guyana,GUY,AMR,2000,764831,1100.0,148.0,160.0,21.0,15.0,0.764831,2000s,Medium,Moderate,High
Guyana,GUY,AMR,2001,764472,1000.0,134.0,140.0,18.0,14.0,0.764472,2000s,Medium,Low,High
Guyana,GUY,AMR,2002,763647,1300.0,173.0,190.0,25.0,15.0,0.763647,2000s,Medium,Moderate,High
Guyana,GUY,AMR,2003,763097,1300.0,171.0,180.0,23.0,14.0,0.763097,2000s,Medium,Moderate,High
Guyana,GUY,AMR,2004,762422,1200.0,152.0,210.0,27.0,18.0,0.762422,2000s,Medium,Moderate,High
Guyana,GUY,AMR,2005,760908,1100.0,151.0,180.0,24.0,16.0,0.760908,2000s,Medium,Moderate,High
Guyana,GUY,AMR,2006,758973,1200.0,163.0,170.0,22.0,14.0,0.758973,2000s,Medium,Moderate,High
Guyana,GUY,AMR,2007,756863,1000.0,133.0,230.0,30.0,23.0,0.756863,2000s,Medium,Moderate,High
Guyana,GUY,AMR,2008,754610,1100.0,143.0,190.0,25.0,17.0,0.75461,2000s,Medium,Moderate,High
Guyana,GUY,AMR,2009,752094,1200.0,164.0,200.0,27.0,17.0,0.752094,2000s,Medium,Moderate,High
Guyana,GUY,AMR,2010,749259,1100.0,150.0,240.0,33.0,22.0,0.749259,2010s,Medium,Moderate,High
Guyana,GUY,AMR,2011,746146,1100.0,145.0,190.0,26.0,18.0,0.746146,2010s,Medium,Moderate,High
Guyana,GUY,AMR,2012,746290,1100.0,148.0,220.0,30.0,21.0,0.74629,2010s,Medium,Moderate,High
Guyana,GUY,AMR,2013,750031,970.0,130.0,200.0,26.0,20.0,0.750031,2010s,Medium,Moderate,High
Guyana,GUY,AMR,2014,754230,760.0,100.0,140.0,18.0,18.0,0.75423,2010s,Low,Low,High
Guyana,GUY,AMR,2015,758781,770.0,102.0,140.0,18.0,18.0,0.758781,2010s,Medium,Low,High
Guyana,GUY,AMR,2016,763554,770.0,101.0,150.0,19.0,19.0,0.763554,2010s,Medium,Low,High
Guyana,GUY,AMR,2017,768476,690.0,90.0,130.0,17.0,19.0,0.768476,2010s,Low,Low,High
Guyana,GUY,AMR,2018,791561,670.0,85.0,92.0,12.0,14.0,0.791561,2010s,Low,Low,High
Guyana,GUY,AMR,2019,807664,640.0,80.0,120.0,15.0,19.0,0.807664,2010s,Low,Low,High
Guyana,GUY,AMR,2020,807476,470.0,59.0,110.0,14.0,24.0,0.807476,2020s,Low,Low,High
Guyana,GUY,AMR,2021,815477,540.0,66.0,150.0,18.0,28.0,0.815477,2020s,Low,Low,High
Guyana,GUY,AMR,2022,821636,510.0,61.0,150.0,18.0,30.0,0.821636,2020s,Low,Low,High
Guyana,GUY,AMR,2023,826356,550.0,66.0,170.0,20.0,31.0,0.826356,2020s,Low,Low,High
Guyana,GUY,AMR,2024,831082,550.0,67.0,160.0,20.0,30.0,0.831082,2020s,Low,Low,High
Haiti,HTI,AMR,2000,8303152,48000.0,576.0,15000.0,176.0,31.0,8.303152,2000s,High,High,High
Haiti,HTI,AMR,2001,8455921,49000.0,576.0,13000.0,156.0,27.0,8.455921,2000s,High,High,High
Haiti,HTI,AMR,2002,8607647,49000.0,571.0,12000.0,134.0,24.0,8.607647,2000s,High,High,High
Haiti,HTI,AMR,2003,8759913,49000.0,562.0,10000.0,117.0,21.0,8.759913,2000s,High,High,High
Haiti,HTI,AMR,2004,8910259,49000.0,549.0,9600.0,107.0,20.0,8.910259,2000s,High,High,High
Haiti,HTI,AMR,2005,9061270,48000.0,532.0,9300.0,103.0,20.0,9.06127,2000s,High,High,High
Haiti,HTI,AMR,2006,9216559,47000.0,514.0,9300.0,101.0,20.0,9.216559,2000s,High,High,High
Haiti,HTI,AMR,2007,9373301,46000.0,488.0,7000.0,75.0,15.0,9.373301,2000s,High,High,High
Haiti,HTI,AMR,2008,9530774,43000.0,456.0,6500.0,68.0,15.0,9.530774,2000s,High,High,High
Haiti,HTI,AMR,2009,9689580,41000.0,428.0,6000.0,62.0,15.0,9.68958,2000s,High,High,High
Haiti,HTI,AMR,2010,9803296,40000.0,407.0,5200.0,53.0,13.0,9.803296,2010s,High,High,High
Haiti,HTI,AMR,2011,9914905,39000.0,389.0,5100.0,52.0,13.0,9.914905,2010s,High,High,High
Haiti,HTI,AMR,2012,10069768,37000.0,372.0,4600.0,46.0,13.0,10.069768,2010s,High,Moderate,High
Haiti,HTI,AMR,2013,10222353,36000.0,353.0,4300.0,42.0,12.0,10.222353,2010s,High,Moderate,High
Haiti,HTI,AMR,2014,10373231,35000.0,336.0,4100.0,39.0,12.0,10.373231,2010s,High,Moderate,High
Haiti,HTI,AMR,2015,10523236,33000.0,318.0,3500.0,33.0,11.0,10.523236,2010s,High,Moderate,High
Haiti,HTI,AMR,2016,10671458,32000.0,297.0,3200.0,30.0,10.0,10.671458,2010s,High,Moderate,Moderate
Haiti,HTI,AMR,2017,10817755,30000.0,276.0,3100.0,29.0,11.0,10.817755,2010s,High,Moderate,High
Haiti,HTI,AMR,2018,10962369,28000.0,256.0,2900.0,27.0,11.0,10.962369,2010s,High,Moderate,High
Haiti,HTI,AMR,2019,11105171,27000.0,239.0,2900.0,26.0,11.0,11.105171,2010s,High,Moderate,High
Haiti,HTI,AMR,2020,11243847,25000.0,223.0,2600.0,23.0,10.0,11.243847,2020s,High,Moderate,Moderate
Haiti,HTI,AMR,2021,11374584,24000.0,209.0,2600.0,23.0,11.0,11.374584,2020s,High,Moderate,High
Haiti,HTI,AMR,2022,11503612,23000.0,196.0,2400.0,21.0,11.0,11.503612,2020s,Medium,Moderate,High
Haiti,HTI,AMR,2023,11637406,22000.0,185.0,2100.0,18.0,10.0,11.637406,2020s,Medium,Low,Moderate
Haiti,HTI,AMR,2024,11772562,21000.0,175.0,2100.0,18.0,10.0,11.772562,2020s,Medium,Low,Moderate
Honduras,HND,AMR,2000,6577777,18000.0,280.0,2400.0,36.0,13.0,6.577777,2000s,High,Moderate,High
Honduras,HND,AMR,2001,6757983,13000.0,200.0,1500.0,23.0,12.0,6.757983,2000s,Medium,Moderate,High
Honduras,HND,AMR,2002,6938867,11000.0,161.0,1200.0,17.0,11.0,6.938867,2000s,Medium,Low,High
Honduras,HND,AMR,2003,7119211,9500.0,133.0,630.0,8.8,7.0,7.119211,2000s,Medium,Low,Moderate
Honduras,HND,AMR,2004,7299003,7900.0,108.0,780.0,11.0,10.0,7.299003,2000s,Medium,Low,Moderate
Honduras,HND,AMR,2005,7478354,6900.0,92.0,710.0,9.4,10.0,7.478354,2000s,Low,Low,Moderate
Honduras,HND,AMR,2006,7656833,6400.0,84.0,670.0,8.7,11.0,7.656833,2000s,Low,Low,High
Honduras,HND,AMR,2007,7834796,5400.0,69.0,620.0,7.9,11.0,7.834796,2000s,Low,Low,High
Honduras,HND,AMR,2008,8012589,5400.0,67.0,590.0,7.4,11.0,8.012589,2000s,Low,Low,High
Honduras,HND,AMR,2009,8189900,5400.0,66.0,570.0,7.0,11.0,8.1899,2000s,Low,Low,High
Honduras,HND,AMR,2010,8365871,5200.0,62.0,540.0,6.5,11.0,8.365871,2010s,Low,Low,High
Honduras,HND,AMR,2011,8540587,5600.0,66.0,600.0,7.0,11.0,8.540587,2010s,Low,Low,High
Honduras,HND,AMR,2012,8715081,5100.0,59.0,540.0,6.3,11.0,8.715081,2010s,Low,Low,High
Honduras,HND,AMR,2013,8889280,4900.0,55.0,520.0,5.9,11.0,8.88928,2010s,Low,Low,High
Honduras,HND,AMR,2014,9063122,4500.0,49.0,510.0,5.6,11.0,9.063122,2010s,Low,Low,High
Honduras,HND,AMR,2015,9237309,4600.0,49.0,500.0,5.5,11.0,9.237309,2010s,Low,Low,High
Honduras,HND,AMR,2016,9412377,4500.0,48.0,510.0,5.4,11.0,9.412377,2010s,Low,Low,High
Honduras,HND,AMR,2017,9588144,4400.0,46.0,510.0,5.3,12.0,9.588144,2010s,Low,Low,High
Honduras,HND,AMR,2018,9765209,4400.0,45.0,530.0,5.4,12.0,9.765209,2010s,Low,Low,High
Honduras,HND,AMR,2019,9943626,3800.0,38.0,530.0,5.4,14.0,9.943626,2010s,Low,Low,High
Honduras,HND,AMR,2020,10119645,3800.0,38.0,620.0,6.1,16.0,10.119645,2020s,Low,Low,High
Honduras,HND,AMR,2021,10289877,3900.0,38.0,610.0,5.9,16.0,10.289877,2020s,Low,Low,High
Honduras,HND,AMR,2022,10463882,3900.0,38.0,590.0,5.6,15.0,10.463882,2020s,Low,Low,High
Honduras,HND,AMR,2023,10644848,4000.0,38.0,570.0,5.4,14.0,10.644848,2020s,Low,Low,High
Honduras,HND,AMR,2024,10825694,4100.0,38.0,580.0,5.4,14.0,10.825694,2020s,Low,Low,High
Hungary,HUN,EUR,2000,10190597,4600.0,45.0,430.0,4.2,9.0,10.190597,2000s,Low,Low,Moderate
Hungary,HUN,EUR,2001,10166688,4400.0,43.0,390.0,3.8,9.0,10.166688,2000s,Low,Low,Moderate
Hungary,HUN,EUR,2002,10138459,4000.0,40.0,340.0,3.3,8.0,10.138459,2000s,Low,Low,Moderate
Hungary,HUN,EUR,2003,10108961,4000.0,40.0,310.0,3.1,8.0,10.108961,2000s,Low,Low,Moderate
Hungary,HUN,EUR,2004,10085791,3300.0,33.0,310.0,3.0,9.0,10.085791,2000s,Low,Low,Moderate
Hungary,HUN,EUR,2005,10065705,2600.0,26.0,260.0,2.6,10.0,10.065705,2000s,Low,Low,Moderate
Hungary,HUN,EUR,2006,10049937,2400.0,24.0,190.0,1.9,8.0,10.049937,2000s,Low,Low,Moderate
Hungary,HUN,EUR,2007,10034086,2200.0,22.0,220.0,2.2,10.0,10.034086,2000s,Low,Low,Moderate
Hungary,HUN,EUR,2008,10016666,2100.0,20.0,200.0,1.9,10.0,10.016666,2000s,Low,Low,Moderate
Hungary,HUN,EUR,2009,10001370,1800.0,18.0,170.0,1.7,10.0,10.00137,2000s,Low,Low,Moderate
Hungary,HUN,EUR,2010,9979132,2200.0,22.0,160.0,1.6,7.0,9.979132,2010s,Low,Low,Moderate
Hungary,HUN,EUR,2011,9946681,1800.0,18.0,130.0,1.3,7.0,9.946681,2010s,Low,Low,Moderate
Hungary,HUN,EUR,2012,9916622,1600.0,16.0,130.0,1.3,8.0,9.916622,2010s,Low,Low,Moderate
Hungary,HUN,EUR,2013,9889351,1400.0,14.0,100.0,1.0,7.0,9.889351,2010s,Low,Low,Moderate
Hungary,HUN,EUR,2014,9862845,1100.0,11.0,89.0,0.91,9.0,9.862845,2010s,Low,Low,Moderate
Hungary,HUN,EUR,2015,9839211,1100.0,11.0,110.0,1.1,10.0,9.839211,2010s,Low,Low,Moderate
Hungary,HUN,EUR,2016,9810544,960.0,9.8,68.0,0.7,7.0,9.810544,2010s,Low,Low,Moderate
Hungary,HUN,EUR,2017,9785610,840.0,8.6,66.0,0.68,8.0,9.78561,2010s,Low,Low,Moderate
Hungary,HUN,EUR,2018,9774396,780.0,8.0,87.0,0.89,11.0,9.774396,2010s,Low,Low,High
Hungary,HUN,EUR,2019,9770341,680.0,7.0,65.0,0.67,10.0,9.770341,2010s,Low,Low,Moderate
Hungary,HUN,EUR,2020,9749457,490.0,5.1,56.0,0.58,11.0,9.749457,2020s,Low,Low,High
Hungary,HUN,EUR,2021,9707853,400.0,4.1,58.0,0.59,15.0,9.707853,2020s,Low,Low,High
Hungary,HUN,EUR,2022,9684301,560.0,5.7,57.0,0.59,10.0,9.684301,2020s,Low,Low,Moderate
Hungary,HUN,EUR,2023,9686464,630.0,6.5,78.0,0.8,12.0,9.686464,2020s,Low,Low,High
Hungary,HUN,EUR,2024,9676124,540.0,5.6,77.0,0.8,14.0,9.676124,2020s,Low,Low,High
Iceland,ISL,EUR,2000,281279,13.0,4.6,2.0,0.73,,0.281279,2000s,Low,Low,
Iceland,ISL,EUR,2001,285048,12.0,4.2,3.0,1.1,,0.285048,2000s,Low,Low,
Iceland,ISL,EUR,2002,287604,8.0,2.8,4.0,1.4,,0.287604,2000s,Low,Low,
Iceland,ISL,EUR,2003,289612,5.0,1.7,7.0,2.4,,0.289612,2000s,Low,Low,
Iceland,ISL,EUR,2004,292168,11.0,3.8,4.0,1.4,,0.292168,2000s,Low,Low,
Iceland,ISL,EUR,2005,296830,10.0,3.4,3.0,1.1,,0.29683,2000s,Low,Low,
Iceland,ISL,EUR,2006,303876,13.0,4.3,2.0,0.74,,0.303876,2000s,Low,Low,
Iceland,ISL,EUR,2007,311646,12.0,3.9,5.0,1.6,,0.311646,2000s,Low,Low,
Iceland,ISL,EUR,2008,317518,6.0,1.9,2.0,0.71,,0.317518,2000s,Low,Low,
Iceland,ISL,EUR,2009,318607,9.0,2.8,8.0,2.6,,0.318607,2000s,Low,Low,
Iceland,ISL,EUR,2010,318158,22.0,6.9,3.0,1.1,,0.318158,2010s,Low,Low,
Iceland,ISL,EUR,2011,319147,8.0,2.5,3.0,0.8,,0.319147,2010s,Low,Low,
Iceland,ISL,EUR,2012,320835,10.0,3.1,3.0,0.87,,0.320835,2010s,Low,Low,
Iceland,ISL,EUR,2013,323893,11.0,3.4,2.0,0.53,,0.323893,2010s,Low,Low,
Iceland,ISL,EUR,2014,327507,8.0,2.4,2.0,0.6,,0.327507,2010s,Low,Low,
Iceland,ISL,EUR,2015,330948,7.0,2.1,2.0,0.61,,0.330948,2010s,Low,Low,
Iceland,ISL,EUR,2016,335580,6.0,1.8,2.0,0.52,,0.33558,2010s,Low,Low,
Iceland,ISL,EUR,2017,343527,13.0,3.8,2.0,0.48,,0.343527,2010s,Low,Low,
Iceland,ISL,EUR,2018,352849,8.0,2.3,1.0,0.41,,0.352849,2010s,Low,Low,
Iceland,ISL,EUR,2019,360713,13.0,3.6,1.0,0.35,,0.360713,2010s,Low,Low,
Iceland,ISL,EUR,2020,366615,12.0,3.3,1.0,0.29,,0.366615,2020s,Low,Low,
Iceland,ISL,EUR,2021,372640,7.0,1.9,2.0,0.56,,0.37264,2020s,Low,Low,
Iceland,ISL,EUR,2022,380355,16.0,4.2,1.0,0.25,,0.380355,2020s,Low,Low,
Iceland,ISL,EUR,2023,387551,14.0,3.6,1.0,0.24,,0.387551,2020s,Low,Low,
Iceland,ISL,EUR,2024,393395,12.0,3.0,1.0,0.24,,0.393395,2020s,Low,Low,
India,IND,SEA,2000,1057922722,3400000.0,322.0,1040000.0,99.0,36.0,1057.922722,2000s,High,High,High
India,IND,SEA,2001,1077898574,3460000.0,321.0,979000.0,91.0,34.0,1077.898574,2000s,High,High,High
India,IND,SEA,2002,1097600382,3510000.0,320.0,915000.0,83.0,31.0,1097.600382,2000s,High,High,High
India,IND,SEA,2003,1116802995,3550000.0,318.0,848000.0,76.0,28.0,1116.802995,2000s,High,High,High
India,IND,SEA,2004,1135991522,3580000.0,315.0,779000.0,69.0,26.0,1135.991522,2000s,High,High,High
India,IND,SEA,2005,1154676330,3590000.0,311.0,750000.0,65.0,25.0,1154.67633,2000s,High,High,High
India,IND,SEA,2006,1172878890,3580000.0,305.0,729000.0,62.0,24.0,1172.87889,2000s,High,High,High
India,IND,SEA,2007,1190676022,3550000.0,298.0,692000.0,58.0,23.0,1190.676022,2000s,High,High,High
India,IND,SEA,2008,1207930973,3520000.0,291.0,672000.0,56.0,22.0,1207.930973,2000s,High,High,High
India,IND,SEA,2009,1225524748,3470000.0,283.0,621000.0,51.0,20.0,1225.524748,2000s,High,High,High
India,IND,SEA,2010,1243481553,3430000.0,276.0,581000.0,47.0,19.0,1243.481553,2010s,High,Moderate,High
India,IND,SEA,2011,1261224955,3380000.0,268.0,558000.0,44.0,18.0,1261.224955,2010s,High,Moderate,High
India,IND,SEA,2012,1278674506,3300000.0,258.0,531000.0,41.0,17.0,1278.674506,2010s,High,Moderate,High
India,IND,SEA,2013,1295829516,3220000.0,248.0,497000.0,38.0,16.0,1295.829516,2010s,High,Moderate,High
India,IND,SEA,2014,1312277198,3190000.0,243.0,451000.0,34.0,15.0,1312.277198,2010s,High,Moderate,High
India,IND,SEA,2015,1328024502,3140000.0,237.0,426000.0,32.0,14.0,1328.024502,2010s,High,Moderate,High
India,IND,SEA,2016,1343944301,3030000.0,225.0,395000.0,29.0,13.0,1343.944301,2010s,High,Moderate,High
India,IND,SEA,2017,1359657407,2950000.0,217.0,379000.0,28.0,13.0,1359.657407,2010s,High,Moderate,High
India,IND,SEA,2018,1374659072,2860000.0,208.0,368000.0,27.0,13.0,1374.659072,2010s,High,Moderate,High
India,IND,SEA,2019,1389030316,2810000.0,202.0,341000.0,25.0,12.0,1389.030316,2010s,High,Moderate,High
India,IND,SEA,2020,1402617699,2770000.0,197.0,316000.0,23.0,11.0,1402.617699,2020s,Medium,Moderate,High
India,IND,SEA,2021,1414203891,2770000.0,196.0,332000.0,23.0,12.0,1414.203891,2020s,Medium,Moderate,High
India,IND,SEA,2022,1425423217,2790000.0,196.0,331000.0,23.0,12.0,1425.423217,2020s,Medium,Moderate,High
India,IND,SEA,2023,1438069593,2760000.0,192.0,315000.0,22.0,11.0,1438.069593,2020s,Medium,Moderate,High
India,IND,SEA,2024,1450935788,2710000.0,187.0,305000.0,21.0,11.0,1450.935788,2020s,Medium,Moderate,High
Indonesia,IDN,WPR,2000,216077793,799000.0,370.0,123000.0,57.0,15.0,216.077793,2000s,High,High,High
Indonesia,IDN,WPR,2001,219097894,808000.0,369.0,124000.0,56.0,15.0,219.097894,2000s,High,High,High
Indonesia,IDN,WPR,2002,222088489,816000.0,367.0,123000.0,55.0,15.0,222.088489,2000s,High,High,High
Indonesia,IDN,WPR,2003,225048011,823000.0,366.0,123000.0,55.0,15.0,225.048011,2000s,High,High,High
Indonesia,IDN,WPR,2004,227926643,828000.0,363.0,122000.0,53.0,15.0,227.926643,2000s,High,High,High
Indonesia,IDN,WPR,2005,230871650,832000.0,360.0,122000.0,53.0,15.0,230.87165,2000s,High,High,High
Indonesia,IDN,WPR,2006,233951648,835000.0,357.0,125000.0,53.0,15.0,233.951648,2000s,High,High,High
Indonesia,IDN,WPR,2007,237062338,837000.0,353.0,126000.0,53.0,15.0,237.062338,2000s,High,High,High
Indonesia,IDN,WPR,2008,240157904,839000.0,349.0,127000.0,53.0,15.0,240.157904,2000s,High,High,High
Indonesia,IDN,WPR,2009,243220031,840000.0,345.0,128000.0,53.0,15.0,243.220031,2000s,High,High,High
Indonesia,IDN,WPR,2010,246305322,842000.0,342.0,127000.0,51.0,15.0,246.305322,2010s,High,High,High
Indonesia,IDN,WPR,2011,249470034,844000.0,338.0,126000.0,50.0,15.0,249.470034,2010s,High,Moderate,High
Indonesia,IDN,WPR,2012,252698523,847000.0,335.0,123000.0,48.0,15.0,252.698523,2010s,High,Moderate,High
Indonesia,IDN,WPR,2013,255852473,850000.0,332.0,119000.0,47.0,14.0,255.852473,2010s,High,Moderate,High
Indonesia,IDN,WPR,2014,258877417,851000.0,329.0,116000.0,45.0,14.0,258.877417,2010s,High,Moderate,High
Indonesia,IDN,WPR,2015,261799252,852000.0,325.0,110000.0,42.0,13.0,261.799252,2010s,High,Moderate,High
Indonesia,IDN,WPR,2016,264627410,852000.0,322.0,108000.0,41.0,13.0,264.62741,2010s,High,Moderate,High
Indonesia,IDN,WPR,2017,267346647,852000.0,319.0,104000.0,39.0,12.0,267.346647,2010s,High,Moderate,High
Indonesia,IDN,WPR,2018,269951843,852000.0,316.0,101000.0,37.0,12.0,269.951843,2010s,High,Moderate,High
Indonesia,IDN,WPR,2019,272489386,851000.0,312.0,99000.0,36.0,12.0,272.489386,2010s,High,Moderate,High
Indonesia,IDN,WPR,2020,274814856,840000.0,306.0,110000.0,40.0,13.0,274.814856,2020s,High,Moderate,High
Indonesia,IDN,WPR,2021,276758054,915000.0,330.0,137000.0,50.0,15.0,276.758054,2020s,High,Moderate,High
Indonesia,IDN,WPR,2022,278830522,1050000.0,375.0,146000.0,52.0,14.0,278.830522,2020s,High,High,High
Indonesia,IDN,WPR,2023,281190070,1090000.0,388.0,132000.0,47.0,12.0,281.19007,2020s,High,Moderate,High
Indonesia,IDN,WPR,2024,283487922,1080000.0,382.0,126000.0,44.0,12.0,283.487922,2020s,High,Moderate,High
Iran (Islamic Republic of),IRN,EMR,2000,66418666,29000.0,43.0,740.0,1.1,3.0,66.418666,2000s,Low,Low,Low
Iran (Islamic Republic of),IRN,EMR,2001,67452003,28000.0,42.0,770.0,1.1,3.0,67.452003,2000s,Low,Low,Low
Iran (Islamic Republic of),IRN,EMR,2002,68011319,28000.0,40.0,790.0,1.2,3.0,68.011319,2000s,Low,Low,Low
Iran (Islamic Republic of),IRN,EMR,2003,68769345,26000.0,38.0,820.0,1.2,3.0,68.769345,2000s,Low,Low,Low
Iran (Islamic Republic of),IRN,EMR,2004,70256325,24000.0,35.0,850.0,1.2,4.0,70.256325,2000s,Low,Low,Low
Iran (Islamic Republic of),IRN,EMR,2005,71828453,22000.0,31.0,880.0,1.2,4.0,71.828453,2000s,Low,Low,Low
Iran (Islamic Republic of),IRN,EMR,2006,73392739,22000.0,30.0,930.0,1.3,4.0,73.392739,2000s,Low,Low,Low
Iran (Islamic Republic of),IRN,EMR,2007,74602638,21000.0,28.0,950.0,1.3,4.0,74.602638,2000s,Low,Low,Low
Iran (Islamic Republic of),IRN,EMR,2008,75514207,21000.0,28.0,960.0,1.3,5.0,75.514207,2000s,Low,Low,Low
Iran (Islamic Republic of),IRN,EMR,2009,76457819,22000.0,29.0,980.0,1.3,4.0,76.457819,2000s,Low,Low,Low
Iran (Islamic Republic of),IRN,EMR,2010,77420845,22000.0,29.0,980.0,1.3,4.0,77.420845,2010s,Low,Low,Low
Iran (Islamic Republic of),IRN,EMR,2011,78383591,22000.0,28.0,960.0,1.2,4.0,78.383591,2010s,Low,Low,Low
Iran (Islamic Republic of),IRN,EMR,2012,79370581,21000.0,26.0,940.0,1.2,4.0,79.370581,2010s,Low,Low,Low
Iran (Islamic Republic of),IRN,EMR,2013,80414680,20000.0,24.0,840.0,1.0,4.0,80.41468,2010s,Low,Low,Low
Iran (Islamic Republic of),IRN,EMR,2014,81502041,17000.0,21.0,740.0,0.91,4.0,81.502041,2010s,Low,Low,Low
Iran (Islamic Republic of),IRN,EMR,2015,82619360,16000.0,20.0,950.0,1.2,6.0,82.61936,2010s,Low,Low,Moderate
Iran (Islamic Republic of),IRN,EMR,2016,83812228,14000.0,17.0,1000.0,1.2,7.0,83.812228,2010s,Low,Low,Moderate
Iran (Islamic Republic of),IRN,EMR,2017,85026754,13000.0,16.0,900.0,1.1,7.0,85.026754,2010s,Low,Low,Moderate
Iran (Islamic Republic of),IRN,EMR,2018,86117998,13000.0,15.0,990.0,1.2,8.0,86.117998,2010s,Low,Low,Moderate
Iran (Islamic Republic of),IRN,EMR,2019,87051651,12000.0,14.0,980.0,1.1,9.0,87.051651,2010s,Low,Low,Moderate
Iran (Islamic Republic of),IRN,EMR,2020,87723439,11000.0,13.0,1000.0,1.1,9.0,87.723439,2020s,Low,Low,Moderate
Iran (Islamic Republic of),IRN,EMR,2021,88455483,11000.0,12.0,980.0,1.1,9.0,88.455483,2020s,Low,Low,Moderate
Iran (Islamic Republic of),IRN,EMR,2022,89524250,10000.0,12.0,960.0,1.1,9.0,89.52425,2020s,Low,Low,Moderate
Iran (Islamic Republic of),IRN,EMR,2023,90608706,10000.0,11.0,960.0,1.1,10.0,90.608706,2020s,Low,Low,Moderate
Iran (Islamic Republic of),IRN,EMR,2024,91567739,9600.0,10.0,960.0,1.0,10.0,91.567739,2020s,Low,Low,Moderate
Iraq,IRQ,EMR,2000,24424058,15000.0,60.0,1300.0,5.4,9.0,24.424058,2000s,Low,Low,Moderate
Iraq,IRQ,EMR,2001,25197848,16000.0,63.0,1200.0,4.9,8.0,25.197848,2000s,Low,Low,Moderate
Iraq,IRQ,EMR,2002,26006556,18000.0,69.0,1200.0,4.7,7.0,26.006556,2000s,Low,Low,Moderate
Iraq,IRQ,EMR,2003,26802655,18000.0,66.0,1500.0,5.8,9.0,26.802655,2000s,Low,Low,Moderate
Iraq,IRQ,EMR,2004,27577880,16000.0,58.0,1400.0,5.2,9.0,27.57788,2000s,Low,Low,Moderate
Iraq,IRQ,EMR,2005,28407453,14000.0,50.0,1400.0,5.0,10.0,28.407453,2000s,Low,Low,Moderate
Iraq,IRQ,EMR,2006,28616508,12000.0,43.0,1400.0,5.0,12.0,28.616508,2000s,Low,Low,High
Iraq,IRQ,EMR,2007,28391605,12000.0,42.0,1300.0,4.5,11.0,28.391605,2000s,Low,Low,High
Iraq,IRQ,EMR,2008,28971038,14000.0,48.0,1100.0,4.0,8.0,28.971038,2000s,Low,Low,Moderate
Iraq,IRQ,EMR,2009,30058204,14000.0,47.0,1100.0,3.7,8.0,30.058204,2000s,Low,Low,Moderate
Iraq,IRQ,EMR,2010,31045375,15000.0,47.0,1100.0,3.4,7.0,31.045375,2010s,Low,Low,Moderate
Iraq,IRQ,EMR,2011,32161417,13000.0,42.0,1000.0,3.3,8.0,32.161417,2010s,Low,Low,Moderate
Iraq,IRQ,EMR,2012,33654836,13000.0,39.0,1000.0,3.1,8.0,33.654836,2010s,Low,Low,Moderate
Iraq,IRQ,EMR,2013,35281988,13000.0,37.0,1000.0,2.9,8.0,35.281988,2010s,Low,Low,Moderate
Iraq,IRQ,EMR,2014,36550059,13000.0,34.0,1000.0,2.8,8.0,36.550059,2010s,Low,Low,Moderate
Iraq,IRQ,EMR,2015,37560533,12000.0,33.0,1000.0,2.7,8.0,37.560533,2010s,Low,Low,Moderate
Iraq,IRQ,EMR,2016,38469630,11000.0,29.0,970.0,2.5,9.0,38.46963,2010s,Low,Low,Moderate
Iraq,IRQ,EMR,2017,39337361,12000.0,29.0,940.0,2.4,8.0,39.337361,2010s,Low,Low,Moderate
Iraq,IRQ,EMR,2018,40265625,11000.0,27.0,900.0,2.2,9.0,40.265625,2010s,Low,Low,Moderate
Iraq,IRQ,EMR,2019,41192170,10000.0,24.0,860.0,2.1,9.0,41.19217,2010s,Low,Low,Moderate
Iraq,IRQ,EMR,2020,42116599,7600.0,18.0,830.0,2.0,11.0,42.116599,2020s,Low,Low,High
Iraq,IRQ,EMR,2021,43071206,8800.0,20.0,790.0,1.8,9.0,43.071206,2020s,Low,Low,Moderate
Iraq,IRQ,EMR,2022,44070549,10000.0,23.0,760.0,1.7,8.0,44.070549,2020s,Low,Low,Moderate
Iraq,IRQ,EMR,2023,45074055,11000.0,23.0,720.0,1.6,7.0,45.074055,2020s,Low,Low,Moderate
Iraq,IRQ,EMR,2024,46042013,9800.0,21.0,670.0,1.5,7.0,46.042013,2020s,Low,Low,Moderate
Ireland,IRL,EUR,2000,3802578,540.0,14.0,62.0,1.6,12.0,3.802578,2000s,Low,Low,High
Ireland,IRL,EUR,2001,3862987,550.0,14.0,42.0,1.1,8.0,3.862987,2000s,Low,Low,Moderate
Ireland,IRL,EUR,2002,3928451,520.0,13.0,50.0,1.3,10.0,3.928451,2000s,Low,Low,Moderate
Ireland,IRL,EUR,2003,3992939,560.0,14.0,46.0,1.1,8.0,3.992939,2000s,Low,Low,Moderate
Ireland,IRL,EUR,2004,4066070,550.0,14.0,48.0,1.2,9.0,4.06607,2000s,Low,Low,Moderate
Ireland,IRL,EUR,2005,4155293,570.0,14.0,32.0,0.76,6.0,4.155293,2000s,Low,Low,Moderate
Ireland,IRL,EUR,2006,4268783,590.0,14.0,47.0,1.1,8.0,4.268783,2000s,Low,Low,Moderate
Ireland,IRL,EUR,2007,4393512,580.0,13.0,58.0,1.3,10.0,4.393512,2000s,Low,Low,Moderate
Ireland,IRL,EUR,2008,4486001,570.0,13.0,37.0,0.83,7.0,4.486001,2000s,Low,Low,Moderate
Ireland,IRL,EUR,2009,4533748,560.0,12.0,41.0,0.91,7.0,4.533748,2000s,Low,Low,Moderate
Ireland,IRL,EUR,2010,4559082,510.0,11.0,40.0,0.87,8.0,4.559082,2010s,Low,Low,Moderate
Ireland,IRL,EUR,2011,4579600,500.0,11.0,34.0,0.73,7.0,4.5796,2010s,Low,Low,Moderate
Ireland,IRL,EUR,2012,4600120,440.0,9.5,31.0,0.67,7.0,4.60012,2010s,Low,Low,Moderate
Ireland,IRL,EUR,2013,4624687,450.0,9.7,26.0,0.57,6.0,4.624687,2010s,Low,Low,Moderate
Ireland,IRL,EUR,2014,4658244,370.0,8.0,27.0,0.57,7.0,4.658244,2010s,Low,Low,Moderate
Ireland,IRL,EUR,2015,4702497,360.0,7.7,21.0,0.44,6.0,4.702497,2010s,Low,Low,Moderate
Ireland,IRL,EUR,2016,4753500,360.0,7.6,19.0,0.41,5.0,4.7535,2010s,Low,Low,Low
Ireland,IRL,EUR,2017,4810255,370.0,7.7,19.0,0.39,5.0,4.810255,2010s,Low,Low,Low
Ireland,IRL,EUR,2018,4872559,360.0,7.4,28.0,0.57,8.0,4.872559,2010s,Low,Low,Moderate
Ireland,IRL,EUR,2019,4933495,300.0,6.2,10.0,0.19,3.0,4.933495,2010s,Low,Low,Low
Ireland,IRL,EUR,2020,4982595,280.0,5.6,20.0,0.39,7.0,4.982595,2020s,Low,Low,Moderate
Ireland,IRL,EUR,2021,5028427,250.0,5.0,15.0,0.3,6.0,5.028427,2020s,Low,Low,Moderate
Ireland,IRL,EUR,2022,5110010,240.0,4.7,11.0,0.21,4.0,5.11001,2020s,Low,Low,Low
Ireland,IRL,EUR,2023,5196629,250.0,4.8,21.0,0.4,9.0,5.196629,2020s,Low,Low,Moderate
Ireland,IRL,EUR,2024,5255016,320.0,6.2,22.0,0.41,7.0,5.255016,2020s,Low,Low,Moderate
Israel,ISR,EUR,2000,6111188,770.0,13.0,94.0,1.5,12.0,6.111188,2000s,Low,Low,High
Israel,ISR,EUR,2001,6259977,720.0,12.0,68.0,1.1,10.0,6.259977,2000s,Low,Low,Moderate
Israel,ISR,EUR,2002,6387724,650.0,10.0,72.0,1.1,11.0,6.387724,2000s,Low,Low,High
Israel,ISR,EUR,2003,6502816,650.0,9.9,67.0,1.0,10.0,6.502816,2000s,Low,Low,Moderate
Israel,ISR,EUR,2004,6615083,620.0,9.3,48.0,0.73,8.0,6.615083,2000s,Low,Low,Moderate
Israel,ISR,EUR,2005,6728206,490.0,7.3,57.0,0.84,12.0,6.728206,2000s,Low,Low,High
Israel,ISR,EUR,2006,6844040,450.0,6.6,42.0,0.61,9.0,6.84404,2000s,Low,Low,Moderate
Israel,ISR,EUR,2007,6962455,520.0,7.4,46.0,0.67,9.0,6.962455,2000s,Low,Low,Moderate
Israel,ISR,EUR,2008,7082623,420.0,5.9,34.0,0.48,8.0,7.082623,2000s,Low,Low,Moderate
Israel,ISR,EUR,2009,7206104,450.0,6.2,33.0,0.45,7.0,7.206104,2000s,Low,Low,Moderate
Israel,ISR,EUR,2010,7336732,430.0,5.9,32.0,0.44,7.0,7.336732,2010s,Low,Low,Moderate
Israel,ISR,EUR,2011,7471012,520.0,7.0,29.0,0.39,6.0,7.471012,2010s,Low,Low,Moderate
Israel,ISR,EUR,2012,7607783,630.0,8.3,27.0,0.35,4.0,7.607783,2010s,Low,Low,Low
Israel,ISR,EUR,2013,7749381,380.0,4.9,19.0,0.24,5.0,7.749381,2010s,Low,Low,Low
Israel,ISR,EUR,2014,7897179,440.0,5.6,22.0,0.27,5.0,7.897179,2010s,Low,Low,Low
Israel,ISR,EUR,2015,8052910,350.0,4.3,18.0,0.23,5.0,8.05291,2010s,Low,Low,Low
Israel,ISR,EUR,2016,8210007,300.0,3.7,19.0,0.23,6.0,8.210007,2010s,Low,Low,Moderate
Israel,ISR,EUR,2017,8361801,280.0,3.4,15.0,0.18,6.0,8.361801,2010s,Low,Low,Moderate
Israel,ISR,EUR,2018,8510061,350.0,4.1,23.0,0.27,7.0,8.510061,2010s,Low,Low,Moderate
Israel,ISR,EUR,2019,8657474,250.0,2.9,21.0,0.25,9.0,8.657474,2010s,Low,Low,Moderate
Israel,ISR,EUR,2020,8800377,180.0,2.1,12.0,0.13,6.0,8.800377,2020s,Low,Low,Moderate
Israel,ISR,EUR,2021,8942923,250.0,2.8,14.0,0.15,6.0,8.942923,2020s,Low,Low,Moderate
Israel,ISR,EUR,2022,9103159,240.0,2.7,14.0,0.15,6.0,9.103159,2020s,Low,Low,Moderate
Israel,ISR,EUR,2023,9256311,260.0,2.8,24.0,0.26,9.0,9.256311,2020s,Low,Low,Moderate
Israel,ISR,EUR,2024,9387024,230.0,2.4,24.0,0.26,11.0,9.387024,2020s,Low,Low,High
Italy,ITA,EUR,2000,57272194,5200.0,9.1,750.0,1.3,15.0,57.272194,2000s,Low,Low,High
Italy,ITA,EUR,2001,57305753,6300.0,11.0,720.0,1.2,12.0,57.305753,2000s,Low,Low,High
Italy,ITA,EUR,2002,57420629,5600.0,9.7,670.0,1.2,12.0,57.420629,2000s,Low,Low,High
Italy,ITA,EUR,2003,57739701,6100.0,11.0,710.0,1.2,12.0,57.739701,2000s,Low,Low,High
Italy,ITA,EUR,2004,58176741,5400.0,9.3,570.0,0.97,11.0,58.176741,2000s,Low,Low,High
Italy,ITA,EUR,2005,58519684,5100.0,8.8,520.0,0.89,10.0,58.519684,2000s,Low,Low,Moderate
Italy,ITA,EUR,2006,58754431,5500.0,9.3,520.0,0.89,10.0,58.754431,2000s,Low,Low,Moderate
Italy,ITA,EUR,2007,59108722,3600.0,6.1,460.0,0.78,13.0,59.108722,2000s,Low,Low,High
Italy,ITA,EUR,2008,59561684,5300.0,8.9,480.0,0.8,9.0,59.561684,2000s,Low,Low,Moderate
Italy,ITA,EUR,2009,59904009,5200.0,8.7,490.0,0.82,10.0,59.904009,2000s,Low,Low,Moderate
Italy,ITA,EUR,2010,60164220,5700.0,9.5,460.0,0.77,8.0,60.16422,2010s,Low,Low,Moderate
Italy,ITA,EUR,2011,60367883,4300.0,7.1,450.0,0.75,11.0,60.367883,2010s,Low,Low,High
Italy,ITA,EUR,2012,60531519,3800.0,6.3,390.0,0.64,10.0,60.531519,2010s,Low,Low,Moderate
Italy,ITA,EUR,2013,60653862,3700.0,6.1,310.0,0.52,9.0,60.653862,2010s,Low,Low,Moderate
Italy,ITA,EUR,2014,60664178,4100.0,6.7,340.0,0.55,8.0,60.664178,2010s,Low,Low,Moderate
Italy,ITA,EUR,2015,60575321,4200.0,6.9,380.0,0.63,9.0,60.575321,2010s,Low,Low,Moderate
Italy,ITA,EUR,2016,60478115,4500.0,7.5,350.0,0.58,8.0,60.478115,2010s,Low,Low,Moderate
Italy,ITA,EUR,2017,60390306,4500.0,7.5,350.0,0.58,8.0,60.390306,2010s,Low,Low,Moderate
Italy,ITA,EUR,2018,60277493,4400.0,7.4,340.0,0.56,8.0,60.277493,2010s,Low,Low,Moderate
Italy,ITA,EUR,2019,60130141,3700.0,6.2,320.0,0.53,9.0,60.130141,2010s,Low,Low,Moderate
Italy,ITA,EUR,2020,59912772,2500.0,4.2,260.0,0.43,10.0,59.912772,2020s,Low,Low,Moderate
Italy,ITA,EUR,2021,59729355,2800.0,4.7,270.0,0.45,10.0,59.729355,2020s,Low,Low,Moderate
Italy,ITA,EUR,2022,59619113,2700.0,4.5,290.0,0.49,11.0,59.619113,2020s,Low,Low,High
Italy,ITA,EUR,2023,59499452,3200.0,5.4,330.0,0.56,11.0,59.499452,2020s,Low,Low,High
Italy,ITA,EUR,2024,59342869,3000.0,5.0,330.0,0.56,11.0,59.342869,2020s,Low,Low,High
Jamaica,JAM,AMR,2000,2607832,320.0,12.0,64.0,2.5,20.0,2.607832,2000s,Low,Low,High
Jamaica,JAM,AMR,2001,2624410,280.0,11.0,48.0,1.8,17.0,2.62441,2000s,Low,Low,High
Jamaica,JAM,AMR,2002,2640571,240.0,8.9,42.0,1.6,18.0,2.640571,2000s,Low,Low,High
Jamaica,JAM,AMR,2003,2656621,250.0,9.5,79.0,3.0,32.0,2.656621,2000s,Low,Low,High
Jamaica,JAM,AMR,2004,2672224,230.0,8.7,44.0,1.7,19.0,2.672224,2000s,Low,Low,High
Jamaica,JAM,AMR,2005,2687071,170.0,6.4,46.0,1.7,27.0,2.687071,2000s,Low,Low,High
Jamaica,JAM,AMR,2006,2700970,170.0,6.4,29.0,1.1,17.0,2.70097,2000s,Low,Low,High
Jamaica,JAM,AMR,2007,2713799,180.0,6.8,26.0,0.94,14.0,2.713799,2000s,Low,Low,High
Jamaica,JAM,AMR,2008,2725628,180.0,6.6,25.0,0.9,14.0,2.725628,2000s,Low,Low,High
Jamaica,JAM,AMR,2009,2736994,230.0,8.4,38.0,1.4,17.0,2.736994,2000s,Low,Low,High
Jamaica,JAM,AMR,2010,2748573,210.0,7.6,27.0,0.99,13.0,2.748573,2010s,Low,Low,High
Jamaica,JAM,AMR,2011,2760496,160.0,5.9,17.0,0.63,11.0,2.760496,2010s,Low,Low,High
Jamaica,JAM,AMR,2012,2772426,140.0,5.0,18.0,0.66,13.0,2.772426,2010s,Low,Low,High
Jamaica,JAM,AMR,2013,2783686,140.0,5.1,11.0,0.41,8.0,2.783686,2010s,Low,Low,Moderate
Jamaica,JAM,AMR,2014,2793756,120.0,4.4,16.0,0.57,13.0,2.793756,2010s,Low,Low,High
Jamaica,JAM,AMR,2015,2802532,140.0,5.2,16.0,0.58,11.0,2.802532,2010s,Low,Low,High
Jamaica,JAM,AMR,2016,2809919,140.0,5.1,15.0,0.52,10.0,2.809919,2010s,Low,Low,Moderate
Jamaica,JAM,AMR,2017,2815761,170.0,5.9,16.0,0.57,10.0,2.815761,2010s,Low,Low,Moderate
Jamaica,JAM,AMR,2018,2820098,110.0,3.9,11.0,0.4,10.0,2.820098,2010s,Low,Low,Moderate
Jamaica,JAM,AMR,2019,2823267,100.0,3.5,10.0,0.37,11.0,2.823267,2010s,Low,Low,High
Jamaica,JAM,AMR,2020,2830733,82.0,2.9,10.0,0.35,12.0,2.830733,2020s,Low,Low,High
Jamaica,JAM,AMR,2021,2837683,77.0,2.7,12.0,0.41,15.0,2.837683,2020s,Low,Low,High
Jamaica,JAM,AMR,2022,2839144,110.0,3.9,13.0,0.45,12.0,2.839144,2020s,Low,Low,High
Jamaica,JAM,AMR,2023,2839791,120.0,4.3,13.0,0.46,11.0,2.839791,2020s,Low,Low,High
Jamaica,JAM,AMR,2024,2839171,64.0,2.3,10.0,0.36,16.0,2.839171,2020s,Low,Low,High
Japan,JPN,WPR,2000,127027790,60000.0,47.0,5300.0,4.2,9.0,127.02779,2000s,Low,Low,Moderate
Japan,JPN,WPR,2001,127260142,53000.0,41.0,5000.0,3.9,10.0,127.260142,2000s,Low,Low,Moderate
Japan,JPN,WPR,2002,127484608,48000.0,37.0,4600.0,3.6,10.0,127.484608,2000s,Low,Low,Moderate
Japan,JPN,WPR,2003,127671253,45000.0,35.0,4500.0,3.5,10.0,127.671253,2000s,Low,Low,Moderate
Japan,JPN,WPR,2004,127815777,41000.0,32.0,4400.0,3.5,11.0,127.815777,2000s,Low,Low,High
Japan,JPN,WPR,2005,127913327,37000.0,29.0,4400.0,3.5,12.0,127.913327,2000s,Low,Low,High
Japan,JPN,WPR,2006,127997251,34000.0,27.0,4300.0,3.3,13.0,127.997251,2000s,Low,Low,High
Japan,JPN,WPR,2007,128087678,33000.0,26.0,4100.0,3.2,13.0,128.087678,2000s,Low,Low,High
Japan,JPN,WPR,2008,128155995,31000.0,25.0,4000.0,3.2,13.0,128.155995,2000s,Low,Low,High
Japan,JPN,WPR,2009,128192471,30000.0,24.0,3800.0,3.0,13.0,128.192471,2000s,Low,Low,High
Japan,JPN,WPR,2010,128185274,29000.0,22.0,3900.0,3.0,14.0,128.185274,2010s,Low,Low,High
Japan,JPN,WPR,2011,128096433,28000.0,22.0,3700.0,2.9,14.0,128.096433,2010s,Low,Low,High
Japan,JPN,WPR,2012,127928285,26000.0,20.0,3600.0,2.8,14.0,127.928285,2010s,Low,Low,High
Japan,JPN,WPR,2013,127723661,25000.0,20.0,3400.0,2.7,14.0,127.723661,2010s,Low,Low,High
Japan,JPN,WPR,2014,127486602,24000.0,19.0,3300.0,2.6,14.0,127.486602,2010s,Low,Low,High
Japan,JPN,WPR,2015,127275877,22000.0,17.0,3100.0,2.4,14.0,127.275877,2010s,Low,Low,High
Japan,JPN,WPR,2016,127159959,21000.0,17.0,3000.0,2.4,14.0,127.159959,2010s,Low,Low,High
Japan,JPN,WPR,2017,127064686,20000.0,16.0,3700.0,2.9,19.0,127.064686,2010s,Low,Low,High
Japan,JPN,WPR,2018,126913436,19000.0,15.0,3500.0,2.8,19.0,126.913436,2010s,Low,Low,High
Japan,JPN,WPR,2019,126699424,17000.0,14.0,3300.0,2.6,19.0,126.699424,2010s,Low,Low,High
Japan,JPN,WPR,2020,126304549,15000.0,12.0,2900.0,2.3,19.0,126.304549,2020s,Low,Low,High
Japan,JPN,WPR,2021,125679338,14000.0,11.0,2800.0,2.2,20.0,125.679338,2020s,Low,Low,High
Japan,JPN,WPR,2022,124997581,12000.0,9.9,3200.0,2.6,27.0,124.997581,2020s,Low,Low,High
Japan,JPN,WPR,2023,124370948,12000.0,9.8,1500.0,1.2,12.0,124.370948,2020s,Low,Low,High
Japan,JPN,WPR,2024,123753041,12000.0,9.8,1500.0,1.2,12.0,123.753041,2020s,Low,Low,High
Jordan,JOR,EMR,2000,5386946,510.0,9.5,30.0,0.56,6.0,5.386946,2000s,Low,Low,Moderate
Jordan,JOR,EMR,2001,5498879,560.0,10.0,31.0,0.56,6.0,5.498879,2000s,Low,Low,Moderate
Jordan,JOR,EMR,2002,5616076,500.0,9.0,32.0,0.56,6.0,5.616076,2000s,Low,Low,Moderate
Jordan,JOR,EMR,2003,5741830,510.0,8.9,32.0,0.56,6.0,5.74183,2000s,Low,Low,Moderate
Jordan,JOR,EMR,2004,5882058,510.0,8.6,33.0,0.56,7.0,5.882058,2000s,Low,Low,Moderate
Jordan,JOR,EMR,2005,6029587,570.0,9.4,34.0,0.56,6.0,6.029587,2000s,Low,Low,Moderate
Jordan,JOR,EMR,2006,6427358,570.0,8.9,36.0,0.56,6.0,6.427358,2000s,Low,Low,Moderate
Jordan,JOR,EMR,2007,6827223,510.0,7.4,38.0,0.56,8.0,6.827223,2000s,Low,Low,Moderate
Jordan,JOR,EMR,2008,6989865,530.0,7.6,37.0,0.52,7.0,6.989865,2000s,Low,Low,Moderate
Jordan,JOR,EMR,2009,7141760,540.0,7.6,25.0,0.35,5.0,7.14176,2000s,Low,Low,Low
Jordan,JOR,EMR,2010,7297045,490.0,6.7,27.0,0.36,6.0,7.297045,2010s,Low,Low,Moderate
Jordan,JOR,EMR,2011,7480423,480.0,6.4,26.0,0.34,5.0,7.480423,2010s,Low,Low,Low
Jordan,JOR,EMR,2012,7587132,480.0,6.4,15.0,0.19,3.0,7.587132,2010s,Low,Low,Low
Jordan,JOR,EMR,2013,7991808,510.0,6.4,13.0,0.16,3.0,7.991808,2010s,Low,Low,Low
Jordan,JOR,EMR,2014,8791705,560.0,6.4,11.0,0.12,2.0,8.791705,2010s,Low,Low,Low
Jordan,JOR,EMR,2015,9544732,620.0,6.5,7.0,0.07,1.0,9.544732,2010s,Low,Low,Low
Jordan,JOR,EMR,2016,10006364,610.0,6.1,12.0,0.12,2.0,10.006364,2010s,Low,Low,Low
Jordan,JOR,EMR,2017,10234228,770.0,7.5,10.0,0.1,1.0,10.234228,2010s,Low,Low,Low
Jordan,JOR,EMR,2018,10462313,590.0,5.6,11.0,0.1,2.0,10.462313,2010s,Low,Low,Low
Jordan,JOR,EMR,2019,10671894,670.0,6.3,9.0,0.09,1.0,10.671894,2010s,Low,Low,Low
Jordan,JOR,EMR,2020,10865234,580.0,5.3,9.0,0.09,2.0,10.865234,2020s,Low,Low,Low
Jordan,JOR,EMR,2021,11066352,530.0,4.8,10.0,0.09,2.0,11.066352,2020s,Low,Low,Low
Jordan,JOR,EMR,2022,11256258,480.0,4.2,13.0,0.11,3.0,11.256258,2020s,Low,Low,Low
Jordan,JOR,EMR,2023,11439215,370.0,3.3,10.0,0.09,3.0,11.439215,2020s,Low,Low,Low
Jordan,JOR,EMR,2024,11552878,400.0,3.5,11.0,0.09,3.0,11.552878,2020s,Low,Low,Low
Kazakhstan,KAZ,EUR,2000,15501105,26000.0,168.0,4200.0,27.0,16.0,15.501105,2000s,Medium,Moderate,High
Kazakhstan,KAZ,EUR,2001,15575558,26000.0,170.0,3900.0,25.0,15.0,15.575558,2000s,Medium,Moderate,High
Kazakhstan,KAZ,EUR,2002,15656679,28000.0,178.0,4000.0,26.0,15.0,15.656679,2000s,Medium,Moderate,High
Kazakhstan,KAZ,EUR,2003,15747383,35000.0,225.0,3800.0,24.0,11.0,15.747383,2000s,High,Moderate,High
Kazakhstan,KAZ,EUR,2004,15850161,29000.0,181.0,3600.0,22.0,13.0,15.850161,2000s,Medium,Moderate,High
Kazakhstan,KAZ,EUR,2005,15968119,29000.0,181.0,3800.0,24.0,13.0,15.968119,2000s,Medium,Moderate,High
Kazakhstan,KAZ,EUR,2006,16103719,27000.0,167.0,3300.0,21.0,12.0,16.103719,2000s,Medium,Moderate,High
Kazakhstan,KAZ,EUR,2007,16257218,27000.0,166.0,3000.0,18.0,11.0,16.257218,2000s,Medium,Low,High
Kazakhstan,KAZ,EUR,2008,16426526,23000.0,142.0,2800.0,17.0,12.0,16.426526,2000s,Medium,Low,High
Kazakhstan,KAZ,EUR,2009,16619853,25000.0,151.0,2300.0,14.0,9.0,16.619853,2000s,Medium,Low,Moderate
Kazakhstan,KAZ,EUR,2010,16836812,24000.0,140.0,2000.0,12.0,9.0,16.836812,2010s,Medium,Low,Moderate
Kazakhstan,KAZ,EUR,2011,17066005,25000.0,148.0,1800.0,10.0,7.0,17.066005,2010s,Medium,Low,Moderate
Kazakhstan,KAZ,EUR,2012,17306109,18000.0,105.0,1600.0,9.5,9.0,17.306109,2010s,Medium,Low,Moderate
Kazakhstan,KAZ,EUR,2013,17556507,19000.0,109.0,1100.0,6.2,6.0,17.556507,2010s,Medium,Low,Moderate
Kazakhstan,KAZ,EUR,2014,17816291,15000.0,86.0,980.0,5.5,7.0,17.816291,2010s,Low,Low,Moderate
Kazakhstan,KAZ,EUR,2015,18084172,14000.0,78.0,760.0,4.2,5.0,18.084172,2010s,Low,Low,Low
Kazakhstan,KAZ,EUR,2016,18363593,12000.0,68.0,670.0,3.7,6.0,18.363593,2010s,Low,Low,Moderate
Kazakhstan,KAZ,EUR,2017,18651927,13000.0,67.0,620.0,3.3,5.0,18.651927,2010s,Low,Low,Low
Kazakhstan,KAZ,EUR,2018,18932718,13000.0,68.0,570.0,3.0,4.0,18.932718,2010s,Low,Low,Low
Kazakhstan,KAZ,EUR,2019,19209557,13000.0,66.0,520.0,2.7,4.0,19.209557,2010s,Low,Low,Low
Kazakhstan,KAZ,EUR,2020,19482107,12000.0,62.0,590.0,3.0,5.0,19.482107,2020s,Low,Low,Low
Kazakhstan,KAZ,EUR,2021,19743602,11000.0,57.0,510.0,2.6,5.0,19.743602,2020s,Low,Low,Low
Kazakhstan,KAZ,EUR,2022,20034598,11000.0,53.0,570.0,2.8,5.0,20.034598,2020s,Low,Low,Low
Kazakhstan,KAZ,EUR,2023,20330099,10000.0,49.0,480.0,2.3,5.0,20.330099,2020s,Low,Low,Low
Kazakhstan,KAZ,EUR,2024,20592573,9200.0,45.0,390.0,1.9,4.0,20.592573,2020s,Low,Low,Low
Kenya,KEN,AFR,2000,30642887,138000.0,451.0,56000.0,183.0,46.0,30.642887,2000s,High,High,High
Kenya,KEN,AFR,2001,31619181,158000.0,499.0,62000.0,195.0,46.0,31.619181,2000s,High,High,High
Kenya,KEN,AFR,2002,32629818,174000.0,534.0,66000.0,202.0,45.0,32.629818,2000s,High,High,High
Kenya,KEN,AFR,2003,33652217,205000.0,610.0,76000.0,226.0,47.0,33.652217,2000s,High,High,High
Kenya,KEN,AFR,2004,34713455,220000.0,634.0,80000.0,231.0,47.0,34.713455,2000s,High,High,High
Kenya,KEN,AFR,2005,35796484,225000.0,630.0,82000.0,228.0,46.0,35.796484,2000s,High,High,High
Kenya,KEN,AFR,2006,36904012,239000.0,646.0,87000.0,235.0,47.0,36.904012,2000s,High,High,High
Kenya,KEN,AFR,2007,38036346,235000.0,618.0,83000.0,219.0,45.0,38.036346,2000s,High,High,High
Kenya,KEN,AFR,2008,39206352,221000.0,564.0,77000.0,197.0,43.0,39.206352,2000s,High,High,High
Kenya,KEN,AFR,2009,40408892,229000.0,566.0,79000.0,197.0,43.0,40.408892,2000s,High,High,High
Kenya,KEN,AFR,2010,41598564,221000.0,531.0,75000.0,181.0,41.0,41.598564,2010s,High,High,High
Kenya,KEN,AFR,2011,42758459,217000.0,506.0,73000.0,171.0,40.0,42.758459,2010s,High,High,High
Kenya,KEN,AFR,2012,43888296,207000.0,471.0,69000.0,158.0,39.0,43.888296,2010s,High,High,High
Kenya,KEN,AFR,2013,44986784,199000.0,443.0,66000.0,148.0,38.0,44.986784,2010s,High,High,High
Kenya,KEN,AFR,2014,46051444,195000.0,423.0,64000.0,139.0,37.0,46.051444,2010s,High,High,High
Kenya,KEN,AFR,2015,47088531,179000.0,380.0,58000.0,123.0,36.0,47.088531,2010s,High,High,High
Kenya,KEN,AFR,2016,48139684,168000.0,348.0,53000.0,111.0,35.0,48.139684,2010s,High,High,High
Kenya,KEN,AFR,2017,49197766,157000.0,319.0,43000.0,88.0,30.0,49.197766,2010s,High,High,High
Kenya,KEN,AFR,2018,50207108,146000.0,292.0,32000.0,64.0,23.0,50.207108,2010s,High,High,High
Kenya,KEN,AFR,2019,51202835,137000.0,267.0,32000.0,62.0,24.0,51.202835,2010s,High,High,High
Kenya,KEN,AFR,2020,52217341,129000.0,248.0,31000.0,60.0,25.0,52.217341,2020s,High,High,High
Kenya,KEN,AFR,2021,53219163,132000.0,247.0,33000.0,62.0,26.0,53.219163,2020s,High,High,High
Kenya,KEN,AFR,2022,54252466,129000.0,238.0,26000.0,48.0,22.0,54.252466,2020s,High,Moderate,High
Kenya,KEN,AFR,2023,55339007,119000.0,214.0,23000.0,42.0,21.0,55.339007,2020s,High,Moderate,High
Kenya,KEN,AFR,2024,56432943,117000.0,207.0,24000.0,43.0,22.0,56.432943,2020s,High,Moderate,High
Kiribati,KIR,WPR,2000,88613,1100.0,1280.0,48.0,55.0,4.0,0.088613,2000s,High,High,Low
Kiribati,KIR,WPR,2001,90334,820.0,908.0,46.0,51.0,6.0,0.090334,2000s,High,High,Moderate
Kiribati,KIR,WPR,2002,92261,820.0,888.0,46.0,50.0,6.0,0.092261,2000s,High,Moderate,Moderate
Kiribati,KIR,WPR,2003,94181,1100.0,1220.0,48.0,51.0,4.0,0.094181,2000s,High,High,Low
Kiribati,KIR,WPR,2004,96092,1200.0,1260.0,49.0,51.0,4.0,0.096092,2000s,High,High,Low
Kiribati,KIR,WPR,2005,98039,1300.0,1280.0,49.0,50.0,4.0,0.098039,2000s,High,Moderate,Low
Kiribati,KIR,WPR,2006,100022,1300.0,1320.0,50.0,50.0,4.0,0.100022,2000s,High,Moderate,Low
Kiribati,KIR,WPR,2007,102065,1100.0,1060.0,50.0,49.0,5.0,0.102065,2000s,High,Moderate,Low
Kiribati,KIR,WPR,2008,104224,1000.0,974.0,49.0,47.0,5.0,0.104224,2000s,High,Moderate,Low
Kiribati,KIR,WPR,2009,106472,790.0,742.0,48.0,45.0,6.0,0.106472,2000s,High,Moderate,Moderate
Kiribati,KIR,WPR,2010,108701,770.0,704.0,47.0,43.0,6.0,0.108701,2010s,High,Moderate,Moderate
Kiribati,KIR,WPR,2011,110647,890.0,809.0,44.0,40.0,5.0,0.110647,2010s,High,Moderate,Low
Kiribati,KIR,WPR,2012,112289,880.0,784.0,45.0,40.0,5.0,0.112289,2010s,High,Moderate,Low
Kiribati,KIR,WPR,2013,113850,1000.0,888.0,45.0,40.0,4.0,0.11385,2010s,High,Moderate,Low
Kiribati,KIR,WPR,2014,115327,1000.0,870.0,45.0,39.0,5.0,0.115327,2010s,High,Moderate,Low
Kiribati,KIR,WPR,2015,116812,1200.0,1010.0,45.0,38.0,4.0,0.116812,2010s,High,Moderate,Low
Kiribati,KIR,WPR,2016,118473,1200.0,1010.0,45.0,38.0,4.0,0.118473,2010s,High,Moderate,Low
Kiribati,KIR,WPR,2017,120273,860.0,718.0,45.0,38.0,5.0,0.120273,2010s,High,Moderate,Low
Kiribati,KIR,WPR,2018,122075,710.0,582.0,45.0,37.0,6.0,0.122075,2010s,High,Moderate,Moderate
Kiribati,KIR,WPR,2019,123925,890.0,715.0,46.0,37.0,5.0,0.123925,2010s,High,Moderate,Low
Kiribati,KIR,WPR,2020,126095,830.0,655.0,46.0,37.0,6.0,0.126095,2020s,High,Moderate,Moderate
Kiribati,KIR,WPR,2021,128371,700.0,547.0,49.0,38.0,7.0,0.128371,2020s,High,Moderate,Moderate
Kiribati,KIR,WPR,2022,130460,770.0,588.0,50.0,38.0,7.0,0.13046,2020s,High,Moderate,Moderate
Kiribati,KIR,WPR,2023,132526,1200.0,908.0,51.0,39.0,4.0,0.132526,2020s,High,Moderate,Low
Kiribati,KIR,WPR,2024,134524,1300.0,945.0,52.0,39.0,4.0,0.134524,2020s,High,Moderate,Low
Kuwait,KWT,EMR,2000,1954710,700.0,36.0,23.0,1.2,3.0,1.95471,2000s,Low,Low,Low
Kuwait,KWT,EMR,2001,2008137,670.0,33.0,25.0,1.2,4.0,2.008137,2000s,Low,Low,Low
Kuwait,KWT,EMR,2002,2059972,780.0,38.0,32.0,1.5,4.0,2.059972,2000s,Low,Low,Low
Kuwait,KWT,EMR,2003,2109888,750.0,36.0,22.0,1.0,3.0,2.109888,2000s,Low,Low,Low
Kuwait,KWT,EMR,2004,2157314,740.0,34.0,26.0,1.2,4.0,2.157314,2000s,Low,Low,Low
Kuwait,KWT,EMR,2005,2236787,680.0,30.0,26.0,1.2,4.0,2.236787,2000s,Low,Low,Low
Kuwait,KWT,EMR,2006,2364739,850.0,36.0,18.0,0.77,2.0,2.364739,2000s,Low,Low,Low
Kuwait,KWT,EMR,2007,2507889,860.0,34.0,29.0,1.2,3.0,2.507889,2000s,Low,Low,Low
Kuwait,KWT,EMR,2008,2651416,1200.0,44.0,23.0,0.85,2.0,2.651416,2000s,Low,Low,Low
Kuwait,KWT,EMR,2009,2795482,1300.0,45.0,39.0,1.4,3.0,2.795482,2000s,Low,Low,Low
Kuwait,KWT,EMR,2010,2943370,1300.0,45.0,42.0,1.4,3.0,2.94337,2010s,Low,Low,Low
Kuwait,KWT,EMR,2011,3132811,920.0,29.0,23.0,0.73,3.0,3.132811,2010s,Low,Low,Low
Kuwait,KWT,EMR,2012,3337025,1000.0,30.0,28.0,0.85,3.0,3.337025,2010s,Low,Low,Low
Kuwait,KWT,EMR,2013,3507751,940.0,27.0,7.0,0.2,1.0,3.507751,2010s,Low,Low,Low
Kuwait,KWT,EMR,2014,3665766,970.0,27.0,6.0,0.17,1.0,3.665766,2010s,Low,Low,Low
Kuwait,KWT,EMR,2015,3834455,980.0,26.0,18.0,0.48,2.0,3.834455,2010s,Low,Low,Low
Kuwait,KWT,EMR,2016,4003964,1100.0,27.0,20.0,0.49,2.0,4.003964,2010s,Low,Low,Low
Kuwait,KWT,EMR,2017,4154684,1300.0,31.0,22.0,0.52,2.0,4.154684,2010s,Low,Low,Low
Kuwait,KWT,EMR,2018,4323389,1100.0,25.0,16.0,0.37,1.0,4.323389,2010s,Low,Low,Low
Kuwait,KWT,EMR,2019,4442191,1000.0,23.0,18.0,0.41,2.0,4.442191,2010s,Low,Low,Low
Kuwait,KWT,EMR,2020,4400136,900.0,20.0,17.0,0.39,2.0,4.400136,2020s,Low,Low,Low
Kuwait,KWT,EMR,2021,4360748,960.0,22.0,17.0,0.39,2.0,4.360748,2020s,Low,Low,Low
Kuwait,KWT,EMR,2022,4589513,580.0,13.0,18.0,0.4,3.0,4.589513,2020s,Low,Low,Low
Kuwait,KWT,EMR,2023,4838777,530.0,11.0,18.0,0.38,4.0,4.838777,2020s,Low,Low,Low
Kuwait,KWT,EMR,2024,4934510,520.0,10.0,18.0,0.37,4.0,4.93451,2020s,Low,Low,Low
Kyrgyzstan,KGZ,EUR,2000,5025135,15000.0,291.0,1100.0,22.0,8.0,5.025135,2000s,High,Moderate,Moderate
Kyrgyzstan,KGZ,EUR,2001,5071948,15000.0,303.0,1300.0,25.0,9.0,5.071948,2000s,High,Moderate,Moderate
Kyrgyzstan,KGZ,EUR,2002,5116256,16000.0,322.0,1100.0,21.0,7.0,5.116256,2000s,High,Moderate,Moderate
Kyrgyzstan,KGZ,EUR,2003,5159415,15000.0,299.0,990.0,19.0,7.0,5.159415,2000s,High,Low,Moderate
Kyrgyzstan,KGZ,EUR,2004,5203041,14000.0,273.0,880.0,17.0,6.0,5.203041,2000s,High,Low,Moderate
Kyrgyzstan,KGZ,EUR,2005,5246335,14000.0,258.0,850.0,16.0,6.0,5.246335,2000s,High,Low,Moderate
Kyrgyzstan,KGZ,EUR,2006,5282459,13000.0,243.0,870.0,17.0,7.0,5.282459,2000s,High,Low,Moderate
Kyrgyzstan,KGZ,EUR,2007,5313370,12000.0,232.0,750.0,14.0,6.0,5.31337,2000s,High,Low,Moderate
Kyrgyzstan,KGZ,EUR,2008,5342521,13000.0,249.0,700.0,13.0,5.0,5.342521,2000s,High,Low,Low
Kyrgyzstan,KGZ,EUR,2009,5398011,11000.0,210.0,650.0,12.0,6.0,5.398011,2000s,High,Low,Moderate
Kyrgyzstan,KGZ,EUR,2010,5491757,11000.0,192.0,680.0,12.0,7.0,5.491757,2010s,Medium,Low,Moderate
Kyrgyzstan,KGZ,EUR,2011,5594537,11000.0,191.0,720.0,13.0,7.0,5.594537,2010s,Medium,Low,Moderate
Kyrgyzstan,KGZ,EUR,2012,5696525,11000.0,186.0,670.0,12.0,6.0,5.696525,2010s,Medium,Low,Moderate
Kyrgyzstan,KGZ,EUR,2013,5797291,12000.0,200.0,700.0,12.0,6.0,5.797291,2010s,Medium,Low,Moderate
Kyrgyzstan,KGZ,EUR,2014,5898329,10000.0,171.0,590.0,10.0,6.0,5.898329,2010s,Medium,Low,Moderate
Kyrgyzstan,KGZ,EUR,2015,6001884,11000.0,178.0,530.0,8.9,5.0,6.001884,2010s,Medium,Low,Low
Kyrgyzstan,KGZ,EUR,2016,6108466,10000.0,170.0,500.0,8.1,5.0,6.108466,2010s,Medium,Low,Low
Kyrgyzstan,KGZ,EUR,2017,6220152,9700.0,156.0,460.0,7.4,5.0,6.220152,2010s,Medium,Low,Low
Kyrgyzstan,KGZ,EUR,2018,6341724,9200.0,144.0,430.0,6.7,5.0,6.341724,2010s,Medium,Low,Low
Kyrgyzstan,KGZ,EUR,2019,6494039,8800.0,136.0,350.0,5.3,4.0,6.494039,2010s,Medium,Low,Low
Kyrgyzstan,KGZ,EUR,2020,6664144,8700.0,131.0,390.0,5.8,4.0,6.664144,2020s,Medium,Low,Low
Kyrgyzstan,KGZ,EUR,2021,6820484,9000.0,132.0,420.0,6.1,5.0,6.820484,2020s,Medium,Low,Low
Kyrgyzstan,KGZ,EUR,2022,6955793,9200.0,133.0,410.0,5.8,4.0,6.955793,2020s,Medium,Low,Low
Kyrgyzstan,KGZ,EUR,2023,7073516,9300.0,131.0,370.0,5.2,4.0,7.073516,2020s,Medium,Low,Low
Kyrgyzstan,KGZ,EUR,2024,7186014,9200.0,128.0,360.0,5.0,4.0,7.186014,2020s,Medium,Low,Low
Lao People's Democratic Republic,LAO,WPR,2000,5431211,18000.0,330.0,6900.0,127.0,46.0,5.431211,2000s,High,High,High
Lao People's Democratic Republic,LAO,WPR,2001,5521476,18000.0,317.0,6600.0,120.0,44.0,5.521476,2000s,High,High,High
Lao People's Democratic Republic,LAO,WPR,2002,5610887,17000.0,305.0,6400.0,114.0,43.0,5.610887,2000s,High,High,High
Lao People's Democratic Republic,LAO,WPR,2003,5697936,17000.0,293.0,6200.0,108.0,42.0,5.697936,2000s,High,High,High
Lao People's Democratic Republic,LAO,WPR,2004,5781614,16000.0,282.0,5800.0,100.0,40.0,5.781614,2000s,High,High,High
Lao People's Democratic Republic,LAO,WPR,2005,5869520,16000.0,270.0,5400.0,92.0,38.0,5.86952,2000s,High,High,High
Lao People's Democratic Republic,LAO,WPR,2006,5963198,15000.0,260.0,5100.0,86.0,37.0,5.963198,2000s,High,High,High
Lao People's Democratic Republic,LAO,WPR,2007,6056232,15000.0,249.0,5000.0,83.0,37.0,6.056232,2000s,High,High,High
Lao People's Democratic Republic,LAO,WPR,2008,6148967,15000.0,240.0,4800.0,78.0,36.0,6.148967,2000s,High,High,High
Lao People's Democratic Republic,LAO,WPR,2009,6241645,14000.0,230.0,4700.0,76.0,36.0,6.241645,2000s,High,High,High
Lao People's Democratic Republic,LAO,WPR,2010,6334194,14000.0,221.0,4500.0,72.0,35.0,6.334194,2010s,High,High,High
Lao People's Democratic Republic,LAO,WPR,2011,6426594,14000.0,213.0,4300.0,66.0,34.0,6.426594,2010s,High,High,High
Lao People's Democratic Republic,LAO,WPR,2012,6518977,13000.0,204.0,4200.0,65.0,34.0,6.518977,2010s,High,High,High
Lao People's Democratic Republic,LAO,WPR,2013,6611384,13000.0,197.0,4100.0,62.0,33.0,6.611384,2010s,Medium,High,High
Lao People's Democratic Republic,LAO,WPR,2014,6703167,13000.0,189.0,3900.0,58.0,33.0,6.703167,2010s,Medium,High,High
Lao People's Democratic Republic,LAO,WPR,2015,6801648,12000.0,182.0,3700.0,55.0,32.0,6.801648,2010s,Medium,High,High
Lao People's Democratic Republic,LAO,WPR,2016,6908808,12000.0,175.0,3400.0,49.0,29.0,6.908808,2010s,Medium,Moderate,High
Lao People's Democratic Republic,LAO,WPR,2017,7018152,12000.0,168.0,2900.0,41.0,26.0,7.018152,2010s,Medium,Moderate,High
Lao People's Democratic Republic,LAO,WPR,2018,7128054,12000.0,162.0,2400.0,34.0,22.0,7.128054,2010s,Medium,Moderate,High
Lao People's Democratic Republic,LAO,WPR,2019,7237635,11000.0,155.0,2200.0,30.0,20.0,7.237635,2010s,Medium,Moderate,High
Lao People's Democratic Republic,LAO,WPR,2020,7346525,11000.0,149.0,1600.0,22.0,15.0,7.346525,2020s,Medium,Moderate,High
Lao People's Democratic Republic,LAO,WPR,2021,7453192,11000.0,143.0,2200.0,30.0,22.0,7.453192,2020s,Medium,Moderate,High
Lao People's Democratic Republic,LAO,WPR,2022,7559011,10000.0,138.0,1100.0,15.0,11.0,7.559011,2020s,Medium,Low,High
Lao People's Democratic Republic,LAO,WPR,2023,7664987,10000.0,132.0,760.0,9.9,8.0,7.664987,2020s,Medium,Low,Moderate
Lao People's Democratic Republic,LAO,WPR,2024,7769822,9900.0,127.0,700.0,9.0,7.0,7.769822,2020s,Medium,Low,Moderate
Latvia,LVA,EUR,2000,2368315,4600.0,196.0,560.0,23.0,12.0,2.368315,2000s,Medium,Moderate,High
Latvia,LVA,EUR,2001,2338306,4500.0,193.0,520.0,22.0,12.0,2.338306,2000s,Medium,Moderate,High
Latvia,LVA,EUR,2002,2311345,3900.0,170.0,400.0,17.0,10.0,2.311345,2000s,Medium,Low,Moderate
Latvia,LVA,EUR,2003,2288979,3600.0,156.0,380.0,17.0,11.0,2.288979,2000s,Medium,Low,High
Latvia,LVA,EUR,2004,2264177,3200.0,143.0,240.0,11.0,7.0,2.264177,2000s,Medium,Low,Moderate
Latvia,LVA,EUR,2005,2239775,2800.0,125.0,250.0,11.0,9.0,2.239775,2000s,Medium,Low,Moderate
Latvia,LVA,EUR,2006,2219043,2500.0,111.0,240.0,11.0,10.0,2.219043,2000s,Medium,Low,Moderate
Latvia,LVA,EUR,2007,2200768,2300.0,103.0,210.0,9.4,9.0,2.200768,2000s,Medium,Low,Moderate
Latvia,LVA,EUR,2008,2177707,1900.0,86.0,180.0,8.4,10.0,2.177707,2000s,Low,Low,Moderate
Latvia,LVA,EUR,2009,2142045,1600.0,76.0,170.0,7.9,10.0,2.142045,2000s,Low,Low,Moderate
Latvia,LVA,EUR,2010,2097833,1500.0,73.0,150.0,7.0,10.0,2.097833,2010s,Low,Low,Moderate
Latvia,LVA,EUR,2011,2059941,1400.0,69.0,130.0,6.3,9.0,2.059941,2010s,Low,Low,Moderate
Latvia,LVA,EUR,2012,2034639,1500.0,76.0,140.0,6.7,9.0,2.034639,2010s,Low,Low,Moderate
Latvia,LVA,EUR,2013,2013013,1400.0,68.0,130.0,6.5,10.0,2.013013,2010s,Low,Low,Moderate
Latvia,LVA,EUR,2014,1994152,1100.0,57.0,140.0,7.2,13.0,1.994152,2010s,Low,Low,High
Latvia,LVA,EUR,2015,1977871,1100.0,53.0,160.0,7.9,15.0,1.977871,2010s,Low,Low,High
Latvia,LVA,EUR,2016,1959871,920.0,47.0,110.0,5.6,12.0,1.959871,2010s,Low,Low,High
Latvia,LVA,EUR,2017,1942600,750.0,38.0,97.0,5.0,13.0,1.9426,2010s,Low,Low,High
Latvia,LVA,EUR,2018,1927591,640.0,33.0,78.0,4.0,12.0,1.927591,2010s,Low,Low,High
Latvia,LVA,EUR,2019,1914257,540.0,28.0,90.0,4.7,17.0,1.914257,2010s,Low,Low,High
Latvia,LVA,EUR,2020,1901124,450.0,23.0,71.0,3.7,16.0,1.901124,2020s,Low,Low,High
Latvia,LVA,EUR,2021,1885588,350.0,19.0,73.0,3.9,21.0,1.885588,2020s,Low,Low,High
Latvia,LVA,EUR,2022,1881060,420.0,22.0,64.0,3.4,15.0,1.88106,2020s,Low,Low,High
Latvia,LVA,EUR,2023,1882395,410.0,22.0,62.0,3.3,15.0,1.882395,2020s,Low,Low,High
Latvia,LVA,EUR,2024,1871873,390.0,21.0,51.0,2.7,13.0,1.871873,2020s,Low,Low,High
Lebanon,LBN,EMR,2000,4329344,1200.0,28.0,300.0,7.0,25.0,4.329344,2000s,Low,Low,High
Lebanon,LBN,EMR,2001,4401924,1100.0,24.0,250.0,5.6,24.0,4.401924,2000s,Low,Low,High
Lebanon,LBN,EMR,2002,4463501,850.0,19.0,190.0,4.3,23.0,4.463501,2000s,Low,Low,High
Lebanon,LBN,EMR,2003,4525508,700.0,16.0,150.0,3.3,22.0,4.525508,2000s,Low,Low,High
Lebanon,LBN,EMR,2004,4599285,700.0,15.0,140.0,3.1,21.0,4.599285,2000s,Low,Low,High
Lebanon,LBN,EMR,2005,4671102,660.0,14.0,130.0,2.8,20.0,4.671102,2000s,Low,Low,High
Lebanon,LBN,EMR,2006,4751136,620.0,13.0,120.0,2.5,19.0,4.751136,2000s,Low,Low,High
Lebanon,LBN,EMR,2007,4844115,780.0,16.0,140.0,3.0,19.0,4.844115,2000s,Low,Low,High
Lebanon,LBN,EMR,2008,4925357,840.0,17.0,150.0,3.1,18.0,4.925357,2000s,Low,Low,High
Lebanon,LBN,EMR,2009,4992282,790.0,16.0,140.0,2.8,18.0,4.992282,2000s,Low,Low,High
Lebanon,LBN,EMR,2010,5041287,800.0,16.0,140.0,2.7,18.0,5.041287,2010s,Low,Low,High
Lebanon,LBN,EMR,2011,5096028,760.0,15.0,130.0,2.5,17.0,5.096028,2010s,Low,Low,High
Lebanon,LBN,EMR,2012,5235744,950.0,18.0,160.0,3.0,17.0,5.235744,2010s,Low,Low,High
Lebanon,LBN,EMR,2013,5743442,1000.0,18.0,170.0,2.9,16.0,5.743442,2010s,Low,Low,High
Lebanon,LBN,EMR,2014,6346989,990.0,16.0,160.0,2.5,16.0,6.346989,2010s,Low,Low,High
Lebanon,LBN,EMR,2015,6472469,950.0,15.0,150.0,2.3,16.0,6.472469,2010s,Low,Low,High
Lebanon,LBN,EMR,2016,6323057,920.0,14.0,140.0,2.2,15.0,6.323057,2010s,Low,Low,High
Lebanon,LBN,EMR,2017,6160125,860.0,14.0,120.0,2.0,15.0,6.160125,2010s,Low,Low,High
Lebanon,LBN,EMR,2018,5984119,910.0,15.0,130.0,2.2,14.0,5.984119,2010s,Low,Low,High
Lebanon,LBN,EMR,2019,5794591,1000.0,18.0,140.0,2.5,14.0,5.794591,2010s,Low,Low,High
Lebanon,LBN,EMR,2020,5702402,910.0,16.0,130.0,2.2,14.0,5.702402,2020s,Low,Low,High
Lebanon,LBN,EMR,2021,5718126,650.0,11.0,93.0,1.6,14.0,5.718126,2020s,Low,Low,High
Lebanon,LBN,EMR,2022,5744485,710.0,12.0,100.0,1.7,14.0,5.744485,2020s,Low,Low,High
Lebanon,LBN,EMR,2023,5773500,700.0,12.0,100.0,1.7,14.0,5.7735,2020s,Low,Low,High
Lebanon,LBN,EMR,2024,5805970,740.0,13.0,100.0,1.8,14.0,5.80597,2020s,Low,Low,High
Lesotho,LSO,AFR,2000,2003915,17000.0,827.0,5400.0,268.0,35.0,2.003915,2000s,High,High,High
Lesotho,LSO,AFR,2001,2000860,18000.0,923.0,8400.0,418.0,50.0,2.00086,2000s,High,High,High
Lesotho,LSO,AFR,2002,1994677,20000.0,1010.0,7700.0,384.0,42.0,1.994677,2000s,High,High,High
Lesotho,LSO,AFR,2003,1985055,22000.0,1080.0,7000.0,350.0,37.0,1.985055,2000s,High,High,High
Lesotho,LSO,AFR,2004,1971130,23000.0,1150.0,8700.0,441.0,44.0,1.97113,2000s,High,High,High
Lesotho,LSO,AFR,2005,1953073,23000.0,1200.0,9600.0,493.0,48.0,1.953073,2000s,High,High,High
Lesotho,LSO,AFR,2006,1945061,24000.0,1230.0,9100.0,468.0,44.0,1.945061,2000s,High,High,High
Lesotho,LSO,AFR,2007,1953265,24000.0,1230.0,8600.0,443.0,42.0,1.953265,2000s,High,High,High
Lesotho,LSO,AFR,2008,1966540,24000.0,1240.0,9500.0,483.0,46.0,1.96654,2000s,High,High,High
Lesotho,LSO,AFR,2009,1980876,24000.0,1230.0,9400.0,476.0,45.0,1.980876,2000s,High,High,High
Lesotho,LSO,AFR,2010,1996254,24000.0,1180.0,9300.0,464.0,45.0,1.996254,2010s,High,High,High
Lesotho,LSO,AFR,2011,2014009,23000.0,1120.0,8500.0,420.0,43.0,2.014009,2010s,High,High,High
Lesotho,LSO,AFR,2012,2034354,21000.0,1040.0,8000.0,394.0,42.0,2.034354,2010s,High,High,High
Lesotho,LSO,AFR,2013,2056494,19000.0,948.0,7500.0,366.0,42.0,2.056494,2010s,High,High,High
Lesotho,LSO,AFR,2014,2080095,18000.0,853.0,6700.0,322.0,41.0,2.080095,2010s,High,High,High
Lesotho,LSO,AFR,2015,2104605,16000.0,780.0,6600.0,311.0,43.0,2.104605,2010s,High,High,High
Lesotho,LSO,AFR,2016,2130430,15000.0,721.0,6000.0,281.0,41.0,2.13043,2010s,High,High,High
Lesotho,LSO,AFR,2017,2157111,15000.0,681.0,5600.0,260.0,40.0,2.157111,2010s,High,High,High
Lesotho,LSO,AFR,2018,2183606,14000.0,659.0,5300.0,242.0,38.0,2.183606,2010s,High,High,High
Lesotho,LSO,AFR,2019,2209407,14000.0,654.0,5200.0,235.0,38.0,2.209407,2010s,High,High,High
Lesotho,LSO,AFR,2020,2235727,13000.0,599.0,5100.0,229.0,40.0,2.235727,2020s,High,High,High
Lesotho,LSO,AFR,2021,2261539,14000.0,606.0,5400.0,239.0,41.0,2.261539,2020s,High,High,High
Lesotho,LSO,AFR,2022,2286112,14000.0,611.0,5400.0,236.0,41.0,2.286112,2020s,High,High,High
Lesotho,LSO,AFR,2023,2311476,14000.0,584.0,4800.0,210.0,38.0,2.311476,2020s,High,High,High
Lesotho,LSO,AFR,2024,2337432,13000.0,548.0,4400.0,187.0,36.0,2.337432,2020s,High,High,High
Liberia,LBR,AFR,2000,2928120,3400.0,115.0,1100.0,39.0,35.0,2.92812,2000s,Medium,Moderate,High
Liberia,LBR,AFR,2001,3015328,4600.0,152.0,1700.0,55.0,37.0,3.015328,2000s,Medium,High,High
Liberia,LBR,AFR,2002,3094786,5800.0,186.0,1400.0,46.0,25.0,3.094786,2000s,Medium,Moderate,High
Liberia,LBR,AFR,2003,3119536,6800.0,216.0,2400.0,76.0,35.0,3.119536,2000s,High,High,High
Liberia,LBR,AFR,2004,3156889,7700.0,244.0,2000.0,62.0,25.0,3.156889,2000s,High,High,High
Liberia,LBR,AFR,2005,3301021,8800.0,268.0,3000.0,90.0,34.0,3.301021,2000s,High,High,High
Liberia,LBR,AFR,2006,3490794,10000.0,288.0,3100.0,90.0,31.0,3.490794,2000s,High,High,High
Liberia,LBR,AFR,2007,3669040,11000.0,305.0,3600.0,98.0,32.0,3.66904,2000s,High,High,High
Liberia,LBR,AFR,2008,3821003,12000.0,320.0,4000.0,105.0,33.0,3.821003,2000s,High,High,High
Liberia,LBR,AFR,2009,3943032,13000.0,329.0,3900.0,99.0,30.0,3.943032,2000s,High,High,High
Liberia,LBR,AFR,2010,4058892,13000.0,331.0,3800.0,93.0,28.0,4.058892,2010s,High,High,High
Liberia,LBR,AFR,2011,4221174,14000.0,328.0,3400.0,80.0,24.0,4.221174,2010s,High,High,High
Liberia,LBR,AFR,2012,4373039,14000.0,324.0,3400.0,78.0,24.0,4.373039,2010s,High,High,High
Liberia,LBR,AFR,2013,4470246,14000.0,315.0,3600.0,81.0,26.0,4.470246,2010s,High,High,High
Liberia,LBR,AFR,2014,4564299,14000.0,302.0,4500.0,99.0,33.0,4.564299,2010s,High,High,High
Liberia,LBR,AFR,2015,4659434,13000.0,289.0,3900.0,83.0,29.0,4.659434,2010s,High,High,High
Liberia,LBR,AFR,2016,4755608,13000.0,279.0,3300.0,69.0,25.0,4.755608,2010s,High,High,High
Liberia,LBR,AFR,2017,4848919,13000.0,268.0,2900.0,59.0,22.0,4.848919,2010s,High,High,High
Liberia,LBR,AFR,2018,4944728,13000.0,257.0,2700.0,55.0,22.0,4.944728,2010s,High,High,High
Liberia,LBR,AFR,2019,5043714,13000.0,249.0,2400.0,47.0,19.0,5.043714,2010s,High,Moderate,High
Liberia,LBR,AFR,2020,5149461,12000.0,240.0,2800.0,54.0,23.0,5.149461,2020s,High,High,High
Liberia,LBR,AFR,2021,5259313,12000.0,232.0,2600.0,49.0,21.0,5.259313,2020s,High,Moderate,High
Liberia,LBR,AFR,2022,5373300,12000.0,224.0,2600.0,48.0,22.0,5.3733,2020s,High,Moderate,High
Liberia,LBR,AFR,2023,5493031,12000.0,215.0,2300.0,43.0,20.0,5.493031,2020s,High,Moderate,High
Liberia,LBR,AFR,2024,5612815,12000.0,207.0,2000.0,35.0,17.0,5.612815,2020s,High,Moderate,High
Libya,LBY,EMR,2000,5305030,3100.0,59.0,820.0,15.0,29.0,5.30503,2000s,Low,Low,High
Libya,LBY,EMR,2001,5403641,3300.0,62.0,810.0,15.0,27.0,5.403641,2000s,Low,Low,High
Libya,LBY,EMR,2002,5508418,3500.0,63.0,780.0,14.0,24.0,5.508418,2000s,Low,Low,High
Libya,LBY,EMR,2003,5619395,3600.0,64.0,800.0,14.0,24.0,5.619395,2000s,Low,Low,High
Libya,LBY,EMR,2004,5736691,3700.0,65.0,940.0,16.0,27.0,5.736691,2000s,Low,Low,High
Libya,LBY,EMR,2005,5858788,3700.0,64.0,780.0,13.0,22.0,5.858788,2000s,Low,Low,High
Libya,LBY,EMR,2006,5980212,3700.0,63.0,810.0,14.0,23.0,5.980212,2000s,Low,Low,High
Libya,LBY,EMR,2007,6104372,3700.0,60.0,750.0,12.0,22.0,6.104372,2000s,Low,Low,High
Libya,LBY,EMR,2008,6235439,3600.0,57.0,740.0,12.0,22.0,6.235439,2000s,Low,Low,High
Libya,LBY,EMR,2009,6366691,3400.0,53.0,640.0,10.0,21.0,6.366691,2000s,Low,Low,High
Libya,LBY,EMR,2010,6497834,3200.0,49.0,640.0,9.8,22.0,6.497834,2010s,Low,Low,High
Libya,LBY,EMR,2011,6343210,2700.0,43.0,600.0,9.4,26.0,6.34321,2010s,Low,Low,High
Libya,LBY,EMR,2012,6179328,2400.0,38.0,420.0,6.8,21.0,6.179328,2010s,Low,Low,High
Libya,LBY,EMR,2013,6304630,2200.0,35.0,430.0,6.8,24.0,6.30463,2010s,Low,Low,High
Libya,LBY,EMR,2014,6427249,2100.0,33.0,460.0,7.2,28.0,6.427249,2010s,Low,Low,High
Libya,LBY,EMR,2015,6531828,2100.0,32.0,510.0,7.9,32.0,6.531828,2010s,Low,Low,High
Libya,LBY,EMR,2016,6632119,2200.0,32.0,480.0,7.3,28.0,6.632119,2010s,Low,Low,High
Libya,LBY,EMR,2017,6738773,2300.0,34.0,460.0,6.9,24.0,6.738773,2010s,Low,Low,High
Libya,LBY,EMR,2018,6849053,2500.0,37.0,360.0,5.3,17.0,6.849053,2010s,Low,Low,High
Libya,LBY,EMR,2019,6951035,2800.0,40.0,300.0,4.3,13.0,6.951035,2010s,Low,Low,High
Libya,LBY,EMR,2020,7045405,3000.0,43.0,610.0,8.7,23.0,7.045405,2020s,Low,Low,High
Libya,LBY,EMR,2021,7135172,3400.0,47.0,680.0,9.5,23.0,7.135172,2020s,Low,Low,High
Libya,LBY,EMR,2022,7223810,3800.0,52.0,760.0,10.0,23.0,7.22381,2020s,Low,Low,High
Libya,LBY,EMR,2023,7305660,4200.0,57.0,900.0,12.0,24.0,7.30566,2020s,Low,Low,High
Libya,LBY,EMR,2024,7381021,4700.0,63.0,930.0,13.0,22.0,7.381021,2020s,Low,Low,High
Lithuania,LTU,EUR,2000,3500408,6300.0,181.0,500.0,14.0,8.0,3.500408,2000s,Medium,Low,Moderate
Lithuania,LTU,EUR,2001,3473000,6000.0,172.0,490.0,14.0,8.0,3.473,2000s,Medium,Low,Moderate
Lithuania,LTU,EUR,2002,3444054,5400.0,156.0,450.0,13.0,9.0,3.444054,2000s,Medium,Low,Moderate
Lithuania,LTU,EUR,2003,3415277,5600.0,164.0,450.0,13.0,8.0,3.415277,2000s,Medium,Low,Moderate
Lithuania,LTU,EUR,2004,3376692,4200.0,125.0,330.0,9.8,8.0,3.376692,2000s,Medium,Low,Moderate
Lithuania,LTU,EUR,2005,3322261,4300.0,128.0,440.0,13.0,10.0,3.322261,2000s,Medium,Low,Moderate
Lithuania,LTU,EUR,2006,3269809,4600.0,142.0,440.0,13.0,10.0,3.269809,2000s,Medium,Low,Moderate
Lithuania,LTU,EUR,2007,3231363,4300.0,132.0,410.0,13.0,10.0,3.231363,2000s,Medium,Low,Moderate
Lithuania,LTU,EUR,2008,3198478,3900.0,122.0,400.0,12.0,10.0,3.198478,2000s,Medium,Low,Moderate
Lithuania,LTU,EUR,2009,3163253,3400.0,109.0,1400.0,44.0,40.0,3.163253,2000s,Medium,Moderate,High
Lithuania,LTU,EUR,2010,3097720,3100.0,100.0,260.0,8.4,9.0,3.09772,2010s,Low,Low,Moderate
Lithuania,LTU,EUR,2011,3028645,3000.0,99.0,250.0,8.4,9.0,3.028645,2010s,Low,Low,Moderate
Lithuania,LTU,EUR,2012,2988327,2700.0,91.0,290.0,9.8,11.0,2.988327,2010s,Low,Low,High
Lithuania,LTU,EUR,2013,2958356,2500.0,85.0,250.0,8.5,10.0,2.958356,2010s,Low,Low,Moderate
Lithuania,LTU,EUR,2014,2933169,2300.0,79.0,270.0,9.1,12.0,2.933169,2010s,Low,Low,High
Lithuania,LTU,EUR,2015,2905765,2100.0,73.0,230.0,7.8,11.0,2.905765,2010s,Low,Low,High
Lithuania,LTU,EUR,2016,2869101,2000.0,70.0,210.0,7.2,10.0,2.869101,2010s,Low,Low,Moderate
Lithuania,LTU,EUR,2017,2829308,1900.0,65.0,180.0,6.5,10.0,2.829308,2010s,Low,Low,Moderate
Lithuania,LTU,EUR,2018,2802472,1500.0,54.0,140.0,4.8,9.0,2.802472,2010s,Low,Low,Moderate
Lithuania,LTU,EUR,2019,2795061,1400.0,50.0,130.0,4.6,9.0,2.795061,2010s,Low,Low,Moderate
Lithuania,LTU,EUR,2020,2795766,950.0,34.0,120.0,4.1,12.0,2.795766,2020s,Low,Low,High
Lithuania,LTU,EUR,2021,2794486,860.0,31.0,110.0,3.9,13.0,2.794486,2020s,Low,Low,High
Lithuania,LTU,EUR,2022,2816920,990.0,35.0,120.0,4.2,12.0,2.81692,2020s,Low,Low,High
Lithuania,LTU,EUR,2023,2854095,970.0,34.0,140.0,4.8,14.0,2.854095,2020s,Low,Low,High
Lithuania,LTU,EUR,2024,2859108,890.0,31.0,130.0,4.6,15.0,2.859108,2020s,Low,Low,High
Luxembourg,LUX,EUR,2000,436126,61.0,14.0,5.0,1.1,8.0,0.436126,2000s,Low,Low,Moderate
Luxembourg,LUX,EUR,2001,441748,43.0,9.7,6.0,1.4,15.0,0.441748,2000s,Low,Low,High
Luxembourg,LUX,EUR,2002,446387,43.0,9.5,4.0,0.92,10.0,0.446387,2000s,Low,Low,Moderate
Luxembourg,LUX,EUR,2003,451840,74.0,16.0,6.0,1.3,8.0,0.45184,2000s,Low,Low,Moderate
Luxembourg,LUX,EUR,2004,458306,42.0,9.2,3.0,0.57,6.0,0.458306,2000s,Low,Low,Moderate
Luxembourg,LUX,EUR,2005,465360,50.0,11.0,2.0,0.41,4.0,0.46536,2000s,Low,Low,Low
Luxembourg,LUX,EUR,2006,472858,44.0,9.4,2.0,0.35,4.0,0.472858,2000s,Low,Low,Low
Luxembourg,LUX,EUR,2007,480269,52.0,11.0,3.0,0.55,5.0,0.480269,2000s,Low,Low,Low
Luxembourg,LUX,EUR,2008,488995,37.0,7.6,2.0,0.45,6.0,0.488995,2000s,Low,Low,Moderate
Luxembourg,LUX,EUR,2009,498191,36.0,7.1,2.0,0.36,5.0,0.498191,2000s,Low,Low,Low
Luxembourg,LUX,EUR,2010,507414,38.0,7.5,1.0,0.29,4.0,0.507414,2010s,Low,Low,Low
Luxembourg,LUX,EUR,2011,518589,32.0,6.2,2.0,0.46,7.0,0.518589,2010s,Low,Low,Moderate
Luxembourg,LUX,EUR,2012,530947,57.0,11.0,2.0,0.31,3.0,0.530947,2010s,Low,Low,Low
Luxembourg,LUX,EUR,2013,543354,47.0,8.7,1.0,0.27,3.0,0.543354,2010s,Low,Low,Low
Luxembourg,LUX,EUR,2014,556280,29.0,5.3,1.0,0.23,4.0,0.55628,2010s,Low,Low,Low
Luxembourg,LUX,EUR,2015,569531,36.0,6.3,1.0,0.23,4.0,0.569531,2010s,Low,Low,Low
Luxembourg,LUX,EUR,2016,583502,34.0,5.9,1.0,0.23,4.0,0.583502,2010s,Low,Low,Low
Luxembourg,LUX,EUR,2017,596498,38.0,6.3,3.0,0.57,9.0,0.596498,2010s,Low,Low,Moderate
Luxembourg,LUX,EUR,2018,608102,49.0,8.1,2.0,0.35,4.0,0.608102,2010s,Low,Low,Low
Luxembourg,LUX,EUR,2019,620158,56.0,9.0,1.0,0.23,3.0,0.620158,2010s,Low,Low,Low
Luxembourg,LUX,EUR,2020,630581,38.0,6.0,1.0,0.16,3.0,0.630581,2020s,Low,Low,Low
Luxembourg,LUX,EUR,2021,640276,41.0,6.4,1.0,0.17,3.0,0.640276,2020s,Low,Low,Low
Luxembourg,LUX,EUR,2022,653311,57.0,8.7,1.0,0.22,3.0,0.653311,2020s,Low,Low,Low
Luxembourg,LUX,EUR,2023,665098,51.0,7.6,2.0,0.28,4.0,0.665098,2020s,Low,Low,Low
Luxembourg,LUX,EUR,2024,673034,50.0,7.5,2.0,0.28,4.0,0.673034,2020s,Low,Low,Low
Madagascar,MDG,AFR,2000,16516340,34000.0,207.0,8300.0,50.0,24.0,16.51634,2000s,High,Moderate,High
Madagascar,MDG,AFR,2001,17032938,37000.0,215.0,9200.0,54.0,25.0,17.032938,2000s,High,High,High
Madagascar,MDG,AFR,2002,17549912,39000.0,221.0,9900.0,56.0,26.0,17.549912,2000s,High,High,High
Madagascar,MDG,AFR,2003,18071850,41000.0,226.0,9900.0,55.0,24.0,18.07185,2000s,High,High,High
Madagascar,MDG,AFR,2004,18606601,43000.0,231.0,11000.0,56.0,25.0,18.606601,2000s,High,High,High
Madagascar,MDG,AFR,2005,19159711,45000.0,234.0,12000.0,61.0,26.0,19.159711,2000s,High,High,High
Madagascar,MDG,AFR,2006,19730906,46000.0,236.0,11000.0,57.0,24.0,19.730906,2000s,High,High,High
Madagascar,MDG,AFR,2007,20318586,48000.0,236.0,12000.0,59.0,25.0,20.318586,2000s,High,High,High
Madagascar,MDG,AFR,2008,20923847,49000.0,236.0,13000.0,60.0,26.0,20.923847,2000s,High,High,High
Madagascar,MDG,AFR,2009,21547281,51000.0,235.0,13000.0,59.0,25.0,21.547281,2000s,High,High,High
Madagascar,MDG,AFR,2010,22183334,52000.0,233.0,12000.0,56.0,24.0,22.183334,2010s,High,High,High
Madagascar,MDG,AFR,2011,22822308,52000.0,230.0,12000.0,54.0,24.0,22.822308,2010s,High,High,High
Madagascar,MDG,AFR,2012,23462446,53000.0,227.0,13000.0,55.0,24.0,23.462446,2010s,High,High,High
Madagascar,MDG,AFR,2013,24109289,54000.0,225.0,13000.0,54.0,24.0,24.109289,2010s,High,High,High
Madagascar,MDG,AFR,2014,24764345,55000.0,221.0,12000.0,50.0,23.0,24.764345,2010s,High,Moderate,High
Madagascar,MDG,AFR,2015,25426698,56000.0,219.0,12000.0,49.0,22.0,25.426698,2010s,High,Moderate,High
Madagascar,MDG,AFR,2016,26099949,57000.0,217.0,13000.0,49.0,23.0,26.099949,2010s,High,Moderate,High
Madagascar,MDG,AFR,2017,26788373,57000.0,215.0,12000.0,47.0,22.0,26.788373,2010s,High,Moderate,High
Madagascar,MDG,AFR,2018,27494919,59000.0,214.0,12000.0,43.0,20.0,27.494919,2010s,High,Moderate,High
Madagascar,MDG,AFR,2019,28219565,60000.0,214.0,11000.0,40.0,19.0,28.219565,2010s,High,Moderate,High
Madagascar,MDG,AFR,2020,28953557,62000.0,214.0,12000.0,43.0,20.0,28.953557,2020s,High,Moderate,High
Madagascar,MDG,AFR,2021,29691079,64000.0,216.0,12000.0,39.0,18.0,29.691079,2020s,High,Moderate,High
Madagascar,MDG,AFR,2022,30437261,66000.0,218.0,11000.0,35.0,16.0,30.437261,2020s,High,Moderate,High
Madagascar,MDG,AFR,2023,31195929,69000.0,220.0,11000.0,36.0,17.0,31.195929,2020s,High,Moderate,High
Madagascar,MDG,AFR,2024,31964951,72000.0,224.0,11000.0,34.0,15.0,31.964951,2020s,High,Moderate,High
Malawi,MWI,AFR,2000,11315944,44000.0,386.0,16000.0,145.0,57.0,11.315944,2000s,High,High,High
Malawi,MWI,AFR,2001,11593054,46000.0,395.0,16000.0,136.0,53.0,11.593054,2000s,High,High,High
Malawi,MWI,AFR,2002,11880448,48000.0,401.0,18000.0,149.0,58.0,11.880448,2000s,High,High,High
Malawi,MWI,AFR,2003,12181574,49000.0,403.0,16000.0,133.0,52.0,12.181574,2000s,High,High,High
Malawi,MWI,AFR,2004,12500743,50000.0,402.0,17000.0,140.0,55.0,12.500743,2000s,High,High,High
Malawi,MWI,AFR,2005,12840036,51000.0,398.0,19000.0,147.0,58.0,12.840036,2000s,High,High,High
Malawi,MWI,AFR,2006,13198699,52000.0,392.0,20000.0,149.0,59.0,13.198699,2000s,High,High,High
Malawi,MWI,AFR,2007,13576347,52000.0,383.0,20000.0,148.0,59.0,13.576347,2000s,High,High,High
Malawi,MWI,AFR,2008,13976415,52000.0,371.0,20000.0,141.0,57.0,13.976415,2000s,High,High,High
Malawi,MWI,AFR,2009,14395793,51000.0,356.0,20000.0,141.0,57.0,14.395793,2000s,High,High,High
Malawi,MWI,AFR,2010,14826450,50000.0,338.0,22000.0,147.0,61.0,14.82645,2010s,High,High,High
Malawi,MWI,AFR,2011,15265026,48000.0,316.0,20000.0,129.0,55.0,15.265026,2010s,High,High,High
Malawi,MWI,AFR,2012,15709577,46000.0,291.0,17000.0,111.0,50.0,15.709577,2010s,High,High,High
Malawi,MWI,AFR,2013,16161813,42000.0,261.0,16000.0,101.0,48.0,16.161813,2010s,High,High,High
Malawi,MWI,AFR,2014,16621537,38000.0,228.0,14000.0,86.0,45.0,16.621537,2010s,High,High,High
Malawi,MWI,AFR,2015,17085589,34000.0,197.0,12000.0,70.0,40.0,17.085589,2010s,Medium,High,High
Malawi,MWI,AFR,2016,17557739,31000.0,176.0,10000.0,59.0,37.0,17.557739,2010s,Medium,High,High
Malawi,MWI,AFR,2017,18039695,29000.0,162.0,8600.0,48.0,32.0,18.039695,2010s,Medium,Moderate,High
Malawi,MWI,AFR,2018,18528076,28000.0,153.0,8500.0,46.0,32.0,18.528076,2010s,Medium,Moderate,High
Malawi,MWI,AFR,2019,19025747,28000.0,146.0,7400.0,39.0,28.0,19.025747,2010s,Medium,Moderate,High
Malawi,MWI,AFR,2020,19533892,27000.0,138.0,7800.0,40.0,31.0,19.533892,2020s,Medium,Moderate,High
Malawi,MWI,AFR,2021,20047262,26000.0,132.0,7900.0,39.0,32.0,20.047262,2020s,Medium,Moderate,High
Malawi,MWI,AFR,2022,20568724,26000.0,125.0,5700.0,28.0,24.0,20.568724,2020s,Medium,Moderate,High
Malawi,MWI,AFR,2023,21104478,25000.0,119.0,4800.0,23.0,21.0,21.104478,2020s,Medium,Moderate,High
Malawi,MWI,AFR,2024,21655289,24000.0,113.0,4700.0,22.0,21.0,21.655289,2020s,Medium,Moderate,High
Malaysia,MYS,WPR,2000,22967812,35000.0,152.0,3300.0,14.0,10.0,22.967812,2000s,Medium,Low,Moderate
Malaysia,MYS,WPR,2001,23526540,32000.0,136.0,3000.0,13.0,9.0,23.52654,2000s,Medium,Low,Moderate
Malaysia,MYS,WPR,2002,24102474,29000.0,121.0,2500.0,10.0,9.0,24.102474,2000s,Medium,Low,Moderate
Malaysia,MYS,WPR,2003,24679600,30000.0,121.0,2500.0,10.0,9.0,24.6796,2000s,Medium,Low,Moderate
Malaysia,MYS,WPR,2004,25256772,27000.0,107.0,2200.0,8.8,8.0,25.256772,2000s,Medium,Low,Moderate
Malaysia,MYS,WPR,2005,25836074,26000.0,102.0,2800.0,11.0,11.0,25.836074,2000s,Medium,Low,High
Malaysia,MYS,WPR,2006,26417912,27000.0,101.0,2700.0,10.0,10.0,26.417912,2000s,Medium,Low,Moderate
Malaysia,MYS,WPR,2007,26998390,26000.0,98.0,2400.0,8.8,9.0,26.99839,2000s,Low,Low,Moderate
Malaysia,MYS,WPR,2008,27570061,27000.0,100.0,2700.0,10.0,10.0,27.570061,2000s,Low,Low,Moderate
Malaysia,MYS,WPR,2009,28124774,27000.0,97.0,2800.0,9.9,10.0,28.124774,2000s,Low,Low,Moderate
Malaysia,MYS,WPR,2010,28655784,29000.0,100.0,2600.0,9.0,9.0,28.655784,2010s,Low,Low,Moderate
Malaysia,MYS,WPR,2011,29162030,30000.0,102.0,2500.0,8.6,9.0,29.16203,2010s,Medium,Low,Moderate
Malaysia,MYS,WPR,2012,29662828,32000.0,108.0,2200.0,7.3,7.0,29.662828,2010s,Medium,Low,Moderate
Malaysia,MYS,WPR,2013,30174268,34000.0,112.0,2200.0,7.2,7.0,30.174268,2010s,Medium,Low,Moderate
Malaysia,MYS,WPR,2014,30696137,34000.0,110.0,2200.0,7.2,7.0,30.696137,2010s,Medium,Low,Moderate
Malaysia,MYS,WPR,2015,31232799,33000.0,104.0,2200.0,6.9,7.0,31.232799,2010s,Medium,Low,Moderate
Malaysia,MYS,WPR,2016,31789694,34000.0,106.0,2400.0,7.7,7.0,31.789694,2010s,Medium,Low,Moderate
Malaysia,MYS,WPR,2017,32355649,33000.0,103.0,2300.0,7.3,7.0,32.355649,2010s,Medium,Low,Moderate
Malaysia,MYS,WPR,2018,32910965,33000.0,100.0,2000.0,6.1,6.0,32.910965,2010s,Low,Low,Moderate
Malaysia,MYS,WPR,2019,33440590,33000.0,100.0,2200.0,6.6,7.0,33.44059,2010s,Low,Low,Moderate
Malaysia,MYS,WPR,2020,33889557,34000.0,99.0,2000.0,5.8,6.0,33.889557,2020s,Low,Low,Moderate
Malaysia,MYS,WPR,2021,34282393,34000.0,98.0,2600.0,7.6,8.0,34.282393,2020s,Low,Low,Moderate
Malaysia,MYS,WPR,2022,34695492,34000.0,98.0,2900.0,8.5,9.0,34.695492,2020s,Low,Low,Moderate
Malaysia,MYS,WPR,2023,35126304,34000.0,97.0,2900.0,8.2,9.0,35.126304,2020s,Low,Low,Moderate
Malaysia,MYS,WPR,2024,35557672,34000.0,96.0,3000.0,8.3,9.0,35.557672,2020s,Low,Low,Moderate
Maldives,MDV,SEA,2000,282019,390.0,139.0,15.0,5.2,4.0,0.282019,2000s,Medium,Low,Low
Maldives,MDV,SEA,2001,286771,400.0,141.0,17.0,6.0,4.0,0.286771,2000s,Medium,Low,Low
Maldives,MDV,SEA,2002,291623,360.0,122.0,25.0,8.6,7.0,0.291623,2000s,Medium,Low,Moderate
Maldives,MDV,SEA,2003,296490,380.0,129.0,7.0,2.5,2.0,0.29649,2000s,Medium,Low,Low
Maldives,MDV,SEA,2004,301407,330.0,108.0,3.0,0.97,1.0,0.301407,2000s,Medium,Low,Low
Maldives,MDV,SEA,2005,306428,330.0,107.0,5.0,1.7,2.0,0.306428,2000s,Medium,Low,Low
Maldives,MDV,SEA,2006,313849,240.0,78.0,6.0,2.0,3.0,0.313849,2000s,Low,Low,Low
Maldives,MDV,SEA,2007,324477,290.0,89.0,6.0,2.0,2.0,0.324477,2000s,Low,Low,Low
Maldives,MDV,SEA,2008,336167,250.0,75.0,8.0,2.3,3.0,0.336167,2000s,Low,Low,Low
Maldives,MDV,SEA,2009,348278,200.0,57.0,8.0,2.2,4.0,0.348278,2000s,Low,Low,Low
Maldives,MDV,SEA,2010,360792,180.0,49.0,8.0,2.3,5.0,0.360792,2010s,Low,Low,Low
Maldives,MDV,SEA,2011,373673,160.0,42.0,10.0,2.6,6.0,0.373673,2010s,Low,Low,Moderate
Maldives,MDV,SEA,2012,386818,190.0,49.0,6.0,1.6,3.0,0.386818,2010s,Low,Low,Low
Maldives,MDV,SEA,2013,400070,190.0,48.0,9.0,2.1,4.0,0.40007,2010s,Low,Low,Low
Maldives,MDV,SEA,2014,413614,210.0,50.0,8.0,2.0,4.0,0.413614,2010s,Low,Low,Low
Maldives,MDV,SEA,2015,428160,240.0,57.0,7.0,1.6,3.0,0.42816,2010s,Low,Low,Low
Maldives,MDV,SEA,2016,443311,250.0,57.0,13.0,2.9,5.0,0.443311,2010s,Low,Low,Low
Maldives,MDV,SEA,2017,458285,190.0,42.0,11.0,2.4,6.0,0.458285,2010s,Low,Low,Moderate
Maldives,MDV,SEA,2018,473093,200.0,43.0,11.0,2.3,5.0,0.473093,2010s,Low,Low,Low
Maldives,MDV,SEA,2019,487726,230.0,48.0,10.0,2.1,4.0,0.487726,2010s,Low,Low,Low
Maldives,MDV,SEA,2020,502117,170.0,33.0,10.0,1.9,6.0,0.502117,2020s,Low,Low,Moderate
Maldives,MDV,SEA,2021,516163,140.0,27.0,9.0,1.8,7.0,0.516163,2020s,Low,Low,Moderate
Maldives,MDV,SEA,2022,524106,180.0,34.0,9.0,1.7,5.0,0.524106,2020s,Low,Low,Low
Maldives,MDV,SEA,2023,525988,190.0,36.0,8.0,1.6,4.0,0.525988,2020s,Low,Low,Low
Maldives,MDV,SEA,2024,527794,210.0,40.0,8.0,1.6,4.0,0.527794,2020s,Low,Low,Low
Mali,MLI,AFR,2000,11559292,8800.0,76.0,2700.0,24.0,33.0,11.559292,2000s,Low,Moderate,High
Mali,MLI,AFR,2001,11912159,9200.0,77.0,2700.0,23.0,31.0,11.912159,2000s,Low,Moderate,High
Mali,MLI,AFR,2002,12288046,9600.0,78.0,2900.0,23.0,31.0,12.288046,2000s,Low,Moderate,High
Mali,MLI,AFR,2003,12684953,10000.0,79.0,3000.0,23.0,31.0,12.684953,2000s,Low,Moderate,High
Mali,MLI,AFR,2004,13102412,10000.0,79.0,3100.0,24.0,31.0,13.102412,2000s,Low,Moderate,High
Mali,MLI,AFR,2005,13538649,11000.0,79.0,3200.0,24.0,31.0,13.538649,2000s,Low,Moderate,High
Mali,MLI,AFR,2006,13990136,11000.0,78.0,3200.0,23.0,30.0,13.990136,2000s,Low,Moderate,High
Mali,MLI,AFR,2007,14457773,11000.0,78.0,3100.0,22.0,29.0,14.457773,2000s,Low,Moderate,High
Mali,MLI,AFR,2008,14940782,11000.0,76.0,3000.0,20.0,27.0,14.940782,2000s,Low,Low,High
Mali,MLI,AFR,2009,15435539,12000.0,75.0,2700.0,17.0,24.0,15.435539,2000s,Low,Low,High
Mali,MLI,AFR,2010,15945194,12000.0,73.0,3300.0,21.0,30.0,15.945194,2010s,Low,Moderate,High
Mali,MLI,AFR,2011,16469045,12000.0,70.0,3300.0,20.0,30.0,16.469045,2010s,Low,Low,High
Mali,MLI,AFR,2012,16957027,12000.0,68.0,3000.0,17.0,27.0,16.957027,2010s,Low,Low,High
Mali,MLI,AFR,2013,17459614,12000.0,66.0,3000.0,17.0,28.0,17.459614,2010s,Low,Low,High
Mali,MLI,AFR,2014,18020259,12000.0,64.0,3000.0,17.0,28.0,18.020259,2010s,Low,Low,High
Mali,MLI,AFR,2015,18593023,12000.0,63.0,2600.0,14.0,24.0,18.593023,2010s,Low,Low,High
Mali,MLI,AFR,2016,19191285,12000.0,61.0,2600.0,14.0,24.0,19.191285,2010s,Low,Low,High
Mali,MLI,AFR,2017,19813015,12000.0,60.0,2800.0,14.0,25.0,19.813015,2010s,Low,Low,High
Mali,MLI,AFR,2018,20442026,12000.0,59.0,2600.0,13.0,24.0,20.442026,2010s,Low,Low,High
Mali,MLI,AFR,2019,21068404,12000.0,57.0,2600.0,13.0,24.0,21.068404,2010s,Low,Low,High
Mali,MLI,AFR,2020,21713837,12000.0,56.0,2700.0,12.0,24.0,21.713837,2020s,Low,Low,High
Mali,MLI,AFR,2021,22388629,12000.0,54.0,2500.0,11.0,23.0,22.388629,2020s,Low,Low,High
Mali,MLI,AFR,2022,23072639,12000.0,53.0,2300.0,9.9,21.0,23.072639,2020s,Low,Low,High
Mali,MLI,AFR,2023,23769129,12000.0,52.0,2100.0,8.9,20.0,23.769129,2020s,Low,Low,High
Mali,MLI,AFR,2024,24478588,12000.0,51.0,2000.0,8.1,18.0,24.478588,2020s,Low,Low,High
Malta,MLT,EUR,2000,399896,16.0,4.0,3.0,0.81,,0.399896,2000s,Low,Low,
Malta,MLT,EUR,2001,402784,16.0,4.0,2.0,0.55,,0.402784,2000s,Low,Low,
Malta,MLT,EUR,2002,405567,24.0,5.9,3.0,0.8,,0.405567,2000s,Low,Low,
Malta,MLT,EUR,2003,408231,7.0,1.7,1.0,0.26,,0.408231,2000s,Low,Low,
Malta,MLT,EUR,2004,410798,18.0,4.4,2.0,0.55,,0.410798,2000s,Low,Low,
Malta,MLT,EUR,2005,413321,22.0,5.3,1.0,0.27,,0.413321,2000s,Low,Low,
Malta,MLT,EUR,2006,415452,30.0,7.2,1.0,0.27,,0.415452,2000s,Low,Low,
Malta,MLT,EUR,2007,417200,38.0,9.1,7.0,1.6,,0.4172,2000s,Low,Low,
Malta,MLT,EUR,2008,418978,48.0,11.0,2.0,0.36,,0.418978,2000s,Low,Low,
Malta,MLT,EUR,2009,420793,42.0,10.0,2.0,0.37,,0.420793,2000s,Low,Low,
Malta,MLT,EUR,2010,422659,29.0,6.9,4.0,0.87,,0.422659,2010s,Low,Low,
Malta,MLT,EUR,2011,424627,30.0,7.1,4.0,0.85,,0.424627,2010s,Low,Low,
Malta,MLT,EUR,2012,426606,42.0,9.8,1.0,0.32,,0.426606,2010s,Low,Low,
Malta,MLT,EUR,2013,428448,50.0,12.0,3.0,0.76,,0.428448,2010s,Low,Low,
Malta,MLT,EUR,2014,434490,45.0,10.0,2.0,0.41,,0.43449,2010s,Low,Low,
Malta,MLT,EUR,2015,444986,32.0,7.2,3.0,0.57,,0.444986,2010s,Low,Low,
Malta,MLT,EUR,2016,455274,50.0,11.0,4.0,0.89,,0.455274,2010s,Low,Low,
Malta,MLT,EUR,2017,467897,42.0,9.0,1.0,0.22,,0.467897,2010s,Low,Low,
Malta,MLT,EUR,2018,484555,55.0,11.0,2.0,0.37,,0.484555,2010s,Low,Low,
Malta,MLT,EUR,2019,504010,98.0,19.0,1.0,0.27,,0.50401,2010s,Low,Low,
Malta,MLT,EUR,2020,518203,140.0,27.0,1.0,0.24,,0.518203,2020s,Low,Low,
Malta,MLT,EUR,2021,524376,54.0,10.0,1.0,0.22,,0.524376,2020s,Low,Low,
Malta,MLT,EUR,2022,528194,60.0,11.0,2.0,0.39,,0.528194,2020s,Low,Low,
Malta,MLT,EUR,2023,532959,68.0,13.0,2.0,0.29,,0.532959,2020s,Low,Low,
Malta,MLT,EUR,2024,539598,82.0,15.0,2.0,0.31,,0.539598,2020s,Low,Low,
Marshall Islands,MHL,WPR,2000,50706,96.0,190.0,28.0,55.0,29.0,0.050706,2000s,Medium,High,High
Marshall Islands,MHL,WPR,2001,51123,160.0,304.0,45.0,87.0,29.0,0.051123,2000s,High,High,High
Marshall Islands,MHL,WPR,2002,51422,140.0,270.0,39.0,77.0,29.0,0.051422,2000s,High,High,High
Marshall Islands,MHL,WPR,2003,51635,160.0,311.0,45.0,87.0,28.0,0.051635,2000s,High,High,High
Marshall Islands,MHL,WPR,2004,51797,310.0,594.0,85.0,165.0,28.0,0.051797,2000s,High,High,High
Marshall Islands,MHL,WPR,2005,51904,290.0,552.0,79.0,152.0,28.0,0.051904,2000s,High,High,High
Marshall Islands,MHL,WPR,2006,51987,330.0,643.0,88.0,170.0,27.0,0.051987,2000s,High,High,High
Marshall Islands,MHL,WPR,2007,52034,360.0,683.0,90.0,172.0,25.0,0.052034,2000s,High,High,High
Marshall Islands,MHL,WPR,2008,52032,260.0,508.0,64.0,122.0,24.0,0.052032,2000s,High,High,High
Marshall Islands,MHL,WPR,2009,52015,280.0,541.0,66.0,126.0,24.0,0.052015,2000s,High,High,High
Marshall Islands,MHL,WPR,2010,52044,360.0,700.0,79.0,153.0,22.0,0.052044,2010s,High,High,High
Marshall Islands,MHL,WPR,2011,51914,260.0,498.0,56.0,107.0,22.0,0.051914,2010s,High,High,High
Marshall Islands,MHL,WPR,2012,51424,270.0,517.0,56.0,110.0,21.0,0.051424,2010s,High,High,High
Marshall Islands,MHL,WPR,2013,50676,270.0,532.0,57.0,112.0,21.0,0.050676,2010s,High,High,High
Marshall Islands,MHL,WPR,2014,49796,250.0,509.0,52.0,105.0,21.0,0.049796,2010s,High,High,High
Marshall Islands,MHL,WPR,2015,48805,240.0,498.0,49.0,101.0,20.0,0.048805,2010s,High,High,High
Marshall Islands,MHL,WPR,2016,47711,310.0,649.0,62.0,129.0,20.0,0.047711,2010s,High,High,High
Marshall Islands,MHL,WPR,2017,46535,350.0,745.0,67.0,145.0,20.0,0.046535,2010s,High,High,High
Marshall Islands,MHL,WPR,2018,45284,730.0,1610.0,140.0,313.0,20.0,0.045284,2010s,High,High,High
Marshall Islands,MHL,WPR,2019,44003,390.0,877.0,75.0,171.0,20.0,0.044003,2010s,High,High,High
Marshall Islands,MHL,WPR,2020,42705,250.0,581.0,48.0,112.0,19.0,0.042705,2020s,High,High,High
Marshall Islands,MHL,WPR,2021,41359,200.0,478.0,38.0,92.0,19.0,0.041359,2020s,High,High,High
Marshall Islands,MHL,WPR,2022,40070,170.0,427.0,33.0,82.0,19.0,0.04007,2020s,High,High,High
Marshall Islands,MHL,WPR,2023,38833,360.0,928.0,69.0,178.0,19.0,0.038833,2020s,High,High,High
Marshall Islands,MHL,WPR,2024,37545,150.0,411.0,30.0,79.0,19.0,0.037545,2020s,High,High,High
Mauritania,MRT,AFR,2000,2613443,6000.0,229.0,1500.0,57.0,25.0,2.613443,2000s,High,High,High
Mauritania,MRT,AFR,2001,2678760,6000.0,224.0,1500.0,58.0,26.0,2.67876,2000s,High,High,High
Mauritania,MRT,AFR,2002,2738648,5900.0,217.0,1500.0,56.0,26.0,2.738648,2000s,High,High,High
Mauritania,MRT,AFR,2003,2802053,5900.0,210.0,1500.0,53.0,25.0,2.802053,2000s,High,High,High
Mauritania,MRT,AFR,2004,2868670,5800.0,203.0,1300.0,44.0,22.0,2.86867,2000s,High,Moderate,High
Mauritania,MRT,AFR,2005,2939054,5700.0,195.0,1700.0,58.0,30.0,2.939054,2000s,Medium,High,High
Mauritania,MRT,AFR,2006,3013668,5600.0,186.0,1400.0,48.0,26.0,3.013668,2000s,Medium,Moderate,High
Mauritania,MRT,AFR,2007,3093061,5500.0,176.0,1200.0,40.0,23.0,3.093061,2000s,Medium,Moderate,High
Mauritania,MRT,AFR,2008,3183267,5300.0,165.0,1200.0,39.0,24.0,3.183267,2000s,Medium,Moderate,High
Mauritania,MRT,AFR,2009,3284451,5100.0,155.0,1200.0,37.0,24.0,3.284451,2000s,Medium,Moderate,High
Mauritania,MRT,AFR,2010,3390965,4900.0,145.0,1200.0,36.0,25.0,3.390965,2010s,Medium,Moderate,High
Mauritania,MRT,AFR,2011,3502812,4700.0,134.0,1400.0,40.0,30.0,3.502812,2010s,Medium,Moderate,High
Mauritania,MRT,AFR,2012,3619024,4500.0,125.0,960.0,27.0,22.0,3.619024,2010s,Medium,Moderate,High
Mauritania,MRT,AFR,2013,3734319,4400.0,118.0,1100.0,29.0,25.0,3.734319,2010s,Medium,Moderate,High
Mauritania,MRT,AFR,2014,3848514,4300.0,112.0,940.0,24.0,22.0,3.848514,2010s,Medium,Moderate,High
Mauritania,MRT,AFR,2015,3965959,4200.0,107.0,1000.0,25.0,24.0,3.965959,2010s,Medium,Moderate,High
Mauritania,MRT,AFR,2016,4086647,4200.0,102.0,880.0,22.0,22.0,4.086647,2010s,Medium,Moderate,High
Mauritania,MRT,AFR,2017,4210602,4100.0,98.0,820.0,19.0,20.0,4.210602,2010s,Low,Low,High
Mauritania,MRT,AFR,2018,4337687,4100.0,94.0,810.0,19.0,21.0,4.337687,2010s,Low,Low,High
Mauritania,MRT,AFR,2019,4467699,4000.0,89.0,730.0,16.0,19.0,4.467699,2010s,Low,Low,High
Mauritania,MRT,AFR,2020,4600138,3900.0,84.0,750.0,16.0,20.0,4.600138,2020s,Low,Low,High
Mauritania,MRT,AFR,2021,4734879,3800.0,79.0,660.0,14.0,19.0,4.734879,2020s,Low,Low,High
Mauritania,MRT,AFR,2022,4875641,3600.0,75.0,590.0,12.0,17.0,4.875641,2020s,Low,Low,High
Mauritania,MRT,AFR,2023,5022448,3500.0,70.0,540.0,11.0,17.0,5.022448,2020s,Low,Low,High
Mauritania,MRT,AFR,2024,5169393,3400.0,65.0,520.0,10.0,17.0,5.169393,2020s,Low,Low,High
Mauritius,MUS,AFR,2000,1216633,390.0,32.0,34.0,2.8,9.0,1.216633,2000s,Low,Low,Moderate
Mauritius,MUS,AFR,2001,1225805,290.0,24.0,30.0,2.4,10.0,1.225805,2000s,Low,Low,Moderate
Mauritius,MUS,AFR,2002,1234085,320.0,26.0,31.0,2.5,10.0,1.234085,2000s,Low,Low,Moderate
Mauritius,MUS,AFR,2003,1242093,310.0,25.0,16.0,1.3,5.0,1.242093,2000s,Low,Low,Low
Mauritius,MUS,AFR,2004,1249801,300.0,24.0,18.0,1.5,6.0,1.249801,2000s,Low,Low,Moderate
Mauritius,MUS,AFR,2005,1257219,270.0,22.0,17.0,1.4,6.0,1.257219,2000s,Low,Low,Moderate
Mauritius,MUS,AFR,2006,1263778,240.0,19.0,14.0,1.1,6.0,1.263778,2000s,Low,Low,Moderate
Mauritius,MUS,AFR,2007,1269521,220.0,17.0,22.0,1.7,10.0,1.269521,2000s,Low,Low,Moderate
Mauritius,MUS,AFR,2008,1274635,210.0,17.0,24.0,1.9,11.0,1.274635,2000s,Low,Low,High
Mauritius,MUS,AFR,2009,1278975,220.0,17.0,22.0,1.7,10.0,1.278975,2000s,Low,Low,Moderate
Mauritius,MUS,AFR,2010,1282710,230.0,18.0,18.0,1.4,8.0,1.28271,2010s,Low,Low,Moderate
Mauritius,MUS,AFR,2011,1286266,210.0,16.0,26.0,2.0,13.0,1.286266,2010s,Low,Low,High
Mauritius,MUS,AFR,2012,1289174,220.0,17.0,23.0,1.8,11.0,1.289174,2010s,Low,Low,High
Mauritius,MUS,AFR,2013,1290988,220.0,17.0,32.0,2.5,15.0,1.290988,2010s,Low,Low,High
Mauritius,MUS,AFR,2014,1292009,210.0,16.0,27.0,2.1,13.0,1.292009,2010s,Low,Low,High
Mauritius,MUS,AFR,2015,1292270,200.0,16.0,23.0,1.8,12.0,1.29227,2010s,Low,Low,High
Mauritius,MUS,AFR,2016,1291806,190.0,15.0,27.0,2.1,15.0,1.291806,2010s,Low,Low,High
Mauritius,MUS,AFR,2017,1290653,180.0,14.0,32.0,2.5,18.0,1.290653,2010s,Low,Low,High
Mauritius,MUS,AFR,2018,1288832,200.0,16.0,31.0,2.4,16.0,1.288832,2010s,Low,Low,High
Mauritius,MUS,AFR,2019,1286271,180.0,14.0,33.0,2.6,18.0,1.286271,2010s,Low,Low,High
Mauritius,MUS,AFR,2020,1283223,160.0,12.0,18.0,1.4,12.0,1.283223,2020s,Low,Low,High
Mauritius,MUS,AFR,2021,1279621,140.0,11.0,17.0,1.3,12.0,1.279621,2020s,Low,Low,High
Mauritius,MUS,AFR,2022,1276130,190.0,15.0,30.0,2.4,16.0,1.27613,2020s,Low,Low,High
Mauritius,MUS,AFR,2023,1273587,160.0,12.0,24.0,1.9,15.0,1.273587,2020s,Low,Low,High
Mauritius,MUS,AFR,2024,1271172,160.0,13.0,21.0,1.6,13.0,1.271172,2020s,Low,Low,High
Mexico,MEX,AMR,2000,98625553,36000.0,37.0,4700.0,4.8,13.0,98.625553,2000s,Low,Low,High
Mexico,MEX,AMR,2001,100099100,36000.0,36.0,4500.0,4.5,13.0,100.0991,2000s,Low,Low,High
Mexico,MEX,AMR,2002,101548624,33000.0,33.0,4100.0,4.1,13.0,101.548624,2000s,Low,Low,High
Mexico,MEX,AMR,2003,102978521,35000.0,34.0,4100.0,4.0,12.0,102.978521,2000s,Low,Low,High
Mexico,MEX,AMR,2004,104394130,27000.0,26.0,3300.0,3.1,12.0,104.39413,2000s,Low,Low,High
Mexico,MEX,AMR,2005,105811498,32000.0,31.0,3500.0,3.3,11.0,105.811498,2000s,Low,Low,High
Mexico,MEX,AMR,2006,107253666,31000.0,29.0,3300.0,3.0,11.0,107.253666,2000s,Low,Low,High
Mexico,MEX,AMR,2007,108774358,31000.0,28.0,3000.0,2.8,10.0,108.774358,2000s,Low,Low,Moderate
Mexico,MEX,AMR,2008,110374280,31000.0,28.0,3300.0,3.0,11.0,110.37428,2000s,Low,Low,High
Mexico,MEX,AMR,2009,111999728,31000.0,27.0,3000.0,2.7,10.0,111.999728,2000s,Low,Low,Moderate
Mexico,MEX,AMR,2010,113623900,32000.0,28.0,3200.0,2.8,10.0,113.6239,2010s,Low,Low,Moderate
Mexico,MEX,AMR,2011,115243495,31000.0,27.0,3300.0,2.9,11.0,115.243495,2010s,Low,Low,High
Mexico,MEX,AMR,2012,116818202,31000.0,26.0,3200.0,2.7,11.0,116.818202,2010s,Low,Low,High
Mexico,MEX,AMR,2013,118343576,30000.0,26.0,3200.0,2.7,11.0,118.343576,2010s,Low,Low,High
Mexico,MEX,AMR,2014,119784258,30000.0,25.0,2900.0,2.5,10.0,119.784258,2010s,Low,Low,Moderate
Mexico,MEX,AMR,2015,121072295,30000.0,25.0,3200.0,2.7,11.0,121.072295,2010s,Low,Low,High
Mexico,MEX,AMR,2016,122251354,31000.0,25.0,3300.0,2.7,11.0,122.251354,2010s,Low,Low,High
Mexico,MEX,AMR,2017,123400050,31000.0,25.0,3200.0,2.6,10.0,123.40005,2010s,Low,Low,Moderate
Mexico,MEX,AMR,2018,124573705,32000.0,26.0,3000.0,2.4,10.0,124.573705,2010s,Low,Low,Moderate
Mexico,MEX,AMR,2019,125762984,32000.0,26.0,3300.0,2.7,10.0,125.762984,2010s,Low,Low,Moderate
Mexico,MEX,AMR,2020,126799056,33000.0,26.0,4000.0,3.1,12.0,126.799056,2020s,Low,Low,High
Mexico,MEX,AMR,2021,127648145,34000.0,27.0,3800.0,3.0,11.0,127.648145,2020s,Low,Low,High
Mexico,MEX,AMR,2022,128613122,35000.0,27.0,4700.0,3.7,14.0,128.613122,2020s,Low,Low,High
Mexico,MEX,AMR,2023,129739759,36000.0,28.0,3800.0,2.9,11.0,129.739759,2020s,Low,Low,High
Mexico,MEX,AMR,2024,130861014,37000.0,28.0,3900.0,3.0,11.0,130.861014,2020s,Low,Low,High
Micronesia (Federated States of),FSM,WPR,2000,112044,310.0,281.0,99.0,88.0,32.0,0.112044,2000s,High,High,High
Micronesia (Federated States of),FSM,WPR,2001,112366,350.0,312.0,110.0,97.0,31.0,0.112366,2000s,High,High,High
Micronesia (Federated States of),FSM,WPR,2002,112447,420.0,372.0,130.0,115.0,31.0,0.112447,2000s,High,High,High
Micronesia (Federated States of),FSM,WPR,2003,112286,340.0,304.0,100.0,93.0,31.0,0.112286,2000s,High,High,High
Micronesia (Federated States of),FSM,WPR,2004,111920,370.0,332.0,110.0,100.0,31.0,0.11192,2000s,High,High,High
Micronesia (Federated States of),FSM,WPR,2005,111410,300.0,271.0,90.0,81.0,30.0,0.11141,2000s,High,High,High
Micronesia (Federated States of),FSM,WPR,2006,110726,300.0,271.0,88.0,79.0,29.0,0.110726,2000s,High,High,High
Micronesia (Federated States of),FSM,WPR,2007,109886,380.0,347.0,110.0,98.0,29.0,0.109886,2000s,High,High,High
Micronesia (Federated States of),FSM,WPR,2008,108934,420.0,388.0,120.0,107.0,28.0,0.108934,2000s,High,High,High
Micronesia (Federated States of),FSM,WPR,2009,107950,360.0,335.0,96.0,89.0,27.0,0.10795,2000s,High,High,High
Micronesia (Federated States of),FSM,WPR,2010,107536,380.0,354.0,98.0,91.0,26.0,0.107536,2010s,High,High,High
Micronesia (Federated States of),FSM,WPR,2011,107693,340.0,317.0,88.0,81.0,26.0,0.107693,2010s,High,High,High
Micronesia (Federated States of),FSM,WPR,2012,107893,330.0,305.0,84.0,78.0,26.0,0.107893,2010s,High,High,High
Micronesia (Federated States of),FSM,WPR,2013,108125,340.0,312.0,86.0,79.0,26.0,0.108125,2010s,High,High,High
Micronesia (Federated States of),FSM,WPR,2014,108393,420.0,391.0,110.0,99.0,26.0,0.108393,2010s,High,High,High
Micronesia (Federated States of),FSM,WPR,2015,108706,230.0,214.0,58.0,54.0,25.0,0.108706,2010s,High,High,High
Micronesia (Federated States of),FSM,WPR,2016,109077,320.0,293.0,78.0,71.0,25.0,0.109077,2010s,High,High,High
Micronesia (Federated States of),FSM,WPR,2017,109476,290.0,262.0,68.0,62.0,24.0,0.109476,2010s,High,High,High
Micronesia (Federated States of),FSM,WPR,2018,109907,210.0,187.0,50.0,45.0,24.0,0.109907,2010s,Medium,Moderate,High
Micronesia (Federated States of),FSM,WPR,2019,110289,200.0,180.0,49.0,44.0,25.0,0.110289,2010s,Medium,Moderate,High
Micronesia (Federated States of),FSM,WPR,2020,110920,200.0,178.0,48.0,44.0,25.0,0.11092,2020s,Medium,Moderate,High
Micronesia (Federated States of),FSM,WPR,2021,111611,150.0,137.0,37.0,33.0,24.0,0.111611,2020s,Medium,Moderate,High
Micronesia (Federated States of),FSM,WPR,2022,112115,100.0,91.0,25.0,22.0,24.0,0.112115,2020s,Low,Moderate,High
Micronesia (Federated States of),FSM,WPR,2023,112635,450.0,397.0,110.0,96.0,24.0,0.112635,2020s,High,High,High
Micronesia (Federated States of),FSM,WPR,2024,113161,300.0,264.0,73.0,64.0,25.0,0.113161,2020s,High,High,High
Monaco,MCO,EUR,2000,32455,0.0,0.0,0.0,0.0,,0.032455,2000s,,,
Monaco,MCO,EUR,2001,32455,0.0,0.0,0.0,0.0,,0.032455,2000s,,,
Monaco,MCO,EUR,2002,32411,0.0,0.0,0.0,0.0,,0.032411,2000s,,,
Monaco,MCO,EUR,2003,32374,0.0,0.53,0.0,0.02,,0.032374,2000s,Low,Low,
Monaco,MCO,EUR,2004,32301,0.0,0.63,0.0,0.02,,0.032301,2000s,Low,Low,
Monaco,MCO,EUR,2005,32210,0.0,0.73,0.0,0.02,,0.03221,2000s,Low,Low,
Monaco,MCO,EUR,2006,32052,0.0,0.82,0.0,0.02,,0.032052,2000s,Low,Low,
Monaco,MCO,EUR,2007,31835,0.0,0.9,0.0,0.03,,0.031835,2000s,Low,Low,
Monaco,MCO,EUR,2008,31842,0.0,0.97,0.0,0.03,,0.031842,2000s,Low,Low,
Monaco,MCO,EUR,2009,32367,0.0,1.0,0.0,0.03,,0.032367,2000s,Low,Low,
Monaco,MCO,EUR,2010,33166,1.0,3.0,0.0,0.09,,0.033166,2010s,Low,Low,
Monaco,MCO,EUR,2011,33940,0.0,1.1,0.0,0.03,,0.03394,2010s,Low,Low,
Monaco,MCO,EUR,2012,34699,0.0,1.2,0.0,0.03,,0.034699,2010s,Low,Low,
Monaco,MCO,EUR,2013,35443,0.0,1.2,0.0,0.04,,0.035443,2010s,Low,Low,
Monaco,MCO,EUR,2014,36129,0.0,0.0,0.0,0.0,,0.036129,2010s,,,
Monaco,MCO,EUR,2015,36761,0.0,0.0,0.0,0.0,,0.036761,2010s,,,
Monaco,MCO,EUR,2016,37278,2.0,5.4,0.0,0.16,,0.037278,2010s,Low,Low,
Monaco,MCO,EUR,2017,37674,0.0,0.0,0.0,0.0,,0.037674,2010s,,,
Monaco,MCO,EUR,2018,38155,1.0,2.6,0.0,0.08,,0.038155,2010s,Low,Low,
Monaco,MCO,EUR,2019,38109,0.0,0.0,0.0,0.0,,0.038109,2010s,,,
Monaco,MCO,EUR,2020,38044,0.0,0.0,0.0,0.0,,0.038044,2020s,,,
Monaco,MCO,EUR,2021,38531,0.0,0.0,0.0,0.0,,0.038531,2020s,,,
Monaco,MCO,EUR,2022,38932,0.0,0.91,0.0,0.03,,0.038932,2020s,Low,Low,
Monaco,MCO,EUR,2023,38955,0.0,0.86,0.0,0.03,,0.038955,2020s,Low,Low,
Monaco,MCO,EUR,2024,38632,0.0,0.82,0.0,0.02,,0.038632,2020s,Low,Low,
Mongolia,MNG,WPR,2000,2455177,11000.0,428.0,500.0,20.0,5.0,2.455177,2000s,High,Low,Low
Mongolia,MNG,WPR,2001,2477704,11000.0,428.0,500.0,20.0,5.0,2.477704,2000s,High,Low,Low
Mongolia,MNG,WPR,2002,2500082,11000.0,428.0,480.0,19.0,5.0,2.500082,2000s,High,Low,Low
Mongolia,MNG,WPR,2003,2521803,11000.0,428.0,470.0,19.0,5.0,2.521803,2000s,High,Low,Low
Mongolia,MNG,WPR,2004,2542803,11000.0,428.0,460.0,18.0,5.0,2.542803,2000s,High,Low,Low
Mongolia,MNG,WPR,2005,2563467,11000.0,428.0,440.0,17.0,4.0,2.563467,2000s,High,Low,Low
Mongolia,MNG,WPR,2006,2584756,11000.0,428.0,430.0,17.0,4.0,2.584756,2000s,High,Low,Low
Mongolia,MNG,WPR,2007,2607960,11000.0,428.0,410.0,16.0,4.0,2.60796,2000s,High,Low,Low
Mongolia,MNG,WPR,2008,2634410,11000.0,428.0,380.0,15.0,4.0,2.63441,2000s,High,Low,Low
Mongolia,MNG,WPR,2009,2665327,11000.0,428.0,350.0,13.0,3.0,2.665327,2000s,High,Low,Low
Mongolia,MNG,WPR,2010,2701736,12000.0,428.0,340.0,13.0,3.0,2.701736,2010s,High,Low,Low
Mongolia,MNG,WPR,2011,2745182,12000.0,428.0,330.0,12.0,3.0,2.745182,2010s,High,Low,Low
Mongolia,MNG,WPR,2012,2795464,12000.0,428.0,330.0,12.0,3.0,2.795464,2010s,High,Low,Low
Mongolia,MNG,WPR,2013,2851879,12000.0,428.0,330.0,12.0,3.0,2.851879,2010s,High,Low,Low
Mongolia,MNG,WPR,2014,2913038,12000.0,428.0,340.0,12.0,3.0,2.913038,2010s,High,Low,Low
Mongolia,MNG,WPR,2015,2976533,13000.0,428.0,340.0,11.0,3.0,2.976533,2010s,High,Low,Low
Mongolia,MNG,WPR,2016,3040815,13000.0,428.0,350.0,11.0,3.0,3.040815,2010s,High,Low,Low
Mongolia,MNG,WPR,2017,3104363,13000.0,428.0,340.0,11.0,3.0,3.104363,2010s,High,Low,Low
Mongolia,MNG,WPR,2018,3167705,14000.0,428.0,340.0,11.0,3.0,3.167705,2010s,High,Low,Low
Mongolia,MNG,WPR,2019,3232109,14000.0,428.0,340.0,10.0,3.0,3.232109,2010s,High,Low,Low
Mongolia,MNG,WPR,2020,3290785,14000.0,418.0,340.0,10.0,3.0,3.290785,2020s,High,Low,Low
Mongolia,MNG,WPR,2021,3339678,14000.0,421.0,370.0,11.0,3.0,3.339678,2020s,High,Low,Low
Mongolia,MNG,WPR,2022,3386010,15000.0,440.0,390.0,12.0,3.0,3.38601,2020s,High,Low,Low
Mongolia,MNG,WPR,2023,3431928,15000.0,448.0,390.0,11.0,3.0,3.431928,2020s,High,Low,Low
Mongolia,MNG,WPR,2024,3475537,16000.0,446.0,380.0,11.0,3.0,3.475537,2020s,High,Low,Low
Montenegro,MNE,EUR,2005,634046,260.0,41.0,4.0,0.69,2.0,0.634046,2000s,Low,Low,Low
Montenegro,MNE,EUR,2006,633872,270.0,43.0,7.0,1.1,3.0,0.633872,2000s,Low,Low,Low
Montenegro,MNE,EUR,2007,633382,240.0,38.0,9.0,1.5,4.0,0.633382,2000s,Low,Low,Low
Montenegro,MNE,EUR,2008,632840,210.0,33.0,4.0,0.71,2.0,0.63284,2000s,Low,Low,Low
Montenegro,MNE,EUR,2009,632436,180.0,29.0,1.0,0.2,1.0,0.632436,2000s,Low,Low,Low
Montenegro,MNE,EUR,2010,632086,170.0,27.0,2.0,0.31,1.0,0.632086,2010s,Low,Low,Low
Montenegro,MNE,EUR,2011,632684,170.0,27.0,1.0,0.2,1.0,0.632684,2010s,Low,Low,Low
Montenegro,MNE,EUR,2012,633538,150.0,24.0,1.0,0.2,1.0,0.633538,2010s,Low,Low,Low
Montenegro,MNE,EUR,2013,633200,180.0,29.0,2.0,0.39,1.0,0.6332,2010s,Low,Low,Low
Montenegro,MNE,EUR,2014,631377,170.0,27.0,1.0,0.2,1.0,0.631377,2010s,Low,Low,Low
Montenegro,MNE,EUR,2015,628145,120.0,19.0,2.0,0.28,1.0,0.628145,2010s,Low,Low,Low
Montenegro,MNE,EUR,2016,624247,130.0,20.0,1.0,0.2,1.0,0.624247,2010s,Low,Low,Low
Montenegro,MNE,EUR,2017,620114,110.0,17.0,1.0,0.2,1.0,0.620114,2010s,Low,Low,Low
Montenegro,MNE,EUR,2018,615795,120.0,19.0,2.0,0.27,1.0,0.615795,2010s,Low,Low,Low
Montenegro,MNE,EUR,2019,611673,110.0,18.0,1.0,0.2,1.0,0.611673,2010s,Low,Low,Low
Montenegro,MNE,EUR,2020,607936,110.0,18.0,1.0,0.19,1.0,0.607936,2020s,Low,Low,Low
Montenegro,MNE,EUR,2021,603847,100.0,17.0,1.0,0.2,1.0,0.603847,2020s,Low,Low,Low
Montenegro,MNE,EUR,2022,614641,100.0,17.0,1.0,0.2,1.0,0.614641,2020s,Low,Low,Low
Montenegro,MNE,EUR,2023,633551,110.0,17.0,1.0,0.19,1.0,0.633551,2020s,Low,Low,Low
Montenegro,MNE,EUR,2024,638476,100.0,16.0,1.0,0.18,1.0,0.638476,2020s,Low,Low,Low
Montserrat,MSR,AMR,2000,5022,0.0,0.0,0.0,0.0,,0.005022,2000s,,,
Montserrat,MSR,AMR,2001,4592,0.0,0.0,0.0,0.0,,0.004592,2000s,,,
Montserrat,MSR,AMR,2002,4471,0.0,0.0,0.0,0.0,,0.004471,2000s,,,
Montserrat,MSR,AMR,2003,4488,1.0,22.0,0.0,0.67,,0.004488,2000s,Low,Low,
Montserrat,MSR,AMR,2004,4512,0.0,0.0,0.0,0.0,,0.004512,2000s,,,
Montserrat,MSR,AMR,2005,4543,1.0,22.0,0.0,0.66,,0.004543,2000s,Low,Low,
Montserrat,MSR,AMR,2006,4583,0.0,0.0,0.0,0.0,,0.004583,2000s,,,
Montserrat,MSR,AMR,2007,4627,2.0,43.0,0.0,1.3,,0.004627,2000s,Low,Low,
Montserrat,MSR,AMR,2008,4673,1.0,29.0,0.0,0.86,,0.004673,2000s,Low,Low,
Montserrat,MSR,AMR,2009,4734,1.0,14.0,0.0,0.43,,0.004734,2000s,Low,Low,
Montserrat,MSR,AMR,2010,4791,0.0,0.0,0.0,0.0,,0.004791,2010s,,,
Montserrat,MSR,AMR,2011,4823,0.0,0.0,0.0,0.0,,0.004823,2010s,,,
Montserrat,MSR,AMR,2012,4797,0.0,0.0,0.0,0.0,,0.004797,2010s,,,
Montserrat,MSR,AMR,2013,4751,0.0,0.0,0.0,0.0,,0.004751,2010s,,,
Montserrat,MSR,AMR,2014,4709,0.0,0.0,0.0,0.0,,0.004709,2010s,,,
Montserrat,MSR,AMR,2015,4669,0.0,0.0,0.0,0.0,,0.004669,2010s,,,
Montserrat,MSR,AMR,2016,4636,0.0,0.0,0.0,0.0,,0.004636,2010s,,,
Montserrat,MSR,AMR,2017,4600,0.0,0.0,0.0,0.0,,0.0046,2010s,,,
Montserrat,MSR,AMR,2018,4571,0.0,0.0,0.0,0.0,,0.004571,2010s,,,
Montserrat,MSR,AMR,2019,4546,0.0,0.0,0.0,0.0,,0.004546,2010s,,,
Montserrat,MSR,AMR,2020,4503,0.0,0.0,0.0,0.0,,0.004503,2020s,,,
Montserrat,MSR,AMR,2021,4479,0.0,0.0,0.0,0.0,,0.004479,2020s,,,
Montserrat,MSR,AMR,2022,4458,0.0,0.0,0.0,0.0,,0.004458,2020s,,,
Montserrat,MSR,AMR,2023,4424,0.0,0.0,0.0,0.0,,0.004424,2020s,,,
Montserrat,MSR,AMR,2024,4387,0.0,0.0,0.0,0.0,,0.004387,2020s,,,
Morocco,MAR,EMR,2000,28423443,32000.0,114.0,2500.0,8.7,8.0,28.423443,2000s,Medium,Low,Moderate
Morocco,MAR,EMR,2001,28814642,32000.0,110.0,2400.0,8.4,8.0,28.814642,2000s,Medium,Low,Moderate
Morocco,MAR,EMR,2002,29198133,34000.0,115.0,2500.0,8.7,8.0,29.198133,2000s,Medium,Low,Moderate
Morocco,MAR,EMR,2003,29571410,30000.0,102.0,2300.0,7.7,8.0,29.57141,2000s,Medium,Low,Moderate
Morocco,MAR,EMR,2004,29953022,29000.0,97.0,2200.0,7.4,8.0,29.953022,2000s,Low,Low,Moderate
Morocco,MAR,EMR,2005,30358135,30000.0,97.0,2200.0,7.4,8.0,30.358135,2000s,Low,Low,Moderate
Morocco,MAR,EMR,2006,30771183,29000.0,95.0,2200.0,7.2,8.0,30.771183,2000s,Low,Low,Moderate
Morocco,MAR,EMR,2007,31186467,29000.0,92.0,2200.0,6.9,8.0,31.186467,2000s,Low,Low,Moderate
Morocco,MAR,EMR,2008,31606759,30000.0,96.0,2300.0,7.1,8.0,31.606759,2000s,Low,Low,Moderate
Morocco,MAR,EMR,2009,32030772,31000.0,96.0,2300.0,7.2,8.0,32.030772,2000s,Low,Low,Moderate
Morocco,MAR,EMR,2010,32467014,32000.0,98.0,2400.0,7.5,8.0,32.467014,2010s,Low,Low,Moderate
Morocco,MAR,EMR,2011,32912577,32000.0,98.0,2500.0,7.4,8.0,32.912577,2010s,Low,Low,Moderate
Morocco,MAR,EMR,2012,33355242,32000.0,97.0,2400.0,7.2,8.0,33.355242,2010s,Low,Low,Moderate
Morocco,MAR,EMR,2013,33787578,33000.0,97.0,2500.0,7.4,8.0,33.787578,2010s,Low,Low,Moderate
Morocco,MAR,EMR,2014,34204783,34000.0,99.0,2600.0,7.5,8.0,34.204783,2010s,Low,Low,Moderate
Morocco,MAR,EMR,2015,34607595,34000.0,100.0,2600.0,7.5,8.0,34.607595,2010s,Low,Low,Moderate
Morocco,MAR,EMR,2016,35023462,35000.0,101.0,2700.0,7.7,8.0,35.023462,2010s,Medium,Low,Moderate
Morocco,MAR,EMR,2017,35446401,35000.0,98.0,2600.0,7.4,8.0,35.446401,2010s,Low,Low,Moderate
Morocco,MAR,EMR,2018,35839756,35000.0,97.0,2600.0,7.4,8.0,35.839756,2010s,Low,Low,Moderate
Morocco,MAR,EMR,2019,36210893,35000.0,96.0,2600.0,7.2,8.0,36.210893,2010s,Low,Low,Moderate
Morocco,MAR,EMR,2020,36584213,33000.0,89.0,2500.0,6.7,8.0,36.584213,2020s,Low,Low,Moderate
Morocco,MAR,EMR,2021,36954442,33000.0,89.0,2500.0,6.7,8.0,36.954442,2020s,Low,Low,Moderate
Morocco,MAR,EMR,2022,37329059,34000.0,92.0,2600.0,6.9,8.0,37.329059,2020s,Low,Low,Moderate
Morocco,MAR,EMR,2023,37712505,36000.0,97.0,2800.0,7.3,8.0,37.712505,2020s,Low,Low,Moderate
Morocco,MAR,EMR,2024,38081170,37000.0,98.0,2800.0,7.4,8.0,38.08117,2020s,Low,Low,Moderate
Mozambique,MOZ,AFR,2000,18129657,61000.0,336.0,28000.0,156.0,48.0,18.129657,2000s,High,High,High
Mozambique,MOZ,AFR,2001,18537725,63000.0,338.0,28000.0,152.0,47.0,18.537725,2000s,High,High,High
Mozambique,MOZ,AFR,2002,18958331,64000.0,339.0,27000.0,141.0,43.0,18.958331,2000s,High,High,High
Mozambique,MOZ,AFR,2003,19392474,66000.0,339.0,26000.0,133.0,41.0,19.392474,2000s,High,High,High
Mozambique,MOZ,AFR,2004,19840315,68000.0,341.0,25000.0,128.0,39.0,19.840315,2000s,High,High,High
Mozambique,MOZ,AFR,2005,20304568,70000.0,342.0,25000.0,125.0,38.0,20.304568,2000s,High,High,High
Mozambique,MOZ,AFR,2006,20787084,72000.0,345.0,26000.0,125.0,38.0,20.787084,2000s,High,High,High
Mozambique,MOZ,AFR,2007,21287636,74000.0,348.0,24000.0,113.0,34.0,21.287636,2000s,High,High,High
Mozambique,MOZ,AFR,2008,21819033,77000.0,351.0,27000.0,122.0,36.0,21.819033,2000s,High,High,High
Mozambique,MOZ,AFR,2009,22391742,79000.0,354.0,27000.0,120.0,36.0,22.391742,2000s,High,High,High
Mozambique,MOZ,AFR,2010,22999236,82000.0,357.0,28000.0,121.0,35.0,22.999236,2010s,High,High,High
Mozambique,MOZ,AFR,2011,23649039,85000.0,359.0,29000.0,123.0,36.0,23.649039,2010s,High,High,High
Mozambique,MOZ,AFR,2012,24337854,88000.0,361.0,29000.0,118.0,34.0,24.337854,2010s,High,High,High
Mozambique,MOZ,AFR,2013,25051612,90000.0,361.0,26000.0,106.0,31.0,25.051612,2010s,High,High,High
Mozambique,MOZ,AFR,2014,25788478,93000.0,361.0,25000.0,99.0,29.0,25.788478,2010s,High,High,High
Mozambique,MOZ,AFR,2015,26547571,96000.0,361.0,27000.0,100.0,29.0,26.547571,2010s,High,High,High
Mozambique,MOZ,AFR,2016,27337101,99000.0,361.0,20000.0,73.0,21.0,27.337101,2010s,High,High,High
Mozambique,MOZ,AFR,2017,28166390,102000.0,361.0,14000.0,51.0,15.0,28.16639,2010s,High,High,High
Mozambique,MOZ,AFR,2018,29018644,105000.0,361.0,12000.0,41.0,12.0,29.018644,2010s,High,Moderate,High
Mozambique,MOZ,AFR,2019,29884382,108000.0,361.0,12000.0,39.0,11.0,29.884382,2010s,High,Moderate,High
Mozambique,MOZ,AFR,2020,30783693,111000.0,361.0,12000.0,40.0,12.0,30.783693,2020s,High,Moderate,High
Mozambique,MOZ,AFR,2021,31707807,114000.0,361.0,13000.0,41.0,12.0,31.707807,2020s,High,Moderate,High
Mozambique,MOZ,AFR,2022,32656245,118000.0,361.0,9000.0,28.0,8.0,32.656245,2020s,High,Moderate,Moderate
Mozambique,MOZ,AFR,2023,33635160,121000.0,361.0,7700.0,23.0,7.0,33.63516,2020s,High,Moderate,Moderate
Mozambique,MOZ,AFR,2024,34631768,125000.0,361.0,14000.0,41.0,12.0,34.631768,2020s,High,Moderate,High
Myanmar,MMR,SEA,2000,45290828,252000.0,555.0,109000.0,242.0,51.0,45.290828,2000s,High,High,High
Myanmar,MMR,SEA,2001,45771142,254000.0,555.0,104000.0,226.0,48.0,45.771142,2000s,High,High,High
Myanmar,MMR,SEA,2002,46232661,256000.0,554.0,97000.0,210.0,45.0,46.232661,2000s,High,High,High
Myanmar,MMR,SEA,2003,46667190,257000.0,552.0,89000.0,191.0,41.0,46.66719,2000s,High,High,High
Myanmar,MMR,SEA,2004,47068767,258000.0,549.0,80000.0,171.0,36.0,47.068767,2000s,High,High,High
Myanmar,MMR,SEA,2005,47438364,258000.0,545.0,76000.0,160.0,34.0,47.438364,2000s,High,High,High
Myanmar,MMR,SEA,2006,47785129,258000.0,540.0,69000.0,145.0,31.0,47.785129,2000s,High,High,High
Myanmar,MMR,SEA,2007,48125036,257000.0,535.0,66000.0,138.0,30.0,48.125036,2000s,High,High,High
Myanmar,MMR,SEA,2008,48390797,256000.0,530.0,68000.0,140.0,31.0,48.390797,2000s,High,High,High
Myanmar,MMR,SEA,2009,48660461,255000.0,525.0,66000.0,135.0,30.0,48.660461,2000s,High,High,High
Myanmar,MMR,SEA,2010,49024388,245000.0,500.0,59000.0,121.0,27.0,49.024388,2010s,High,High,High
Myanmar,MMR,SEA,2011,49419821,235000.0,476.0,52000.0,106.0,25.0,49.419821,2010s,High,High,High
Myanmar,MMR,SEA,2012,49837443,226000.0,453.0,46000.0,92.0,22.0,49.837443,2010s,High,High,High
Myanmar,MMR,SEA,2013,50262659,217000.0,431.0,44000.0,88.0,22.0,50.262659,2010s,High,High,High
Myanmar,MMR,SEA,2014,50681635,208000.0,411.0,39000.0,76.0,20.0,50.681635,2010s,High,High,High
Myanmar,MMR,SEA,2015,51089060,200000.0,391.0,35000.0,68.0,18.0,51.08906,2010s,High,High,High
Myanmar,MMR,SEA,2016,51495694,192000.0,372.0,31000.0,61.0,17.0,51.495694,2010s,High,High,High
Myanmar,MMR,SEA,2017,51894933,184000.0,355.0,31000.0,59.0,17.0,51.894933,2010s,High,High,High
Myanmar,MMR,SEA,2018,52272235,177000.0,338.0,24000.0,46.0,14.0,52.272235,2010s,High,Moderate,High
Myanmar,MMR,SEA,2019,52640716,169000.0,322.0,22000.0,42.0,13.0,52.640716,2010s,High,Moderate,High
Myanmar,MMR,SEA,2020,53016515,167000.0,316.0,25000.0,47.0,16.0,53.016515,2020s,High,Moderate,High
Myanmar,MMR,SEA,2021,53387099,188000.0,353.0,36000.0,68.0,20.0,53.387099,2020s,High,High,High
Myanmar,MMR,SEA,2022,53756792,233000.0,434.0,44000.0,82.0,20.0,53.756792,2020s,High,High,High
Myanmar,MMR,SEA,2023,54133801,261000.0,482.0,41000.0,76.0,17.0,54.133801,2020s,High,High,High
Myanmar,MMR,SEA,2024,54500093,263000.0,482.0,36000.0,67.0,15.0,54.500093,2020s,High,High,High
Namibia,NAM,AFR,2000,1818651,18000.0,985.0,5900.0,327.0,37.0,1.818651,2000s,High,High,High
Namibia,NAM,AFR,2001,1857048,20000.0,1100.0,6100.0,331.0,34.0,1.857048,2000s,High,High,High
Namibia,NAM,AFR,2002,1889967,22000.0,1190.0,7200.0,383.0,37.0,1.889967,2000s,High,High,High
Namibia,NAM,AFR,2003,1917455,24000.0,1240.0,7300.0,381.0,36.0,1.917455,2000s,High,High,High
Namibia,NAM,AFR,2004,1942083,24000.0,1260.0,7400.0,381.0,35.0,1.942083,2000s,High,High,High
Namibia,NAM,AFR,2005,1966573,25000.0,1250.0,7500.0,384.0,36.0,1.966573,2000s,High,High,High
Namibia,NAM,AFR,2006,1991890,24000.0,1210.0,7500.0,374.0,36.0,1.99189,2000s,High,High,High
Namibia,NAM,AFR,2007,2018595,23000.0,1140.0,7300.0,361.0,36.0,2.018595,2000s,High,High,High
Namibia,NAM,AFR,2008,2047048,22000.0,1060.0,6200.0,300.0,32.0,2.047048,2000s,High,High,High
Namibia,NAM,AFR,2009,2077400,20000.0,974.0,6000.0,289.0,33.0,2.0774,2000s,High,High,High
Namibia,NAM,AFR,2010,2109806,19000.0,892.0,5400.0,256.0,31.0,2.109806,2010s,High,High,High
Namibia,NAM,AFR,2011,2146326,17000.0,815.0,4700.0,219.0,29.0,2.146326,2010s,High,High,High
Namibia,NAM,AFR,2012,2194650,17000.0,754.0,4500.0,204.0,29.0,2.19465,2010s,High,High,High
Namibia,NAM,AFR,2013,2252503,16000.0,710.0,4300.0,190.0,28.0,2.252503,2010s,High,High,High
Namibia,NAM,AFR,2014,2312141,16000.0,674.0,4300.0,184.0,29.0,2.312141,2010s,High,High,High
Namibia,NAM,AFR,2015,2374298,15000.0,639.0,3600.0,153.0,25.0,2.374298,2010s,High,High,High
Namibia,NAM,AFR,2016,2439209,15000.0,604.0,3700.0,152.0,26.0,2.439209,2010s,High,High,High
Namibia,NAM,AFR,2017,2506855,14000.0,565.0,3500.0,138.0,25.0,2.506855,2010s,High,High,High
Namibia,NAM,AFR,2018,2577326,14000.0,524.0,3400.0,133.0,26.0,2.577326,2010s,High,High,High
Namibia,NAM,AFR,2019,2650504,13000.0,486.0,3000.0,114.0,24.0,2.650504,2010s,High,High,High
Namibia,NAM,AFR,2020,2728764,12000.0,450.0,2900.0,107.0,24.0,2.728764,2020s,High,High,High
Namibia,NAM,AFR,2021,2810543,12000.0,441.0,3000.0,105.0,25.0,2.810543,2020s,High,High,High
Namibia,NAM,AFR,2022,2889662,13000.0,441.0,3000.0,103.0,24.0,2.889662,2020s,High,High,High
Namibia,NAM,AFR,2023,2963092,13000.0,432.0,2900.0,97.0,23.0,2.963092,2020s,High,High,High
Namibia,NAM,AFR,2024,3030137,13000.0,422.0,2800.0,93.0,23.0,3.030137,2020s,High,High,High
Nauru,NRU,WPR,2000,10169,4.0,39.0,0.0,1.2,,0.010169,2000s,Low,Low,
Nauru,NRU,WPR,2001,10126,3.0,30.0,0.0,0.89,,0.010126,2000s,Low,Low,
Nauru,NRU,WPR,2002,10075,5.0,50.0,0.0,1.5,,0.010075,2000s,Low,Low,
Nauru,NRU,WPR,2003,10051,3.0,30.0,0.0,0.9,,0.010051,2000s,Low,Low,
Nauru,NRU,WPR,2004,10058,7.0,65.0,0.0,2.0,,0.010058,2000s,Low,Low,
Nauru,NRU,WPR,2005,10046,11.0,109.0,0.0,3.3,,0.010046,2000s,Medium,Low,
Nauru,NRU,WPR,2006,10034,12.0,120.0,0.0,3.6,,0.010034,2000s,Medium,Low,
Nauru,NRU,WPR,2007,10021,3.0,30.0,0.0,0.9,,0.010021,2000s,Low,Low,
Nauru,NRU,WPR,2008,10001,5.0,50.0,0.0,1.5,,0.010001,2000s,Low,Low,
Nauru,NRU,WPR,2009,10017,4.0,40.0,0.0,1.2,,0.010017,2000s,Low,Low,
Nauru,NRU,WPR,2010,10034,3.0,30.0,0.0,0.9,,0.010034,2010s,Low,Low,
Nauru,NRU,WPR,2011,10090,5.0,50.0,0.0,1.5,,0.01009,2010s,Low,Low,
Nauru,NRU,WPR,2012,10260,6.0,60.0,0.0,1.8,,0.01026,2010s,Low,Low,
Nauru,NRU,WPR,2013,10518,7.0,67.0,0.0,2.0,,0.010518,2010s,Low,Low,
Nauru,NRU,WPR,2014,10746,8.0,74.0,0.0,2.2,,0.010746,2010s,Low,Low,
Nauru,NRU,WPR,2015,10943,10.0,91.0,0.0,2.7,,0.010943,2010s,Low,Low,
Nauru,NRU,WPR,2016,11146,10.0,90.0,0.0,2.7,,0.011146,2010s,Low,Low,
Nauru,NRU,WPR,2017,11319,9.0,80.0,0.0,2.4,,0.011319,2010s,Low,Low,
Nauru,NRU,WPR,2018,11477,5.0,44.0,0.0,1.3,,0.011477,2010s,Low,Low,
Nauru,NRU,WPR,2019,11580,17.0,147.0,1.0,4.4,,0.01158,2010s,Medium,Low,
Nauru,NRU,WPR,2020,11645,13.0,112.0,0.0,3.3,,0.011645,2020s,Medium,Low,
Nauru,NRU,WPR,2021,11710,21.0,179.0,1.0,5.4,,0.01171,2020s,Medium,Low,
Nauru,NRU,WPR,2022,11796,19.0,161.0,1.0,4.8,,0.011796,2020s,Medium,Low,
Nauru,NRU,WPR,2023,11864,18.0,152.0,1.0,4.6,,0.011864,2020s,Medium,Low,
Nauru,NRU,WPR,2024,11944,19.0,161.0,1.0,4.8,,0.011944,2020s,Medium,Low,
Nepal,NPL,SEA,2000,24546513,102000.0,417.0,33000.0,134.0,34.0,24.546513,2000s,High,High,High
Nepal,NPL,SEA,2001,24946746,101000.0,405.0,32000.0,129.0,34.0,24.946746,2000s,High,High,High
Nepal,NPL,SEA,2002,25328980,100000.0,393.0,31000.0,123.0,33.0,25.32898,2000s,High,High,High
Nepal,NPL,SEA,2003,25688772,98000.0,382.0,29000.0,114.0,32.0,25.688772,2000s,High,High,High
Nepal,NPL,SEA,2004,26016662,96000.0,371.0,29000.0,112.0,32.0,26.016662,2000s,High,High,High
Nepal,NPL,SEA,2005,26309450,95000.0,360.0,28000.0,105.0,31.0,26.30945,2000s,High,High,High
Nepal,NPL,SEA,2006,26565431,93000.0,350.0,27000.0,103.0,31.0,26.565431,2000s,High,High,High
Nepal,NPL,SEA,2007,26788492,91000.0,339.0,26000.0,98.0,31.0,26.788492,2000s,High,High,High
Nepal,NPL,SEA,2008,26990037,89000.0,329.0,26000.0,95.0,31.0,26.990037,2000s,High,High,High
Nepal,NPL,SEA,2009,27173041,87000.0,320.0,24000.0,88.0,29.0,27.173041,2000s,High,High,High
Nepal,NPL,SEA,2010,27341956,85000.0,311.0,23000.0,83.0,28.0,27.341956,2010s,High,High,High
Nepal,NPL,SEA,2011,27464502,83000.0,302.0,22000.0,79.0,28.0,27.464502,2010s,High,High,High
Nepal,NPL,SEA,2012,27534914,81000.0,293.0,21000.0,76.0,27.0,27.534914,2010s,High,High,High
Nepal,NPL,SEA,2013,27589997,78000.0,284.0,20000.0,74.0,28.0,27.589997,2010s,High,High,High
Nepal,NPL,SEA,2014,27672368,76000.0,276.0,19000.0,68.0,26.0,27.672368,2010s,High,High,High
Nepal,NPL,SEA,2015,27823636,75000.0,268.0,19000.0,67.0,27.0,27.823636,2010s,High,High,High
Nepal,NPL,SEA,2016,27955457,73000.0,260.0,19000.0,66.0,27.0,27.955457,2010s,High,High,High
Nepal,NPL,SEA,2017,28011262,71000.0,253.0,18000.0,64.0,27.0,28.011262,2010s,High,High,High
Nepal,NPL,SEA,2018,28079677,69000.0,245.0,17000.0,61.0,26.0,28.079677,2010s,High,High,High
Nepal,NPL,SEA,2019,28414070,68000.0,238.0,17000.0,59.0,26.0,28.41407,2010s,High,High,High
Nepal,NPL,SEA,2020,28966575,66000.0,228.0,17000.0,59.0,27.0,28.966575,2020s,High,High,High
Nepal,NPL,SEA,2021,29475018,68000.0,230.0,18000.0,59.0,27.0,29.475018,2020s,High,High,High
Nepal,NPL,SEA,2022,29715440,70000.0,234.0,17000.0,58.0,26.0,29.71544,2020s,High,High,High
Nepal,NPL,SEA,2023,29694620,69000.0,231.0,16000.0,54.0,25.0,29.69462,2020s,High,High,High
Nepal,NPL,SEA,2024,29651067,67000.0,227.0,16000.0,54.0,25.0,29.651067,2020s,High,High,High
Netherlands (Kingdom of the),NLD,EUR,2000,16058758,1400.0,8.9,120.0,0.73,8.0,16.058758,2000s,Low,Low,Moderate
Netherlands (Kingdom of the),NLD,EUR,2001,16182703,1600.0,10.0,110.0,0.71,7.0,16.182703,2000s,Low,Low,Moderate
Netherlands (Kingdom of the),NLD,EUR,2002,16288049,1600.0,9.6,97.0,0.59,6.0,16.288049,2000s,Low,Low,Moderate
Netherlands (Kingdom of the),NLD,EUR,2003,16366916,1500.0,9.2,94.0,0.57,6.0,16.366916,2000s,Low,Low,Moderate
Netherlands (Kingdom of the),NLD,EUR,2004,16425564,1500.0,9.2,91.0,0.55,6.0,16.425564,2000s,Low,Low,Moderate
Netherlands (Kingdom of the),NLD,EUR,2005,16465713,1300.0,7.9,85.0,0.52,7.0,16.465713,2000s,Low,Low,Moderate
Netherlands (Kingdom of the),NLD,EUR,2006,16493851,1200.0,7.0,89.0,0.54,8.0,16.493851,2000s,Low,Low,Moderate
Netherlands (Kingdom of the),NLD,EUR,2007,16531357,1100.0,6.5,64.0,0.39,6.0,16.531357,2000s,Low,Low,Moderate
Netherlands (Kingdom of the),NLD,EUR,2008,16597255,1100.0,6.7,61.0,0.37,6.0,16.597255,2000s,Low,Low,Moderate
Netherlands (Kingdom of the),NLD,EUR,2009,16684148,1300.0,7.8,74.0,0.44,6.0,16.684148,2000s,Low,Low,Moderate
Netherlands (Kingdom of the),NLD,EUR,2010,16771245,1200.0,7.0,64.0,0.38,6.0,16.771245,2010s,Low,Low,Moderate
Netherlands (Kingdom of the),NLD,EUR,2011,16851067,1100.0,6.6,45.0,0.27,4.0,16.851067,2010s,Low,Low,Low
Netherlands (Kingdom of the),NLD,EUR,2012,16915196,1100.0,6.3,42.0,0.25,4.0,16.915196,2010s,Low,Low,Low
Netherlands (Kingdom of the),NLD,EUR,2013,16967065,960.0,5.6,45.0,0.27,5.0,16.967065,2010s,Low,Low,Low
Netherlands (Kingdom of the),NLD,EUR,2014,17030091,940.0,5.5,41.0,0.24,4.0,17.030091,2010s,Low,Low,Low
Netherlands (Kingdom of the),NLD,EUR,2015,17107442,980.0,5.7,43.0,0.25,4.0,17.107442,2010s,Low,Low,Low
Netherlands (Kingdom of the),NLD,EUR,2016,17204696,1000.0,5.9,36.0,0.21,4.0,17.204696,2010s,Low,Low,Low
Netherlands (Kingdom of the),NLD,EUR,2017,17315363,890.0,5.2,31.0,0.18,4.0,17.315363,2010s,Low,Low,Low
Netherlands (Kingdom of the),NLD,EUR,2018,17421276,910.0,5.2,34.0,0.2,4.0,17.421276,2010s,Low,Low,Low
Netherlands (Kingdom of the),NLD,EUR,2019,17537508,860.0,4.9,25.0,0.14,3.0,17.537508,2010s,Low,Low,Low
Netherlands (Kingdom of the),NLD,EUR,2020,17636733,710.0,4.0,37.0,0.21,5.0,17.636733,2020s,Low,Low,Low
Netherlands (Kingdom of the),NLD,EUR,2021,17730563,770.0,4.4,25.0,0.14,3.0,17.730563,2020s,Low,Low,Low
Netherlands (Kingdom of the),NLD,EUR,2022,17904423,720.0,4.0,24.0,0.13,3.0,17.904423,2020s,Low,Low,Low
Netherlands (Kingdom of the),NLD,EUR,2023,18092527,820.0,4.5,26.0,0.14,3.0,18.092527,2020s,Low,Low,Low
Netherlands (Kingdom of the),NLD,EUR,2024,18228738,860.0,4.7,26.0,0.14,3.0,18.228738,2020s,Low,Low,Low
Netherlands Antilles,ANT,AMR,2000,190535,5.0,2.6,1.0,0.26,,0.190535,2000s,Low,Low,
Netherlands Antilles,ANT,AMR,2001,189980,9.0,4.7,1.0,0.48,,0.18998,2000s,Low,Low,
Netherlands Antilles,ANT,AMR,2002,191857,15.0,7.8,2.0,0.81,,0.191857,2000s,Low,Low,
Netherlands Antilles,ANT,AMR,2003,194885,9.0,4.6,1.0,0.48,,0.194885,2000s,Low,Low,
Netherlands Antilles,ANT,AMR,2004,197791,11.0,5.6,1.0,0.59,,0.197791,2000s,Low,Low,
Netherlands Antilles,ANT,AMR,2005,200348,8.0,4.0,1.0,0.43,,0.200348,2000s,Low,Low,
Netherlands Antilles,ANT,AMR,2006,202620,5.0,2.5,1.0,0.26,,0.20262,2000s,Low,Low,
Netherlands Antilles,ANT,AMR,2007,204854,5.0,2.7,1.0,0.29,,0.204854,2000s,Low,Low,
Netherlands Antilles,ANT,AMR,2008,207021,5.0,2.4,1.0,0.27,,0.207021,2000s,Low,Low,
Netherlands Antilles,ANT,AMR,2009,209131,5.0,2.2,1.0,0.25,,0.209131,2000s,Low,Low,
New Caledonia,NCL,WPR,2000,223088,230.0,101.0,60.0,27.0,27.0,0.223088,2000s,Medium,Moderate,High
New Caledonia,NCL,WPR,2001,227703,140.0,63.0,37.0,16.0,26.0,0.227703,2000s,Low,Low,High
New Caledonia,NCL,WPR,2002,232228,150.0,64.0,38.0,16.0,26.0,0.232228,2000s,Low,Low,High
New Caledonia,NCL,WPR,2003,236676,85.0,36.0,21.0,9.0,25.0,0.236676,2000s,Low,Low,High
New Caledonia,NCL,WPR,2004,240858,130.0,55.0,33.0,14.0,25.0,0.240858,2000s,Low,Low,High
New Caledonia,NCL,WPR,2005,244389,100.0,41.0,24.0,10.0,25.0,0.244389,2000s,Low,Low,High
New Caledonia,NCL,WPR,2006,247542,100.0,41.0,24.0,9.7,24.0,0.247542,2000s,Low,Low,High
New Caledonia,NCL,WPR,2007,250726,93.0,37.0,21.0,8.4,23.0,0.250726,2000s,Low,Low,High
New Caledonia,NCL,WPR,2008,253827,95.0,37.0,21.0,8.2,22.0,0.253827,2000s,Low,Low,High
New Caledonia,NCL,WPR,2009,257247,99.0,38.0,21.0,8.1,21.0,0.257247,2000s,Low,Low,High
New Caledonia,NCL,WPR,2010,261581,86.0,33.0,18.0,6.7,21.0,0.261581,2010s,Low,Low,High
New Caledonia,NCL,WPR,2011,266556,90.0,34.0,18.0,6.7,20.0,0.266556,2010s,Low,Low,High
New Caledonia,NCL,WPR,2012,271623,65.0,24.0,13.0,4.6,20.0,0.271623,2010s,Low,Low,High
New Caledonia,NCL,WPR,2013,276821,72.0,26.0,14.0,4.9,19.0,0.276821,2010s,Low,Low,High
New Caledonia,NCL,WPR,2014,281229,48.0,17.0,9.0,3.1,19.0,0.281229,2010s,Low,Low,High
New Caledonia,NCL,WPR,2015,283168,90.0,32.0,16.0,5.8,18.0,0.283168,2010s,Low,Low,High
New Caledonia,NCL,WPR,2016,283427,60.0,21.0,11.0,3.8,18.0,0.283427,2010s,Low,Low,High
New Caledonia,NCL,WPR,2017,283547,53.0,19.0,9.0,3.3,18.0,0.283547,2010s,Low,Low,High
New Caledonia,NCL,WPR,2018,283546,58.0,20.0,10.0,3.5,17.0,0.283546,2010s,Low,Low,High
New Caledonia,NCL,WPR,2019,283603,36.0,13.0,6.0,2.2,17.0,0.283603,2010s,Low,Low,High
New Caledonia,NCL,WPR,2020,284176,65.0,23.0,11.0,3.9,17.0,0.284176,2020s,Low,Low,High
New Caledonia,NCL,WPR,2021,285212,38.0,13.0,7.0,2.3,17.0,0.285212,2020s,Low,Low,High
New Caledonia,NCL,WPR,2022,287111,48.0,17.0,8.0,2.9,17.0,0.287111,2020s,Low,Low,High
New Caledonia,NCL,WPR,2023,289868,49.0,17.0,8.0,2.9,17.0,0.289868,2020s,Low,Low,High
New Caledonia,NCL,WPR,2024,292634,52.0,18.0,9.0,3.0,17.0,0.292634,2020s,Low,Low,High
New Zealand,NZL,WPR,2000,3857578,470.0,12.0,30.0,0.78,7.0,3.857578,2000s,Low,Low,Moderate
New Zealand,NZL,WPR,2001,3891767,510.0,13.0,16.0,0.41,3.0,3.891767,2000s,Low,Low,Low
New Zealand,NZL,WPR,2002,3951113,440.0,11.0,20.0,0.5,5.0,3.951113,2000s,Low,Low,Low
New Zealand,NZL,WPR,2003,4022588,560.0,14.0,31.0,0.78,6.0,4.022588,2000s,Low,Low,Moderate
New Zealand,NZL,WPR,2004,4083915,480.0,12.0,33.0,0.81,7.0,4.083915,2000s,Low,Low,Moderate
New Zealand,NZL,WPR,2005,4135012,420.0,10.0,23.0,0.57,6.0,4.135012,2000s,Low,Low,Moderate
New Zealand,NZL,WPR,2006,4181945,440.0,10.0,24.0,0.58,6.0,4.181945,2000s,Low,Low,Moderate
New Zealand,NZL,WPR,2007,4223262,350.0,8.2,17.0,0.41,5.0,4.223262,2000s,Low,Low,Low
New Zealand,NZL,WPR,2008,4261826,370.0,8.6,17.0,0.4,5.0,4.261826,2000s,Low,Low,Low
New Zealand,NZL,WPR,2009,4304301,370.0,8.6,17.0,0.4,5.0,4.304301,2000s,Low,Low,Low
New Zealand,NZL,WPR,2010,4347771,370.0,8.6,18.0,0.42,5.0,4.347771,2010s,Low,Low,Low
New Zealand,NZL,WPR,2011,4382693,370.0,8.5,16.0,0.37,4.0,4.382693,2010s,Low,Low,Low
New Zealand,NZL,WPR,2012,4411665,360.0,8.1,11.0,0.25,3.0,4.411665,2010s,Low,Low,Low
New Zealand,NZL,WPR,2013,4453849,330.0,7.4,12.0,0.27,4.0,4.453849,2010s,Low,Low,Low
New Zealand,NZL,WPR,2014,4522986,360.0,7.9,14.0,0.3,4.0,4.522986,2010s,Low,Low,Low
New Zealand,NZL,WPR,2015,4614023,350.0,7.5,21.0,0.46,6.0,4.614023,2010s,Low,Low,Moderate
New Zealand,NZL,WPR,2016,4714771,350.0,7.4,13.0,0.27,4.0,4.714771,2010s,Low,Low,Low
New Zealand,NZL,WPR,2017,4812749,350.0,7.3,11.0,0.24,3.0,4.812749,2010s,Low,Low,Low
New Zealand,NZL,WPR,2018,4900844,350.0,7.2,11.0,0.23,3.0,4.900844,2010s,Low,Low,Low
New Zealand,NZL,WPR,2019,4989406,370.0,7.4,14.0,0.27,4.0,4.989406,2010s,Low,Low,Low
New Zealand,NZL,WPR,2020,5069891,370.0,7.3,14.0,0.27,4.0,5.069891,2020s,Low,Low,Low
New Zealand,NZL,WPR,2021,5107697,350.0,7.0,14.0,0.28,4.0,5.107697,2020s,Low,Low,Low
New Zealand,NZL,WPR,2022,5131733,310.0,6.1,14.0,0.27,4.0,5.131733,2020s,Low,Low,Low
New Zealand,NZL,WPR,2023,5172833,350.0,6.7,14.0,0.27,4.0,5.172833,2020s,Low,Low,Low
New Zealand,NZL,WPR,2024,5213941,410.0,7.9,14.0,0.28,4.0,5.213941,2020s,Low,Low,Low
Nicaragua,NIC,AMR,2000,5022636,6300.0,125.0,370.0,7.4,6.0,5.022636,2000s,Medium,Low,Moderate
Nicaragua,NIC,AMR,2001,5087828,6100.0,120.0,350.0,6.8,6.0,5.087828,2000s,Medium,Low,Moderate
Nicaragua,NIC,AMR,2002,5149913,5000.0,98.0,280.0,5.4,6.0,5.149913,2000s,Low,Low,Moderate
Nicaragua,NIC,AMR,2003,5210962,5300.0,102.0,320.0,6.2,6.0,5.210962,2000s,Medium,Low,Moderate
Nicaragua,NIC,AMR,2004,5272913,5000.0,94.0,290.0,5.5,6.0,5.272913,2000s,Low,Low,Moderate
Nicaragua,NIC,AMR,2005,5342109,4100.0,77.0,290.0,5.4,7.0,5.342109,2000s,Low,Low,Moderate
Nicaragua,NIC,AMR,2006,5418852,4100.0,75.0,240.0,4.5,6.0,5.418852,2000s,Low,Low,Moderate
Nicaragua,NIC,AMR,2007,5497249,4400.0,80.0,240.0,4.3,5.0,5.497249,2000s,Low,Low,Low
Nicaragua,NIC,AMR,2008,5576598,4200.0,76.0,200.0,3.6,5.0,5.576598,2000s,Low,Low,Low
Nicaragua,NIC,AMR,2009,5656595,3900.0,69.0,200.0,3.5,5.0,5.656595,2000s,Low,Low,Low
Nicaragua,NIC,AMR,2010,5737455,4000.0,70.0,240.0,4.2,6.0,5.737455,2010s,Low,Low,Moderate
Nicaragua,NIC,AMR,2011,5819048,4300.0,74.0,210.0,3.6,5.0,5.819048,2010s,Low,Low,Low
Nicaragua,NIC,AMR,2012,5901289,4400.0,74.0,200.0,3.3,5.0,5.901289,2010s,Low,Low,Low
Nicaragua,NIC,AMR,2013,5983848,4200.0,70.0,170.0,2.8,4.0,5.983848,2010s,Low,Low,Low
Nicaragua,NIC,AMR,2014,6066494,3900.0,65.0,150.0,2.4,4.0,6.066494,2010s,Low,Low,Low
Nicaragua,NIC,AMR,2015,6149420,3600.0,59.0,180.0,2.9,5.0,6.14942,2010s,Low,Low,Low
Nicaragua,NIC,AMR,2016,6232668,3400.0,54.0,170.0,2.7,5.0,6.232668,2010s,Low,Low,Low
Nicaragua,NIC,AMR,2017,6316235,3200.0,51.0,160.0,2.6,5.0,6.316235,2010s,Low,Low,Low
Nicaragua,NIC,AMR,2018,6400093,3000.0,46.0,140.0,2.3,5.0,6.400093,2010s,Low,Low,Low
Nicaragua,NIC,AMR,2019,6483664,3100.0,49.0,140.0,2.2,4.0,6.483664,2010s,Low,Low,Low
Nicaragua,NIC,AMR,2020,6565269,3100.0,47.0,150.0,2.3,5.0,6.565269,2020s,Low,Low,Low
Nicaragua,NIC,AMR,2021,6644745,3100.0,46.0,140.0,2.1,4.0,6.644745,2020s,Low,Low,Low
Nicaragua,NIC,AMR,2022,6730650,3100.0,45.0,170.0,2.5,6.0,6.73065,2020s,Low,Low,Moderate
Nicaragua,NIC,AMR,2023,6823619,3000.0,44.0,190.0,2.7,6.0,6.823619,2020s,Low,Low,Moderate
Nicaragua,NIC,AMR,2024,6916136,3000.0,43.0,190.0,2.7,6.0,6.916136,2020s,Low,Low,Moderate
Niger,NER,AFR,2000,11509627,9500.0,83.0,2500.0,22.0,28.0,11.509627,2000s,Low,Moderate,High
Niger,NER,AFR,2001,11920645,11000.0,94.0,3000.0,26.0,28.0,11.920645,2000s,Low,Moderate,High
Niger,NER,AFR,2002,12349144,13000.0,103.0,3700.0,30.0,30.0,12.349144,2000s,Medium,Moderate,High
Niger,NER,AFR,2003,12796978,14000.0,112.0,3600.0,28.0,26.0,12.796978,2000s,Medium,Moderate,High
Niger,NER,AFR,2004,13265832,16000.0,118.0,4300.0,32.0,28.0,13.265832,2000s,Medium,Moderate,High
Niger,NER,AFR,2005,13756196,17000.0,123.0,4400.0,32.0,27.0,13.756196,2000s,Medium,Moderate,High
Niger,NER,AFR,2006,14268586,18000.0,127.0,4700.0,33.0,26.0,14.268586,2000s,Medium,Moderate,High
Niger,NER,AFR,2007,14803609,19000.0,129.0,4800.0,33.0,26.0,14.803609,2000s,Medium,Moderate,High
Niger,NER,AFR,2008,15361908,20000.0,130.0,5400.0,35.0,27.0,15.361908,2000s,Medium,Moderate,High
Niger,NER,AFR,2009,15943670,21000.0,129.0,5300.0,33.0,26.0,15.94367,2000s,Medium,Moderate,High
Niger,NER,AFR,2010,16548826,21000.0,126.0,5400.0,33.0,26.0,16.548826,2010s,Medium,Moderate,High
Niger,NER,AFR,2011,17176278,21000.0,122.0,5100.0,29.0,25.0,17.176278,2010s,Medium,Moderate,High
Niger,NER,AFR,2012,17836776,21000.0,117.0,4800.0,27.0,24.0,17.836776,2010s,Medium,Moderate,High
Niger,NER,AFR,2013,18519902,21000.0,111.0,4600.0,25.0,23.0,18.519902,2010s,Medium,Moderate,High
Niger,NER,AFR,2014,19215911,20000.0,104.0,4600.0,24.0,23.0,19.215911,2010s,Medium,Moderate,High
Niger,NER,AFR,2015,19939497,20000.0,98.0,4500.0,22.0,24.0,19.939497,2010s,Low,Moderate,High
Niger,NER,AFR,2016,20685756,19000.0,93.0,4500.0,22.0,24.0,20.685756,2010s,Low,Moderate,High
Niger,NER,AFR,2017,21435440,19000.0,88.0,4100.0,19.0,22.0,21.43544,2010s,Low,Low,High
Niger,NER,AFR,2018,22188074,19000.0,84.0,3900.0,18.0,22.0,22.188074,2010s,Low,Low,High
Niger,NER,AFR,2019,22947752,19000.0,82.0,3600.0,16.0,20.0,22.947752,2010s,Low,Low,High
Niger,NER,AFR,2020,23717612,19000.0,81.0,3800.0,16.0,21.0,23.717612,2020s,Low,Low,High
Niger,NER,AFR,2021,24502141,20000.0,80.0,3500.0,14.0,19.0,24.502141,2020s,Low,Low,High
Niger,NER,AFR,2022,25311974,21000.0,81.0,3300.0,13.0,17.0,25.311974,2020s,Low,Low,High
Niger,NER,AFR,2023,26159867,22000.0,83.0,3300.0,12.0,16.0,26.159867,2020s,Low,Low,High
Niger,NER,AFR,2024,27032412,23000.0,86.0,3500.0,13.0,16.0,27.032412,2020s,Low,Low,High
Nigeria,NGA,AFR,2000,126382499,277000.0,219.0,140000.0,110.0,52.0,126.382499,2000s,High,High,High
Nigeria,NGA,AFR,2001,129862591,284000.0,219.0,129000.0,99.0,47.0,129.862591,2000s,High,High,High
Nigeria,NGA,AFR,2002,133471995,292000.0,219.0,133000.0,100.0,47.0,133.471995,2000s,High,High,High
Nigeria,NGA,AFR,2003,137202652,301000.0,219.0,132000.0,96.0,46.0,137.202652,2000s,High,High,High
Nigeria,NGA,AFR,2004,141057055,309000.0,219.0,128000.0,91.0,43.0,141.057055,2000s,High,High,High
Nigeria,NGA,AFR,2005,145017254,318000.0,219.0,129000.0,89.0,42.0,145.017254,2000s,High,High,High
Nigeria,NGA,AFR,2006,149077326,327000.0,219.0,131000.0,88.0,42.0,149.077326,2000s,High,High,High
Nigeria,NGA,AFR,2007,153267261,336000.0,219.0,130000.0,85.0,40.0,153.267261,2000s,High,High,High
Nigeria,NGA,AFR,2008,157595016,345000.0,219.0,139000.0,88.0,42.0,157.595016,2000s,High,High,High
Nigeria,NGA,AFR,2009,162049467,355000.0,219.0,141000.0,87.0,41.0,162.049467,2000s,High,High,High
Nigeria,NGA,AFR,2010,166642878,365000.0,219.0,148000.0,89.0,42.0,166.642878,2010s,High,High,High
Nigeria,NGA,AFR,2011,171379591,375000.0,219.0,153000.0,89.0,42.0,171.379591,2010s,High,High,High
Nigeria,NGA,AFR,2012,176200623,386000.0,219.0,153000.0,87.0,41.0,176.200623,2010s,High,High,High
Nigeria,NGA,AFR,2013,181049450,397000.0,219.0,155000.0,86.0,41.0,181.04945,2010s,High,High,High
Nigeria,NGA,AFR,2014,185896909,407000.0,219.0,161000.0,87.0,41.0,185.896909,2010s,High,High,High
Nigeria,NGA,AFR,2015,190671881,418000.0,219.0,164000.0,86.0,41.0,190.671881,2010s,High,High,High
Nigeria,NGA,AFR,2016,195443699,428000.0,219.0,162000.0,83.0,39.0,195.443699,2010s,High,High,High
Nigeria,NGA,AFR,2017,200254578,439000.0,219.0,163000.0,81.0,39.0,200.254578,2010s,High,High,High
Nigeria,NGA,AFR,2018,204938754,449000.0,219.0,165000.0,81.0,38.0,204.938754,2010s,High,High,High
Nigeria,NGA,AFR,2019,209485642,459000.0,219.0,162000.0,77.0,37.0,209.485642,2010s,High,High,High
Nigeria,NGA,AFR,2020,213996186,469000.0,219.0,157000.0,73.0,35.0,213.996186,2020s,High,High,High
Nigeria,NGA,AFR,2021,218529294,479000.0,219.0,130000.0,60.0,28.0,218.529294,2020s,High,High,High
Nigeria,NGA,AFR,2022,223150906,489000.0,219.0,102000.0,46.0,22.0,223.150906,2020s,High,Moderate,High
Nigeria,NGA,AFR,2023,227882944,499000.0,219.0,71000.0,31.0,15.0,227.882944,2020s,High,Moderate,High
Nigeria,NGA,AFR,2024,232679479,510000.0,219.0,61000.0,26.0,12.0,232.679479,2020s,High,Moderate,High
Niue,NIU,WPR,2000,2049,0.0,0.0,0.0,0.0,,0.002049,2000s,,,
Niue,NIU,WPR,2001,1989,0.0,0.0,0.0,0.0,,0.001989,2000s,,,
Niue,NIU,WPR,2002,1934,4.0,207.0,0.0,6.3,,0.001934,2000s,High,Low,
Niue,NIU,WPR,2003,1907,0.0,0.0,0.0,0.0,,0.001907,2000s,,,
Niue,NIU,WPR,2004,1863,0.0,0.0,0.0,0.0,,0.001863,2000s,,,
Niue,NIU,WPR,2005,1824,0.0,0.0,0.0,0.0,,0.001824,2000s,,,
Niue,NIU,WPR,2006,1801,0.0,0.0,0.0,0.0,,0.001801,2000s,,,
Niue,NIU,WPR,2007,1788,0.0,0.0,0.0,0.0,,0.001788,2000s,,,
Niue,NIU,WPR,2008,1778,0.0,0.0,0.0,0.0,,0.001778,2000s,,,
Niue,NIU,WPR,2009,1780,0.0,0.0,0.0,0.0,,0.00178,2000s,,,
Niue,NIU,WPR,2010,1765,0.0,0.0,0.0,0.0,,0.001765,2010s,,,
Niue,NIU,WPR,2011,1753,1.0,57.0,0.0,1.7,,0.001753,2010s,Low,Low,
Niue,NIU,WPR,2012,1761,0.0,0.0,0.0,0.0,,0.001761,2010s,,,
Niue,NIU,WPR,2013,1759,0.0,0.0,0.0,0.0,,0.001759,2010s,,,
Niue,NIU,WPR,2014,1770,0.0,0.0,0.0,0.0,,0.00177,2010s,,,
Niue,NIU,WPR,2015,1769,0.0,0.0,0.0,0.0,,0.001769,2010s,,,
Niue,NIU,WPR,2016,1781,0.0,20.0,0.0,0.61,,0.001781,2010s,Low,Low,
Niue,NIU,WPR,2017,1782,0.0,0.0,0.0,0.0,,0.001782,2010s,,,
Niue,NIU,WPR,2018,1789,2.0,112.0,0.0,4.0,,0.001789,2010s,Medium,Low,
Niue,NIU,WPR,2019,1787,0.0,0.0,0.0,0.0,,0.001787,2010s,,,
Niue,NIU,WPR,2020,1796,1.0,56.0,0.0,1.7,,0.001796,2020s,Low,Low,
Niue,NIU,WPR,2021,1815,0.0,0.0,0.0,0.0,,0.001815,2020s,,,
Niue,NIU,WPR,2022,1823,0.0,0.0,0.0,0.0,,0.001823,2020s,,,
Niue,NIU,WPR,2023,1816,0.0,0.0,0.0,0.0,,0.001816,2020s,,,
Niue,NIU,WPR,2024,1818,1.0,55.0,0.0,1.7,,0.001818,2020s,Low,Low,
North Macedonia,MKD,EUR,2000,2057256,1200.0,59.0,100.0,5.0,9.0,2.057256,2000s,Low,Low,Moderate
North Macedonia,MKD,EUR,2001,2066297,1200.0,59.0,95.0,4.6,8.0,2.066297,2000s,Low,Low,Moderate
North Macedonia,MKD,EUR,2002,2074484,1300.0,62.0,80.0,3.8,6.0,2.074484,2000s,Low,Low,Moderate
North Macedonia,MKD,EUR,2003,2081408,1300.0,63.0,86.0,4.2,7.0,2.081408,2000s,Low,Low,Moderate
North Macedonia,MKD,EUR,2004,2086576,1200.0,58.0,62.0,3.0,5.0,2.086576,2000s,Low,Low,Low
North Macedonia,MKD,EUR,2005,2089809,1100.0,54.0,69.0,3.3,6.0,2.089809,2000s,Low,Low,Moderate
North Macedonia,MKD,EUR,2006,2089229,1000.0,49.0,65.0,3.1,6.0,2.089229,2000s,Low,Low,Moderate
North Macedonia,MKD,EUR,2007,2081973,930.0,45.0,60.0,2.9,7.0,2.081973,2000s,Low,Low,Moderate
North Macedonia,MKD,EUR,2008,2070842,770.0,37.0,49.0,2.4,6.0,2.070842,2000s,Low,Low,Moderate
North Macedonia,MKD,EUR,2009,2060607,750.0,37.0,20.0,0.96,3.0,2.060607,2000s,Low,Low,Low
North Macedonia,MKD,EUR,2010,2051503,630.0,30.0,35.0,1.7,6.0,2.051503,2010s,Low,Low,Moderate
North Macedonia,MKD,EUR,2011,2040449,530.0,26.0,27.0,1.3,5.0,2.040449,2010s,Low,Low,Low
North Macedonia,MKD,EUR,2012,2027289,530.0,26.0,24.0,1.2,4.0,2.027289,2010s,Low,Low,Low
North Macedonia,MKD,EUR,2013,2013273,470.0,23.0,20.0,1.0,4.0,2.013273,2010s,Low,Low,Low
North Macedonia,MKD,EUR,2014,1997843,410.0,20.0,24.0,1.2,6.0,1.997843,2010s,Low,Low,Moderate
North Macedonia,MKD,EUR,2015,1980369,390.0,20.0,18.0,0.93,5.0,1.980369,2010s,Low,Low,Low
North Macedonia,MKD,EUR,2016,1961260,360.0,18.0,27.0,1.4,7.0,1.96126,2010s,Low,Low,Moderate
North Macedonia,MKD,EUR,2017,1940877,290.0,15.0,11.0,0.56,4.0,1.940877,2010s,Low,Low,Low
North Macedonia,MKD,EUR,2018,1919728,300.0,15.0,23.0,1.2,8.0,1.919728,2010s,Low,Low,Moderate
North Macedonia,MKD,EUR,2019,1897639,270.0,14.0,9.0,0.46,3.0,1.897639,2010s,Low,Low,Low
North Macedonia,MKD,EUR,2020,1872021,190.0,10.0,20.0,1.1,10.0,1.872021,2020s,Low,Low,Moderate
North Macedonia,MKD,EUR,2021,1851108,190.0,10.0,12.0,0.67,7.0,1.851108,2020s,Low,Low,Moderate
North Macedonia,MKD,EUR,2022,1840235,190.0,10.0,11.0,0.59,6.0,1.840235,2020s,Low,Low,Moderate
North Macedonia,MKD,EUR,2023,1831803,210.0,11.0,12.0,0.68,6.0,1.831803,2020s,Low,Low,Moderate
North Macedonia,MKD,EUR,2024,1823010,210.0,11.0,12.0,0.68,6.0,1.82301,2020s,Low,Low,Moderate
Northern Mariana Islands,MNP,WPR,2000,68354,180.0,264.0,48.0,70.0,27.0,0.068354,2000s,High,High,High
Northern Mariana Islands,MNP,WPR,2001,67989,140.0,200.0,35.0,52.0,26.0,0.067989,2000s,Medium,High,High
Northern Mariana Islands,MNP,WPR,2002,66778,120.0,182.0,31.0,46.0,26.0,0.066778,2000s,Medium,Moderate,High
Northern Mariana Islands,MNP,WPR,2003,65421,100.0,154.0,25.0,39.0,25.0,0.065421,2000s,Medium,Moderate,High
Northern Mariana Islands,MNP,WPR,2004,63934,120.0,181.0,29.0,45.0,25.0,0.063934,2000s,Medium,Moderate,High
Northern Mariana Islands,MNP,WPR,2005,62351,120.0,195.0,30.0,47.0,25.0,0.062351,2000s,Medium,Moderate,High
Northern Mariana Islands,MNP,WPR,2006,60689,100.0,172.0,25.0,40.0,24.0,0.060689,2000s,Medium,Moderate,High
Northern Mariana Islands,MNP,WPR,2007,58950,87.0,147.0,20.0,33.0,23.0,0.05895,2000s,Medium,Moderate,High
Northern Mariana Islands,MNP,WPR,2008,57145,53.0,93.0,12.0,20.0,22.0,0.057145,2000s,Low,Low,High
Northern Mariana Islands,MNP,WPR,2009,55312,69.0,126.0,15.0,27.0,21.0,0.055312,2000s,Medium,Moderate,High
Northern Mariana Islands,MNP,WPR,2010,54097,56.0,104.0,11.0,21.0,21.0,0.054097,2010s,Medium,Moderate,High
Northern Mariana Islands,MNP,WPR,2011,53605,57.0,107.0,11.0,21.0,20.0,0.053605,2010s,Medium,Moderate,High
Northern Mariana Islands,MNP,WPR,2012,53236,54.0,102.0,11.0,21.0,20.0,0.053236,2010s,Medium,Moderate,High
Northern Mariana Islands,MNP,WPR,2013,52759,55.0,104.0,11.0,20.0,20.0,0.052759,2010s,Medium,Low,High
Northern Mariana Islands,MNP,WPR,2014,52178,43.0,82.0,8.0,15.0,19.0,0.052178,2010s,Low,Low,High
Northern Mariana Islands,MNP,WPR,2015,51510,45.0,88.0,8.0,16.0,18.0,0.05151,2010s,Low,Low,High
Northern Mariana Islands,MNP,WPR,2016,50772,44.0,87.0,8.0,16.0,18.0,0.050772,2010s,Low,Low,High
Northern Mariana Islands,MNP,WPR,2017,49958,64.0,128.0,11.0,22.0,18.0,0.049958,2010s,Medium,Moderate,High
Northern Mariana Islands,MNP,WPR,2018,49080,73.0,149.0,13.0,26.0,18.0,0.04908,2010s,Medium,Moderate,High
Northern Mariana Islands,MNP,WPR,2019,48132,79.0,164.0,14.0,28.0,17.0,0.048132,2010s,Medium,Moderate,High
Northern Mariana Islands,MNP,WPR,2020,47529,63.0,133.0,11.0,23.0,17.0,0.047529,2020s,Medium,Moderate,High
Northern Mariana Islands,MNP,WPR,2021,46977,54.0,115.0,9.0,20.0,18.0,0.046977,2020s,Medium,Low,High
Northern Mariana Islands,MNP,WPR,2022,46076,35.0,77.0,6.0,13.0,17.0,0.046076,2020s,Low,Low,High
Northern Mariana Islands,MNP,WPR,2023,45150,34.0,75.0,6.0,13.0,17.0,0.04515,2020s,Low,Low,High
Northern Mariana Islands,MNP,WPR,2024,44279,15.0,35.0,3.0,5.9,17.0,0.044279,2020s,Low,Low,High
Norway,NOR,EUR,2000,4490875,310.0,7.0,60.0,1.3,19.0,4.490875,2000s,Low,Low,High
Norway,NOR,EUR,2001,4513656,380.0,8.5,57.0,1.3,15.0,4.513656,2000s,Low,Low,High
Norway,NOR,EUR,2002,4538014,330.0,7.2,39.0,0.85,12.0,4.538014,2000s,Low,Low,High
Norway,NOR,EUR,2003,4564668,430.0,9.5,59.0,1.3,14.0,4.564668,2000s,Low,Low,High
Norway,NOR,EUR,2004,4591738,360.0,7.8,49.0,1.1,14.0,4.591738,2000s,Low,Low,High
Norway,NOR,EUR,2005,4623124,340.0,7.4,47.0,1.0,14.0,4.623124,2000s,Low,Low,High
Norway,NOR,EUR,2006,4660494,340.0,7.3,42.0,0.9,13.0,4.660494,2000s,Low,Low,High
Norway,NOR,EUR,2007,4709023,340.0,7.3,38.0,0.8,11.0,4.709023,2000s,Low,Low,High
Norway,NOR,EUR,2008,4768105,360.0,7.5,28.0,0.59,8.0,4.768105,2000s,Low,Low,Moderate
Norway,NOR,EUR,2009,4828626,390.0,8.1,30.0,0.63,8.0,4.828626,2000s,Low,Low,Moderate
Norway,NOR,EUR,2010,4889163,350.0,7.1,30.0,0.62,9.0,4.889163,2010s,Low,Low,Moderate
Norway,NOR,EUR,2011,4952966,380.0,7.6,31.0,0.64,9.0,4.952966,2010s,Low,Low,Moderate
Norway,NOR,EUR,2012,5018466,400.0,8.0,24.0,0.48,6.0,5.018466,2010s,Low,Low,Moderate
Norway,NOR,EUR,2013,5080131,420.0,8.3,22.0,0.44,5.0,5.080131,2010s,Low,Low,Low
Norway,NOR,EUR,2014,5137388,350.0,6.9,14.0,0.28,4.0,5.137388,2010s,Low,Low,Low
Norway,NOR,EUR,2015,5189757,330.0,6.4,13.0,0.25,4.0,5.189757,2010s,Low,Low,Low
Norway,NOR,EUR,2016,5235979,320.0,6.1,20.0,0.39,6.0,5.235979,2010s,Low,Low,Moderate
Norway,NOR,EUR,2017,5276813,270.0,5.2,15.0,0.28,5.0,5.276813,2010s,Low,Low,Low
Norway,NOR,EUR,2018,5311755,220.0,4.1,10.0,0.19,5.0,5.311755,2010s,Low,Low,Low
Norway,NOR,EUR,2019,5347735,180.0,3.3,16.0,0.31,9.0,5.347735,2010s,Low,Low,Moderate
Norway,NOR,EUR,2020,5379277,170.0,3.1,9.0,0.16,5.0,5.379277,2020s,Low,Low,Low
Norway,NOR,EUR,2021,5408099,160.0,3.0,12.0,0.22,7.0,5.408099,2020s,Low,Low,Moderate
Norway,NOR,EUR,2022,5456813,170.0,3.2,6.0,0.11,3.0,5.456813,2020s,Low,Low,Low
Norway,NOR,EUR,2023,5519169,160.0,2.8,5.0,0.08,3.0,5.519169,2020s,Low,Low,Low
Norway,NOR,EUR,2024,5576659,180.0,3.3,4.0,0.08,3.0,5.576659,2020s,Low,Low,Low
"occupied Palestinian territory, including east Jerusalem",PSE,EMR,2000,3151792,180.0,5.6,43.0,1.4,25.0,3.151792,2000s,Low,Low,High
"occupied Palestinian territory, including east Jerusalem",PSE,EMR,2001,3242278,140.0,4.3,33.0,1.0,24.0,3.242278,2000s,Low,Low,High
"occupied Palestinian territory, including east Jerusalem",PSE,EMR,2002,3322361,110.0,3.2,25.0,0.74,24.0,3.322361,2000s,Low,Low,High
"occupied Palestinian territory, including east Jerusalem",PSE,EMR,2003,3398068,71.0,2.1,16.0,0.48,23.0,3.398068,2000s,Low,Low,High
"occupied Palestinian territory, including east Jerusalem",PSE,EMR,2004,3475172,44.0,1.3,10.0,0.28,22.0,3.475172,2000s,Low,Low,High
"occupied Palestinian territory, including east Jerusalem",PSE,EMR,2005,3557405,53.0,1.5,11.0,0.32,22.0,3.557405,2000s,Low,Low,High
"occupied Palestinian territory, including east Jerusalem",PSE,EMR,2006,3645101,77.0,2.1,16.0,0.45,21.0,3.645101,2000s,Low,Low,High
"occupied Palestinian territory, including east Jerusalem",PSE,EMR,2007,3736687,59.0,1.6,12.0,0.33,21.0,3.736687,2000s,Low,Low,High
"occupied Palestinian territory, including east Jerusalem",PSE,EMR,2008,3829040,71.0,1.8,14.0,0.37,21.0,3.82904,2000s,Low,Low,High
"occupied Palestinian territory, including east Jerusalem",PSE,EMR,2009,3921243,60.0,1.5,12.0,0.31,20.0,3.921243,2000s,Low,Low,High
"occupied Palestinian territory, including east Jerusalem",PSE,EMR,2010,4016918,53.0,1.3,10.0,0.25,20.0,4.016918,2010s,Low,Low,High
"occupied Palestinian territory, including east Jerusalem",PSE,EMR,2011,4115907,53.0,1.3,10.0,0.25,19.0,4.115907,2010s,Low,Low,High
"occupied Palestinian territory, including east Jerusalem",PSE,EMR,2012,4215311,52.0,1.2,10.0,0.23,19.0,4.215311,2010s,Low,Low,High
"occupied Palestinian territory, including east Jerusalem",PSE,EMR,2013,4315266,60.0,1.4,11.0,0.25,18.0,4.315266,2010s,Low,Low,High
"occupied Palestinian territory, including east Jerusalem",PSE,EMR,2014,4415878,68.0,1.5,12.0,0.27,18.0,4.415878,2010s,Low,Low,High
"occupied Palestinian territory, including east Jerusalem",PSE,EMR,2015,4521563,63.0,1.4,11.0,0.24,17.0,4.521563,2010s,Low,Low,High
"occupied Palestinian territory, including east Jerusalem",PSE,EMR,2016,4632738,55.0,1.2,9.0,0.2,17.0,4.632738,2010s,Low,Low,High
"occupied Palestinian territory, including east Jerusalem",PSE,EMR,2017,4742739,43.0,0.91,7.0,0.15,16.0,4.742739,2010s,Low,Low,High
"occupied Palestinian territory, including east Jerusalem",PSE,EMR,2018,4850589,44.0,0.91,7.0,0.15,16.0,4.850589,2010s,Low,Low,High
"occupied Palestinian territory, including east Jerusalem",PSE,EMR,2019,4957764,31.0,0.62,5.0,0.1,16.0,4.957764,2010s,Low,Low,High
"occupied Palestinian territory, including east Jerusalem",PSE,EMR,2020,5069701,38.0,0.74,6.0,0.11,16.0,5.069701,2020s,Low,Low,High
"occupied Palestinian territory, including east Jerusalem",PSE,EMR,2021,5185330,36.0,0.69,5.0,0.1,15.0,5.18533,2020s,Low,Low,High
"occupied Palestinian territory, including east Jerusalem",PSE,EMR,2022,5305257,30.0,0.57,5.0,0.09,15.0,5.305257,2020s,Low,Low,High
"occupied Palestinian territory, including east Jerusalem",PSE,EMR,2023,5409200,22.0,0.4,3.0,0.06,15.0,5.4092,2020s,Low,Low,High
"occupied Palestinian territory, including east Jerusalem",PSE,EMR,2024,5495436,16.0,0.29,2.0,0.04,15.0,5.495436,2020s,Low,Low,High
Oman,OMN,EMR,2000,2282136,570.0,25.0,34.0,1.5,6.0,2.282136,2000s,Low,Low,Moderate
Oman,OMN,EMR,2001,2310215,520.0,22.0,31.0,1.3,6.0,2.310215,2000s,Low,Low,Moderate
Oman,OMN,EMR,2002,2337146,510.0,22.0,29.0,1.2,6.0,2.337146,2000s,Low,Low,Moderate
Oman,OMN,EMR,2003,2363804,450.0,19.0,29.0,1.2,7.0,2.363804,2000s,Low,Low,Moderate
Oman,OMN,EMR,2004,2404816,510.0,21.0,23.0,0.97,5.0,2.404816,2000s,Low,Low,Low
Oman,OMN,EMR,2005,2459803,450.0,18.0,23.0,0.92,5.0,2.459803,2000s,Low,Low,Low
Oman,OMN,EMR,2006,2514806,570.0,23.0,22.0,0.88,4.0,2.514806,2000s,Low,Low,Low
Oman,OMN,EMR,2007,2570179,540.0,21.0,24.0,0.94,4.0,2.570179,2000s,Low,Low,Low
Oman,OMN,EMR,2008,2626532,560.0,21.0,20.0,0.77,4.0,2.626532,2000s,Low,Low,Low
Oman,OMN,EMR,2009,2684651,520.0,20.0,17.0,0.64,3.0,2.684651,2000s,Low,Low,Low
Oman,OMN,EMR,2010,2757451,480.0,17.0,17.0,0.63,4.0,2.757451,2010s,Low,Low,Low
Oman,OMN,EMR,2011,3076765,520.0,17.0,20.0,0.65,4.0,3.076765,2010s,Low,Low,Low
Oman,OMN,EMR,2012,3547099,580.0,16.0,24.0,0.69,4.0,3.547099,2010s,Low,Low,Low
Oman,OMN,EMR,2013,3833909,500.0,13.0,20.0,0.52,4.0,3.833909,2010s,Low,Low,Low
Oman,OMN,EMR,2014,4002438,540.0,13.0,19.0,0.47,4.0,4.002438,2010s,Low,Low,Low
Oman,OMN,EMR,2015,4184893,490.0,12.0,19.0,0.46,4.0,4.184893,2010s,Low,Low,Low
Oman,OMN,EMR,2016,4390879,510.0,12.0,23.0,0.53,5.0,4.390879,2010s,Low,Low,Low
Oman,OMN,EMR,2017,4537390,390.0,8.7,19.0,0.42,5.0,4.53739,2010s,Low,Low,Low
Oman,OMN,EMR,2018,4597875,360.0,7.7,20.0,0.43,6.0,4.597875,2010s,Low,Low,Moderate
Oman,OMN,EMR,2019,4591251,530.0,11.0,21.0,0.46,4.0,4.591251,2010s,Low,Low,Low
Oman,OMN,EMR,2020,4522491,450.0,9.9,20.0,0.44,4.0,4.522491,2020s,Low,Low,Low
Oman,OMN,EMR,2021,4500426,330.0,7.4,18.0,0.4,5.0,4.500426,2020s,Low,Low,Low
Oman,OMN,EMR,2022,4730228,530.0,11.0,20.0,0.42,4.0,4.730228,2020s,Low,Low,Low
Oman,OMN,EMR,2023,5049264,700.0,14.0,21.0,0.42,3.0,5.049264,2020s,Low,Low,Low
Oman,OMN,EMR,2024,5281542,600.0,11.0,21.0,0.39,4.0,5.281542,2020s,Low,Low,Low
Pakistan,PAK,EMR,2000,154879125,427000.0,275.0,58000.0,38.0,14.0,154.879125,2000s,High,Moderate,High
Pakistan,PAK,EMR,2001,159270907,439000.0,275.0,58000.0,36.0,14.0,159.270907,2000s,High,Moderate,High
Pakistan,PAK,EMR,2002,163222547,450000.0,275.0,58000.0,36.0,13.0,163.222547,2000s,High,Moderate,High
Pakistan,PAK,EMR,2003,167110244,460000.0,276.0,58000.0,35.0,13.0,167.110244,2000s,High,Moderate,High
Pakistan,PAK,EMR,2004,171286004,472000.0,276.0,58000.0,34.0,13.0,171.286004,2000s,High,Moderate,High
Pakistan,PAK,EMR,2005,175453215,484000.0,276.0,57000.0,32.0,12.0,175.453215,2000s,High,Moderate,High
Pakistan,PAK,EMR,2006,179682693,495000.0,276.0,56000.0,31.0,12.0,179.682693,2000s,High,Moderate,High
Pakistan,PAK,EMR,2007,184493228,508000.0,276.0,56000.0,30.0,11.0,184.493228,2000s,High,Moderate,High
Pakistan,PAK,EMR,2008,189499115,522000.0,276.0,56000.0,30.0,11.0,189.499115,2000s,High,Moderate,High
Pakistan,PAK,EMR,2009,194376530,536000.0,276.0,56000.0,29.0,11.0,194.37653,2000s,High,Moderate,High
Pakistan,PAK,EMR,2010,199239045,549000.0,276.0,53000.0,27.0,10.0,199.239045,2010s,High,Moderate,Moderate
Pakistan,PAK,EMR,2011,203746063,562000.0,276.0,55000.0,27.0,10.0,203.746063,2010s,High,Moderate,Moderate
Pakistan,PAK,EMR,2012,207667121,572000.0,276.0,55000.0,27.0,10.0,207.667121,2010s,High,Moderate,Moderate
Pakistan,PAK,EMR,2013,211073973,581000.0,275.0,55000.0,26.0,10.0,211.073973,2010s,High,Moderate,Moderate
Pakistan,PAK,EMR,2014,214264643,579000.0,270.0,54000.0,25.0,10.0,214.264643,2010s,High,Moderate,Moderate
Pakistan,PAK,EMR,2015,217290884,587000.0,270.0,50000.0,23.0,9.0,217.290884,2010s,High,Moderate,Moderate
Pakistan,PAK,EMR,2016,220138861,591000.0,268.0,49000.0,22.0,9.0,220.138861,2010s,High,Moderate,Moderate
Pakistan,PAK,EMR,2017,223273959,595000.0,267.0,48000.0,22.0,8.0,223.273959,2010s,High,Moderate,Moderate
Pakistan,PAK,EMR,2018,226928904,601000.0,265.0,47000.0,21.0,8.0,226.928904,2010s,High,Moderate,Moderate
Pakistan,PAK,EMR,2019,230800896,608000.0,263.0,47000.0,20.0,8.0,230.800896,2010s,High,Low,Moderate
Pakistan,PAK,EMR,2020,235001745,610000.0,260.0,52000.0,22.0,9.0,235.001745,2020s,High,Moderate,Moderate
Pakistan,PAK,EMR,2021,239477804,646000.0,270.0,56000.0,23.0,9.0,239.477804,2020s,High,Moderate,Moderate
Pakistan,PAK,EMR,2022,243700671,671000.0,275.0,50000.0,20.0,8.0,243.700671,2020s,High,Low,Moderate
Pakistan,PAK,EMR,2023,247504499,662000.0,267.0,49000.0,20.0,8.0,247.504499,2020s,High,Low,Moderate
Pakistan,PAK,EMR,2024,251269166,669000.0,266.0,52000.0,21.0,8.0,251.269166,2020s,High,Moderate,Moderate
Palau,PLW,WPR,2000,19192,11.0,56.0,0.0,1.7,,0.019192,2000s,Low,Low,
Palau,PLW,WPR,2001,19355,11.0,55.0,0.0,1.6,,0.019355,2000s,Low,Low,
Palau,PLW,WPR,2002,19501,11.0,56.0,0.0,1.7,,0.019501,2000s,Low,Low,
Palau,PLW,WPR,2003,19659,9.0,46.0,0.0,1.4,,0.019659,2000s,Low,Low,
Palau,PLW,WPR,2004,19816,5.0,25.0,0.0,0.76,,0.019816,2000s,Low,Low,
Palau,PLW,WPR,2005,19816,10.0,50.0,0.0,1.5,,0.019816,2000s,Low,Low,
Palau,PLW,WPR,2006,19590,12.0,61.0,0.0,1.8,,0.01959,2000s,Low,Low,
Palau,PLW,WPR,2007,19301,11.0,57.0,0.0,1.7,,0.019301,2000s,Low,Low,
Palau,PLW,WPR,2008,19011,15.0,79.0,0.0,2.4,,0.019011,2000s,Low,Low,
Palau,PLW,WPR,2009,18705,19.0,102.0,1.0,3.0,,0.018705,2000s,Medium,Low,
Palau,PLW,WPR,2010,18399,19.0,103.0,1.0,3.1,,0.018399,2010s,Medium,Low,
Palau,PLW,WPR,2011,18071,12.0,66.0,0.0,2.4,,0.018071,2010s,Low,Low,
Palau,PLW,WPR,2012,17758,4.0,23.0,0.0,0.68,,0.017758,2010s,Low,Low,
Palau,PLW,WPR,2013,17649,8.0,45.0,0.0,1.7,,0.017649,2010s,Low,Low,
Palau,PLW,WPR,2014,17714,14.0,79.0,0.0,2.4,,0.017714,2010s,Low,Low,
Palau,PLW,WPR,2015,17772,14.0,79.0,0.0,2.4,,0.017772,2010s,Low,Low,
Palau,PLW,WPR,2016,17794,23.0,129.0,1.0,3.9,,0.017794,2010s,Medium,Low,
Palau,PLW,WPR,2017,17819,20.0,112.0,1.0,3.4,,0.017819,2010s,Medium,Low,
Palau,PLW,WPR,2018,17814,17.0,95.0,1.0,2.9,,0.017814,2010s,Low,Low,
Palau,PLW,WPR,2019,17791,6.0,34.0,0.0,1.0,,0.017791,2010s,Low,Low,
Palau,PLW,WPR,2020,17789,10.0,56.0,0.0,1.7,,0.017789,2020s,Low,Low,
Palau,PLW,WPR,2021,17785,8.0,45.0,0.0,1.3,,0.017785,2020s,Low,Low,
Palau,PLW,WPR,2022,17762,7.0,39.0,0.0,1.2,,0.017762,2020s,Low,Low,
Palau,PLW,WPR,2023,17725,15.0,85.0,0.0,2.5,,0.017725,2020s,Low,Low,
Palau,PLW,WPR,2024,17696,5.0,28.0,0.0,0.85,,0.017696,2020s,Low,Low,
Panama,PAN,AMR,2000,3010366,2100.0,71.0,310.0,10.0,15.0,3.010366,2000s,Low,Low,High
Panama,PAN,AMR,2001,3069538,3000.0,99.0,330.0,11.0,11.0,3.069538,2000s,Low,Low,High
Panama,PAN,AMR,2002,3129342,2700.0,87.0,300.0,9.5,11.0,3.129342,2000s,Low,Low,High
Panama,PAN,AMR,2003,3189795,2700.0,85.0,310.0,9.6,11.0,3.189795,2000s,Low,Low,High
Panama,PAN,AMR,2004,3251152,2800.0,86.0,280.0,8.7,10.0,3.251152,2000s,Low,Low,Moderate
Panama,PAN,AMR,2005,3313034,2600.0,79.0,330.0,10.0,13.0,3.313034,2000s,Low,Low,High
Panama,PAN,AMR,2006,3375013,2600.0,76.0,310.0,9.0,12.0,3.375013,2000s,Low,Low,High
Panama,PAN,AMR,2007,3437502,2500.0,72.0,310.0,9.1,13.0,3.437502,2000s,Low,Low,High
Panama,PAN,AMR,2008,3500644,2500.0,71.0,350.0,10.0,14.0,3.500644,2000s,Low,Low,High
Panama,PAN,AMR,2009,3564377,2300.0,64.0,340.0,9.6,15.0,3.564377,2000s,Low,Low,High
Panama,PAN,AMR,2010,3628538,2300.0,62.0,290.0,8.1,13.0,3.628538,2010s,Low,Low,High
Panama,PAN,AMR,2011,3693503,2400.0,64.0,270.0,7.4,12.0,3.693503,2010s,Low,Low,High
Panama,PAN,AMR,2012,3759246,2200.0,58.0,290.0,7.8,14.0,3.759246,2010s,Low,Low,High
Panama,PAN,AMR,2013,3825336,2100.0,54.0,300.0,7.8,15.0,3.825336,2010s,Low,Low,High
Panama,PAN,AMR,2014,3892100,2000.0,52.0,260.0,6.8,13.0,3.8921,2010s,Low,Low,High
Panama,PAN,AMR,2015,3960035,2300.0,58.0,320.0,8.1,14.0,3.960035,2010s,Low,Low,High
Panama,PAN,AMR,2016,4029087,2500.0,61.0,290.0,7.2,12.0,4.029087,2010s,Low,Low,High
Panama,PAN,AMR,2017,4098714,2500.0,61.0,350.0,8.4,14.0,4.098714,2010s,Low,Low,High
Panama,PAN,AMR,2018,4167868,2300.0,54.0,310.0,7.4,14.0,4.167868,2010s,Low,Low,High
Panama,PAN,AMR,2019,4234707,1600.0,39.0,290.0,6.9,18.0,4.234707,2010s,Low,Low,High
Panama,PAN,AMR,2020,4293262,1500.0,34.0,290.0,6.8,20.0,4.293262,2020s,Low,Low,High
Panama,PAN,AMR,2021,4345402,1900.0,43.0,320.0,7.3,17.0,4.345402,2020s,Low,Low,High
Panama,PAN,AMR,2022,4400773,2100.0,49.0,330.0,7.4,15.0,4.400773,2020s,Low,Low,High
Panama,PAN,AMR,2023,4458759,2700.0,61.0,300.0,6.7,11.0,4.458759,2020s,Low,Low,High
Panama,PAN,AMR,2024,4515582,2800.0,63.0,310.0,6.9,11.0,4.515582,2020s,Low,Low,High
Papua New Guinea,PNG,WPR,2000,5537068,59000.0,1060.0,22000.0,406.0,38.0,5.537068,2000s,High,High,High
Papua New Guinea,PNG,WPR,2001,5728437,56000.0,972.0,20000.0,351.0,36.0,5.728437,2000s,High,High,High
Papua New Guinea,PNG,WPR,2002,5923995,53000.0,887.0,19000.0,326.0,37.0,5.923995,2000s,High,High,High
Papua New Guinea,PNG,WPR,2003,6124001,50000.0,810.0,17000.0,283.0,35.0,6.124001,2000s,High,High,High
Papua New Guinea,PNG,WPR,2004,6328039,47000.0,741.0,16000.0,256.0,35.0,6.328039,2000s,High,High,High
Papua New Guinea,PNG,WPR,2005,6535909,44000.0,679.0,15000.0,233.0,34.0,6.535909,2000s,High,High,High
Papua New Guinea,PNG,WPR,2006,6747724,42000.0,628.0,14000.0,213.0,34.0,6.747724,2000s,High,High,High
Papua New Guinea,PNG,WPR,2007,6963337,41000.0,584.0,13000.0,182.0,31.0,6.963337,2000s,High,High,High
Papua New Guinea,PNG,WPR,2008,7182995,39000.0,549.0,13000.0,174.0,32.0,7.182995,2000s,High,High,High
Papua New Guinea,PNG,WPR,2009,7406433,39000.0,527.0,13000.0,176.0,34.0,7.406433,2000s,High,High,High
Papua New Guinea,PNG,WPR,2010,7633525,40000.0,528.0,13000.0,167.0,32.0,7.633525,2010s,High,High,High
Papua New Guinea,PNG,WPR,2011,7859346,43000.0,547.0,14000.0,176.0,32.0,7.859346,2010s,High,High,High
Papua New Guinea,PNG,WPR,2012,8081388,45000.0,563.0,13000.0,156.0,28.0,8.081388,2010s,High,High,High
Papua New Guinea,PNG,WPR,2013,8302699,48000.0,582.0,13000.0,157.0,27.0,8.302699,2010s,High,High,High
Papua New Guinea,PNG,WPR,2014,8523429,52000.0,611.0,13000.0,155.0,25.0,8.523429,2010s,High,High,High
Papua New Guinea,PNG,WPR,2015,8743245,55000.0,629.0,14000.0,165.0,26.0,8.743245,2010s,High,High,High
Papua New Guinea,PNG,WPR,2016,8961720,56000.0,626.0,14000.0,161.0,26.0,8.96172,2010s,High,High,High
Papua New Guinea,PNG,WPR,2017,9178715,57000.0,616.0,15000.0,165.0,27.0,9.178715,2010s,High,High,High
Papua New Guinea,PNG,WPR,2018,9394511,57000.0,611.0,15000.0,158.0,26.0,9.394511,2010s,High,High,High
Papua New Guinea,PNG,WPR,2019,9609014,59000.0,614.0,14000.0,149.0,24.0,9.609014,2010s,High,High,High
Papua New Guinea,PNG,WPR,2020,9815741,60000.0,616.0,16000.0,159.0,26.0,9.815741,2020s,High,High,High
Papua New Guinea,PNG,WPR,2021,10012899,62000.0,622.0,16000.0,161.0,26.0,10.012899,2020s,High,High,High
Papua New Guinea,PNG,WPR,2022,10203168,65000.0,632.0,14000.0,141.0,22.0,10.203168,2020s,High,High,High
Papua New Guinea,PNG,WPR,2023,10389640,67000.0,647.0,13000.0,127.0,20.0,10.38964,2020s,High,High,High
Papua New Guinea,PNG,WPR,2024,10576504,70000.0,664.0,13000.0,122.0,18.0,10.576504,2020s,High,High,High
Paraguay,PRY,AMR,2000,5100873,5000.0,98.0,420.0,8.2,9.0,5.100873,2000s,Low,Low,Moderate
Paraguay,PRY,AMR,2001,5187685,5000.0,96.0,370.0,7.1,7.0,5.187685,2000s,Low,Low,Moderate
Paraguay,PRY,AMR,2002,5261327,4800.0,91.0,350.0,6.6,7.0,5.261327,2000s,Low,Low,Moderate
Paraguay,PRY,AMR,2003,5326440,4900.0,92.0,350.0,6.5,7.0,5.32644,2000s,Low,Low,Moderate
Paraguay,PRY,AMR,2004,5388181,4700.0,88.0,370.0,7.0,8.0,5.388181,2000s,Low,Low,Moderate
Paraguay,PRY,AMR,2005,5448100,4200.0,77.0,370.0,6.8,9.0,5.4481,2000s,Low,Low,Moderate
Paraguay,PRY,AMR,2006,5505152,4500.0,82.0,350.0,6.4,8.0,5.505152,2000s,Low,Low,Moderate
Paraguay,PRY,AMR,2007,5559383,4000.0,72.0,230.0,4.1,6.0,5.559383,2000s,Low,Low,Moderate
Paraguay,PRY,AMR,2008,5613576,3800.0,67.0,320.0,5.8,9.0,5.613576,2000s,Low,Low,Moderate
Paraguay,PRY,AMR,2009,5671242,3800.0,67.0,280.0,5.0,7.0,5.671242,2000s,Low,Low,Moderate
Paraguay,PRY,AMR,2010,5737972,3600.0,62.0,260.0,4.5,7.0,5.737972,2010s,Low,Low,Moderate
Paraguay,PRY,AMR,2011,5814626,3600.0,62.0,370.0,6.3,10.0,5.814626,2010s,Low,Low,Moderate
Paraguay,PRY,AMR,2012,5897000,3700.0,62.0,300.0,5.1,8.0,5.897,2010s,Low,Low,Moderate
Paraguay,PRY,AMR,2013,5982445,3400.0,56.0,320.0,5.3,10.0,5.982445,2010s,Low,Low,Moderate
Paraguay,PRY,AMR,2014,6069811,3300.0,54.0,320.0,5.3,10.0,6.069811,2010s,Low,Low,Moderate
Paraguay,PRY,AMR,2015,6159104,3400.0,55.0,310.0,5.1,9.0,6.159104,2010s,Low,Low,Moderate
Paraguay,PRY,AMR,2016,6249130,3500.0,55.0,350.0,5.6,10.0,6.24913,2010s,Low,Low,Moderate
Paraguay,PRY,AMR,2017,6338657,3600.0,57.0,310.0,4.8,9.0,6.338657,2010s,Low,Low,Moderate
Paraguay,PRY,AMR,2018,6427387,3600.0,56.0,310.0,4.9,9.0,6.427387,2010s,Low,Low,Moderate
Paraguay,PRY,AMR,2019,6515067,3900.0,60.0,350.0,5.3,9.0,6.515067,2010s,Low,Low,Moderate
Paraguay,PRY,AMR,2020,6603739,3300.0,50.0,310.0,4.7,10.0,6.603739,2020s,Low,Low,Moderate
Paraguay,PRY,AMR,2021,6684185,3800.0,57.0,350.0,5.2,9.0,6.684185,2020s,Low,Low,Moderate
Paraguay,PRY,AMR,2022,6760463,4500.0,67.0,280.0,4.1,6.0,6.760463,2020s,Low,Low,Moderate
Paraguay,PRY,AMR,2023,6844149,5200.0,76.0,360.0,5.3,7.0,6.844149,2020s,Low,Low,Moderate
Paraguay,PRY,AMR,2024,6929154,5600.0,81.0,380.0,5.4,7.0,6.929154,2020s,Low,Low,Moderate
Peru,PER,AMR,2000,26598334,98000.0,367.0,7400.0,28.0,8.0,26.598334,2000s,High,Moderate,Moderate
Peru,PER,AMR,2001,26964613,88000.0,327.0,5700.0,21.0,7.0,26.964613,2000s,High,Moderate,Moderate
Peru,PER,AMR,2002,27288217,81000.0,295.0,4900.0,18.0,6.0,27.288217,2000s,High,Low,Moderate
Peru,PER,AMR,2003,27580485,68000.0,245.0,4200.0,15.0,6.0,27.580485,2000s,High,Low,Moderate
Peru,PER,AMR,2004,27852185,67000.0,240.0,3900.0,14.0,6.0,27.852185,2000s,High,Low,Moderate
Peru,PER,AMR,2005,28101180,64000.0,228.0,3700.0,13.0,6.0,28.10118,2000s,High,Low,Moderate
Peru,PER,AMR,2006,28324500,62000.0,218.0,3600.0,13.0,6.0,28.3245,2000s,High,Low,Moderate
Peru,PER,AMR,2007,28530699,55000.0,194.0,3200.0,11.0,6.0,28.530699,2000s,Medium,Low,Moderate
Peru,PER,AMR,2008,28719036,52000.0,182.0,3100.0,11.0,6.0,28.719036,2000s,Medium,Low,Moderate
Peru,PER,AMR,2009,28896811,49000.0,171.0,2500.0,8.8,5.0,28.896811,2000s,Medium,Low,Low
Peru,PER,AMR,2010,29086015,46000.0,159.0,2500.0,8.6,6.0,29.086015,2010s,Medium,Low,Moderate
Peru,PER,AMR,2011,29304080,45000.0,155.0,2900.0,9.9,6.0,29.30408,2010s,Medium,Low,Moderate
Peru,PER,AMR,2012,29550370,42000.0,143.0,2800.0,9.3,7.0,29.55037,2010s,Medium,Low,Moderate
Peru,PER,AMR,2013,29817926,41000.0,139.0,2500.0,8.3,6.0,29.817926,2010s,Medium,Low,Moderate
Peru,PER,AMR,2014,30115824,41000.0,136.0,2300.0,7.7,6.0,30.115824,2010s,Medium,Low,Moderate
Peru,PER,AMR,2015,30457601,40000.0,131.0,2400.0,7.9,6.0,30.457601,2010s,Medium,Low,Moderate
Peru,PER,AMR,2016,30866493,40000.0,129.0,2700.0,8.7,7.0,30.866493,2010s,Medium,Low,Moderate
Peru,PER,AMR,2017,31324634,40000.0,128.0,2200.0,7.1,6.0,31.324634,2010s,Medium,Low,Moderate
Peru,PER,AMR,2018,31897585,42000.0,132.0,3000.0,9.3,7.0,31.897585,2010s,Medium,Low,Moderate
Peru,PER,AMR,2019,32449301,43000.0,131.0,3000.0,9.4,7.0,32.449301,2010s,Medium,Low,Moderate
Peru,PER,AMR,2020,32838573,42000.0,128.0,3200.0,9.7,8.0,32.838573,2020s,Medium,Low,Moderate
Peru,PER,AMR,2021,33155884,45000.0,137.0,3700.0,11.0,8.0,33.155884,2020s,Medium,Low,Moderate
Peru,PER,AMR,2022,33475437,50000.0,149.0,4200.0,13.0,9.0,33.475437,2020s,Medium,Low,Moderate
Peru,PER,AMR,2023,33845605,50000.0,149.0,4200.0,12.0,9.0,33.845605,2020s,Medium,Low,Moderate
Peru,PER,AMR,2024,34217854,48000.0,139.0,3600.0,11.0,8.0,34.217854,2020s,Medium,Low,Moderate
Philippines,PHL,WPR,2000,79625394,470000.0,590.0,35000.0,44.0,8.0,79.625394,2000s,High,Moderate,Moderate
Philippines,PHL,WPR,2001,81401486,472000.0,579.0,35000.0,43.0,8.0,81.401486,2000s,High,Moderate,Moderate
Philippines,PHL,WPR,2002,83068884,473000.0,569.0,37000.0,44.0,8.0,83.068884,2000s,High,Moderate,Moderate
Philippines,PHL,WPR,2003,84731842,474000.0,559.0,35000.0,42.0,8.0,84.731842,2000s,High,Moderate,Moderate
Philippines,PHL,WPR,2004,86394509,474000.0,549.0,34000.0,40.0,8.0,86.394509,2000s,High,Moderate,Moderate
Philippines,PHL,WPR,2005,88015968,475000.0,539.0,34000.0,38.0,8.0,88.015968,2000s,High,Moderate,Moderate
Philippines,PHL,WPR,2006,89508990,474000.0,530.0,34000.0,38.0,8.0,89.50899,2000s,High,Moderate,Moderate
Philippines,PHL,WPR,2007,91075177,474000.0,520.0,31000.0,34.0,7.0,91.075177,2000s,High,Moderate,Moderate
Philippines,PHL,WPR,2008,92699097,486000.0,524.0,32000.0,34.0,7.0,92.699097,2000s,High,Moderate,Moderate
Philippines,PHL,WPR,2009,94384248,498000.0,528.0,33000.0,34.0,7.0,94.384248,2000s,High,Moderate,Moderate
Philippines,PHL,WPR,2010,96337130,512000.0,531.0,31000.0,33.0,7.0,96.33713,2010s,High,Moderate,Moderate
Philippines,PHL,WPR,2011,98248614,526000.0,535.0,31000.0,31.0,6.0,98.248614,2010s,High,Moderate,Moderate
Philippines,PHL,WPR,2012,100175508,540000.0,539.0,30000.0,30.0,6.0,100.175508,2010s,High,Moderate,Moderate
Philippines,PHL,WPR,2013,102076337,554000.0,543.0,30000.0,29.0,6.0,102.076337,2010s,High,Moderate,Moderate
Philippines,PHL,WPR,2014,103767132,567000.0,546.0,31000.0,30.0,6.0,103.767132,2010s,High,Moderate,Moderate
Philippines,PHL,WPR,2015,105312995,580000.0,550.0,30000.0,28.0,6.0,105.312995,2010s,High,Moderate,Moderate
Philippines,PHL,WPR,2016,106735708,591000.0,554.0,33000.0,31.0,6.0,106.735708,2010s,High,Moderate,Moderate
Philippines,PHL,WPR,2017,108119692,599000.0,554.0,31000.0,29.0,6.0,108.119692,2010s,High,Moderate,Moderate
Philippines,PHL,WPR,2018,109465291,607000.0,554.0,31000.0,28.0,5.0,109.465291,2010s,High,Moderate,Low
Philippines,PHL,WPR,2019,110804683,614000.0,554.0,31000.0,28.0,5.0,110.804683,2010s,High,Moderate,Low
Philippines,PHL,WPR,2020,112081263,610000.0,544.0,36000.0,32.0,6.0,112.081263,2020s,High,Moderate,Moderate
Philippines,PHL,WPR,2021,113100949,655000.0,579.0,42000.0,37.0,7.0,113.100949,2020s,High,Moderate,Moderate
Philippines,PHL,WPR,2022,113964347,714000.0,627.0,41000.0,36.0,6.0,113.964347,2020s,High,Moderate,Moderate
Philippines,PHL,WPR,2023,114891201,726000.0,632.0,38000.0,34.0,6.0,114.891201,2020s,High,Moderate,Moderate
Philippines,PHL,WPR,2024,115843666,724000.0,625.0,37000.0,32.0,6.0,115.843666,2020s,High,Moderate,Moderate
Poland,POL,EUR,2000,38258080,18000.0,46.0,1400.0,3.6,8.0,38.25808,2000s,Low,Low,Moderate
Poland,POL,EUR,2001,38247356,16000.0,42.0,1300.0,3.3,8.0,38.247356,2000s,Low,Low,Moderate
Poland,POL,EUR,2002,38229410,16000.0,41.0,1100.0,3.0,7.0,38.22941,2000s,Low,Low,Moderate
Poland,POL,EUR,2003,38203527,15000.0,40.0,1100.0,2.9,7.0,38.203527,2000s,Low,Low,Moderate
Poland,POL,EUR,2004,38167568,13000.0,34.0,990.0,2.6,8.0,38.167568,2000s,Low,Low,Moderate
Poland,POL,EUR,2005,38124385,12000.0,31.0,960.0,2.5,8.0,38.124385,2000s,Low,Low,Moderate
Poland,POL,EUR,2006,38071165,12000.0,30.0,870.0,2.3,8.0,38.071165,2000s,Low,Low,Moderate
Poland,POL,EUR,2007,38020427,11000.0,30.0,880.0,2.3,8.0,38.020427,2000s,Low,Low,Moderate
Poland,POL,EUR,2008,37995903,10000.0,27.0,920.0,2.4,9.0,37.995903,2000s,Low,Low,Moderate
Poland,POL,EUR,2009,38002150,11000.0,28.0,850.0,2.2,8.0,38.00215,2000s,Low,Low,Moderate
Poland,POL,EUR,2010,38095350,9600.0,25.0,660.0,1.7,7.0,38.09535,2010s,Low,Low,Moderate
Poland,POL,EUR,2011,38208638,11000.0,28.0,730.0,1.9,7.0,38.208638,2010s,Low,Low,Moderate
Poland,POL,EUR,2012,38247870,9300.0,24.0,710.0,1.9,8.0,38.24787,2010s,Low,Low,Moderate
Poland,POL,EUR,2013,38259274,9100.0,24.0,600.0,1.6,7.0,38.259274,2010s,Low,Low,Moderate
Poland,POL,EUR,2014,38265108,8400.0,22.0,600.0,1.6,7.0,38.265108,2010s,Low,Low,Moderate
Poland,POL,EUR,2015,38266307,7800.0,21.0,600.0,1.6,8.0,38.266307,2010s,Low,Low,Moderate
Poland,POL,EUR,2016,38263269,7600.0,20.0,620.0,1.6,8.0,38.263269,2010s,Low,Low,Moderate
Poland,POL,EUR,2017,38254953,6800.0,18.0,580.0,1.5,9.0,38.254953,2010s,Low,Low,Moderate
Poland,POL,EUR,2018,38241080,6400.0,17.0,600.0,1.6,10.0,38.24108,2010s,Low,Low,Moderate
Poland,POL,EUR,2019,38225889,6100.0,16.0,540.0,1.4,9.0,38.225889,2010s,Low,Low,Moderate
Poland,POL,EUR,2020,38171007,3900.0,10.0,550.0,1.4,14.0,38.171007,2020s,Low,Low,High
Poland,POL,EUR,2021,38040299,4200.0,11.0,510.0,1.3,12.0,38.040299,2020s,Low,Low,High
Poland,POL,EUR,2022,38385744,4900.0,13.0,650.0,1.7,13.0,38.385744,2020s,Low,Low,High
Poland,POL,EUR,2023,38762846,5100.0,13.0,490.0,1.3,10.0,38.762846,2020s,Low,Low,Moderate
Poland,POL,EUR,2024,38539206,4400.0,11.0,490.0,1.3,11.0,38.539206,2020s,Low,Low,High
Portugal,PRT,EUR,2000,10283211,6100.0,59.0,890.0,8.7,15.0,10.283211,2000s,Low,Low,High
Portugal,PRT,EUR,2001,10354321,6100.0,59.0,840.0,8.1,14.0,10.354321,2000s,Low,Low,High
Portugal,PRT,EUR,2002,10413042,6000.0,58.0,780.0,7.5,13.0,10.413042,2000s,Low,Low,High
Portugal,PRT,EUR,2003,10454246,5400.0,52.0,700.0,6.7,13.0,10.454246,2000s,Low,Low,High
Portugal,PRT,EUR,2004,10481384,4800.0,46.0,680.0,6.5,14.0,10.481384,2000s,Low,Low,High
Portugal,PRT,EUR,2005,10503005,4300.0,41.0,590.0,5.6,14.0,10.503005,2000s,Low,Low,High
Portugal,PRT,EUR,2006,10524128,4100.0,39.0,510.0,4.8,12.0,10.524128,2000s,Low,Low,High
Portugal,PRT,EUR,2007,10546821,3700.0,35.0,450.0,4.3,12.0,10.546821,2000s,Low,Low,High
Portugal,PRT,EUR,2008,10564078,3500.0,33.0,390.0,3.7,11.0,10.564078,2000s,Low,Low,High
Portugal,PRT,EUR,2009,10576267,3300.0,32.0,400.0,3.8,12.0,10.576267,2000s,Low,Low,High
Portugal,PRT,EUR,2010,10578657,3200.0,30.0,310.0,2.9,10.0,10.578657,2010s,Low,Low,Moderate
Portugal,PRT,EUR,2011,10557052,3000.0,28.0,330.0,3.1,11.0,10.557052,2010s,Low,Low,High
Portugal,PRT,EUR,2012,10513148,3000.0,28.0,310.0,3.0,11.0,10.513148,2010s,Low,Low,High
Portugal,PRT,EUR,2013,10458300,2800.0,26.0,300.0,2.9,11.0,10.4583,2010s,Low,Low,High
Portugal,PRT,EUR,2014,10406198,2500.0,24.0,300.0,2.9,12.0,10.406198,2010s,Low,Low,High
Portugal,PRT,EUR,2015,10370263,2400.0,23.0,290.0,2.8,12.0,10.370263,2010s,Low,Low,High
Portugal,PRT,EUR,2016,10346367,2100.0,20.0,260.0,2.5,13.0,10.346367,2010s,Low,Low,High
Portugal,PRT,EUR,2017,10330849,2000.0,19.0,240.0,2.3,12.0,10.330849,2010s,Low,Low,High
Portugal,PRT,EUR,2018,10325350,2100.0,20.0,270.0,2.7,13.0,10.32535,2010s,Low,Low,High
Portugal,PRT,EUR,2019,10343222,2000.0,19.0,220.0,2.1,11.0,10.343222,2010s,Low,Low,High
Portugal,PRT,EUR,2020,10370519,1600.0,15.0,210.0,2.0,13.0,10.370519,2020s,Low,Low,High
Portugal,PRT,EUR,2021,10390964,1700.0,16.0,270.0,2.6,16.0,10.390964,2020s,Low,Low,High
Portugal,PRT,EUR,2022,10417074,1700.0,16.0,190.0,1.8,11.0,10.417074,2020s,Low,Low,High
Portugal,PRT,EUR,2023,10430739,1700.0,16.0,280.0,2.6,16.0,10.430739,2020s,Low,Low,High
Portugal,PRT,EUR,2024,10425302,1500.0,15.0,180.0,1.7,12.0,10.425302,2020s,Low,Low,High
Puerto Rico,PRI,AMR,2000,3809861,370.0,9.8,80.0,2.1,22.0,3.809861,2000s,Low,Low,High
Puerto Rico,PRI,AMR,2001,3813013,250.0,6.4,69.0,1.8,28.0,3.813013,2000s,Low,Low,High
Puerto Rico,PRI,AMR,2002,3810715,250.0,6.5,60.0,1.6,24.0,3.810715,2000s,Low,Low,High
Puerto Rico,PRI,AMR,2003,3806044,210.0,5.6,45.0,1.2,22.0,3.806044,2000s,Low,Low,High
Puerto Rico,PRI,AMR,2004,3798648,220.0,5.7,48.0,1.3,23.0,3.798648,2000s,Low,Low,High
Puerto Rico,PRI,AMR,2005,3788418,190.0,5.0,41.0,1.1,22.0,3.788418,2000s,Low,Low,High
Puerto Rico,PRI,AMR,2006,3776222,180.0,4.9,30.0,0.79,17.0,3.776222,2000s,Low,Low,High
Puerto Rico,PRI,AMR,2007,3763094,160.0,4.2,27.0,0.71,17.0,3.763094,2000s,Low,Low,High
Puerto Rico,PRI,AMR,2008,3749123,150.0,3.9,27.0,0.72,19.0,3.749123,2000s,Low,Low,High
Puerto Rico,PRI,AMR,2009,3735019,95.0,2.6,13.0,0.36,14.0,3.735019,2000s,Low,Low,High
Puerto Rico,PRI,AMR,2010,3714833,120.0,3.2,18.0,0.49,16.0,3.714833,2010s,Low,Low,High
Puerto Rico,PRI,AMR,2011,3683714,73.0,2.0,17.0,0.45,23.0,3.683714,2010s,Low,Low,High
Puerto Rico,PRI,AMR,2012,3646427,100.0,2.8,18.0,0.48,18.0,3.646427,2010s,Low,Low,High
Puerto Rico,PRI,AMR,2013,3606777,69.0,1.9,15.0,0.42,22.0,3.606777,2010s,Low,Low,High
Puerto Rico,PRI,AMR,2014,3565365,60.0,1.7,12.0,0.34,20.0,3.565365,2010s,Low,Low,High
Puerto Rico,PRI,AMR,2015,3521817,70.0,2.0,9.0,0.26,13.0,3.521817,2010s,Low,Low,High
Puerto Rico,PRI,AMR,2016,3476006,87.0,2.5,15.0,0.44,18.0,3.476006,2010s,Low,Low,High
Puerto Rico,PRI,AMR,2017,3371870,52.0,1.5,9.0,0.27,18.0,3.37187,2010s,Low,Low,High
Puerto Rico,PRI,AMR,2018,3290067,33.0,1.0,6.0,0.2,20.0,3.290067,2010s,Low,Low,High
Puerto Rico,PRI,AMR,2019,3288032,47.0,1.4,6.0,0.19,14.0,3.288032,2010s,Low,Low,High
Puerto Rico,PRI,AMR,2020,3275811,36.0,1.1,7.0,0.2,19.0,3.275811,2020s,Low,Low,High
Puerto Rico,PRI,AMR,2021,3253210,22.0,0.69,4.0,0.13,19.0,3.25321,2020s,Low,Low,High
Puerto Rico,PRI,AMR,2022,3240973,28.0,0.86,7.0,0.2,24.0,3.240973,2020s,Low,Low,High
Puerto Rico,PRI,AMR,2023,3242019,26.0,0.81,6.0,0.2,24.0,3.242019,2020s,Low,Low,High
Puerto Rico,PRI,AMR,2024,3242203,18.0,0.55,6.0,0.19,35.0,3.242203,2020s,Low,Low,High
Qatar,QAT,EMR,2000,644986,640.0,99.0,8.0,1.2,1.0,0.644986,2000s,Low,Low,Low
Qatar,QAT,EMR,2001,677924,650.0,95.0,7.0,1.0,1.0,0.677924,2000s,Low,Low,Low
Qatar,QAT,EMR,2002,711200,630.0,89.0,6.0,0.82,1.0,0.7112,2000s,Low,Low,Low
Qatar,QAT,EMR,2003,744679,620.0,84.0,4.0,0.48,1.0,0.744679,2000s,Low,Low,Low
Qatar,QAT,EMR,2004,773338,610.0,79.0,4.0,0.53,1.0,0.773338,2000s,Low,Low,Low
Qatar,QAT,EMR,2005,825405,720.0,88.0,3.0,0.37,0.0,0.825405,2000s,Low,Low,
Qatar,QAT,EMR,2006,972839,700.0,72.0,3.0,0.33,0.0,0.972839,2000s,Low,Low,
Qatar,QAT,EMR,2007,1208596,770.0,63.0,4.0,0.32,1.0,1.208596,2000s,Low,Low,Low
Qatar,QAT,EMR,2008,1426930,1000.0,71.0,5.0,0.34,0.0,1.42693,2000s,Low,Low,
Qatar,QAT,EMR,2009,1586052,1000.0,66.0,5.0,0.29,0.0,1.586052,2000s,Low,Low,
Qatar,QAT,EMR,2010,1709233,920.0,54.0,5.0,0.29,1.0,1.709233,2010s,Low,Low,Low
Qatar,QAT,EMR,2011,1810954,860.0,47.0,6.0,0.31,1.0,1.810954,2010s,Low,Low,Low
Qatar,QAT,EMR,2012,1907116,1100.0,58.0,6.0,0.31,1.0,1.907116,2010s,Low,Low,Low
Qatar,QAT,EMR,2013,2032638,870.0,43.0,6.0,0.31,1.0,2.032638,2010s,Low,Low,Low
Qatar,QAT,EMR,2014,2218365,670.0,30.0,7.0,0.32,1.0,2.218365,2010s,Low,Low,Low
Qatar,QAT,EMR,2015,2427333,740.0,31.0,7.0,0.31,1.0,2.427333,2010s,Low,Low,Low
Qatar,QAT,EMR,2016,2599373,710.0,27.0,8.0,0.3,1.0,2.599373,2010s,Low,Low,Low
Qatar,QAT,EMR,2017,2706720,850.0,31.0,8.0,0.3,1.0,2.70672,2010s,Low,Low,Low
Qatar,QAT,EMR,2018,2761144,1000.0,38.0,8.0,0.3,1.0,2.761144,2010s,Low,Low,Low
Qatar,QAT,EMR,2019,2797924,1200.0,42.0,8.0,0.3,1.0,2.797924,2010s,Low,Low,Low
Qatar,QAT,EMR,2020,2803366,1200.0,41.0,9.0,0.31,1.0,2.803366,2020s,Low,Low,Low
Qatar,QAT,EMR,2021,2814986,1300.0,46.0,9.0,0.32,1.0,2.814986,2020s,Low,Low,Low
Qatar,QAT,EMR,2022,2892447,1200.0,40.0,9.0,0.32,1.0,2.892447,2020s,Low,Low,Low
Qatar,QAT,EMR,2023,2979081,1200.0,40.0,10.0,0.34,1.0,2.979081,2020s,Low,Low,Low
Qatar,QAT,EMR,2024,3048426,1100.0,37.0,9.0,0.31,1.0,3.048426,2020s,Low,Low,Low
Republic of Korea,KOR,WPR,2000,46766657,23000.0,50.0,4200.0,8.9,18.0,46.766657,2000s,Low,Low,High
Republic of Korea,KOR,WPR,2001,47043467,40000.0,85.0,3900.0,8.4,10.0,47.043467,2000s,Low,Low,Moderate
Republic of Korea,KOR,WPR,2002,47299118,37000.0,79.0,4000.0,8.4,11.0,47.299118,2000s,Low,Low,High
Republic of Korea,KOR,WPR,2003,47514152,39000.0,83.0,4000.0,8.5,10.0,47.514152,2000s,Low,Low,Moderate
Republic of Korea,KOR,WPR,2004,47697068,37000.0,78.0,3600.0,7.6,10.0,47.697068,2000s,Low,Low,Moderate
Republic of Korea,KOR,WPR,2005,47851652,46000.0,96.0,3700.0,7.6,8.0,47.851652,2000s,Low,Low,Moderate
Republic of Korea,KOR,WPR,2006,48006519,45000.0,94.0,3500.0,7.2,8.0,48.006519,2000s,Low,Low,Moderate
Republic of Korea,KOR,WPR,2007,48178121,45000.0,93.0,3000.0,6.3,7.0,48.178121,2000s,Low,Low,Moderate
Republic of Korea,KOR,WPR,2008,48356502,43000.0,90.0,2900.0,6.1,7.0,48.356502,2000s,Low,Low,Moderate
Republic of Korea,KOR,WPR,2009,48546694,46000.0,95.0,2900.0,5.9,6.0,48.546694,2000s,Low,Low,Moderate
Republic of Korea,KOR,WPR,2010,48769338,47000.0,97.0,3000.0,6.2,6.0,48.769338,2010s,Low,Low,Moderate
Republic of Korea,KOR,WPR,2011,49127637,49000.0,101.0,3000.0,6.1,6.0,49.127637,2010s,Medium,Low,Moderate
Republic of Korea,KOR,WPR,2012,49599586,47000.0,94.0,3100.0,6.2,7.0,49.599586,2010s,Low,Low,Moderate
Republic of Korea,KOR,WPR,2013,50071162,44000.0,89.0,2700.0,5.5,6.0,50.071162,2010s,Low,Low,Moderate
Republic of Korea,KOR,WPR,2014,50539059,43000.0,85.0,2800.0,5.5,7.0,50.539059,2010s,Low,Low,Moderate
Republic of Korea,KOR,WPR,2015,50983912,40000.0,79.0,2700.0,5.3,7.0,50.983912,2010s,Low,Low,Moderate
Republic of Korea,KOR,WPR,2016,51297843,39000.0,76.0,2600.0,5.1,7.0,51.297843,2010s,Low,Low,Moderate
Republic of Korea,KOR,WPR,2017,51486278,36000.0,70.0,2200.0,4.3,6.0,51.486278,2010s,Low,Low,Moderate
Republic of Korea,KOR,WPR,2018,51640902,33000.0,64.0,2200.0,4.2,7.0,51.640902,2010s,Low,Low,Moderate
Republic of Korea,KOR,WPR,2019,51767845,30000.0,58.0,2000.0,3.8,7.0,51.767845,2010s,Low,Low,Moderate
Republic of Korea,KOR,WPR,2020,51858488,25000.0,48.0,1600.0,3.2,7.0,51.858488,2020s,Low,Low,Moderate
Republic of Korea,KOR,WPR,2021,51848395,23000.0,44.0,1700.0,3.4,8.0,51.848395,2020s,Low,Low,Moderate
Republic of Korea,KOR,WPR,2022,51782508,20000.0,40.0,1400.0,2.7,7.0,51.782508,2020s,Low,Low,Moderate
Republic of Korea,KOR,WPR,2023,51748740,20000.0,38.0,1500.0,3.0,8.0,51.74874,2020s,Low,Low,Moderate
Republic of Korea,KOR,WPR,2024,51717598,18000.0,35.0,1500.0,3.0,9.0,51.717598,2020s,Low,Low,Moderate
Republic of Moldova,MDA,EUR,2000,4234959,3000.0,70.0,940.0,22.0,32.0,4.234959,2000s,Low,Moderate,High
Republic of Moldova,MDA,EUR,2001,4189765,3600.0,87.0,820.0,19.0,23.0,4.189765,2000s,Low,Low,High
Republic of Moldova,MDA,EUR,2002,4142931,3800.0,92.0,830.0,20.0,22.0,4.142931,2000s,Low,Low,High
Republic of Moldova,MDA,EUR,2003,4095419,4300.0,106.0,800.0,20.0,19.0,4.095419,2000s,Medium,Low,High
Republic of Moldova,MDA,EUR,2004,4046672,4900.0,120.0,890.0,22.0,18.0,4.046672,2000s,Medium,Moderate,High
Republic of Moldova,MDA,EUR,2005,3988670,5200.0,130.0,890.0,22.0,17.0,3.98867,2000s,Medium,Moderate,High
Republic of Moldova,MDA,EUR,2006,3921310,5000.0,129.0,850.0,22.0,17.0,3.92131,2000s,Medium,Moderate,High
Republic of Moldova,MDA,EUR,2007,3851403,4900.0,127.0,810.0,21.0,17.0,3.851403,2000s,Medium,Moderate,High
Republic of Moldova,MDA,EUR,2008,3779506,4500.0,119.0,720.0,19.0,16.0,3.779506,2000s,Medium,Low,High
Republic of Moldova,MDA,EUR,2009,3706213,4500.0,122.0,720.0,19.0,16.0,3.706213,2000s,Medium,Low,High
Republic of Moldova,MDA,EUR,2010,3631983,4200.0,115.0,650.0,18.0,16.0,3.631983,2010s,Medium,Low,High
Republic of Moldova,MDA,EUR,2011,3557259,4300.0,120.0,540.0,15.0,13.0,3.557259,2010s,Medium,Low,High
Republic of Moldova,MDA,EUR,2012,3482615,4500.0,128.0,500.0,14.0,11.0,3.482615,2010s,Medium,Low,High
Republic of Moldova,MDA,EUR,2013,3408739,4500.0,133.0,360.0,10.0,8.0,3.408739,2010s,Medium,Low,Moderate
Republic of Moldova,MDA,EUR,2014,3342711,4100.0,123.0,340.0,10.0,9.0,3.342711,2010s,Medium,Low,Moderate
Republic of Moldova,MDA,EUR,2015,3287166,3600.0,111.0,290.0,8.9,8.0,3.287166,2010s,Medium,Low,Moderate
Republic of Moldova,MDA,EUR,2016,3237791,3600.0,111.0,260.0,8.0,7.0,3.237791,2010s,Medium,Low,Moderate
Republic of Moldova,MDA,EUR,2017,3193496,3400.0,106.0,210.0,6.5,6.0,3.193496,2010s,Medium,Low,Moderate
Republic of Moldova,MDA,EUR,2018,3153767,3100.0,97.0,200.0,6.2,7.0,3.153767,2010s,Low,Low,Moderate
Republic of Moldova,MDA,EUR,2019,3112561,2800.0,91.0,180.0,5.6,6.0,3.112561,2010s,Low,Low,Moderate
Republic of Moldova,MDA,EUR,2020,3069135,2600.0,86.0,220.0,7.1,8.0,3.069135,2020s,Low,Low,Moderate
Republic of Moldova,MDA,EUR,2021,3023783,2400.0,80.0,190.0,6.2,8.0,3.023783,2020s,Low,Low,Moderate
Republic of Moldova,MDA,EUR,2022,3039991,2300.0,75.0,230.0,7.5,10.0,3.039991,2020s,Low,Low,Moderate
Republic of Moldova,MDA,EUR,2023,3067072,2100.0,70.0,220.0,7.1,10.0,3.067072,2020s,Low,Low,Moderate
Republic of Moldova,MDA,EUR,2024,3034960,2000.0,64.0,210.0,7.1,11.0,3.03496,2020s,Low,Low,High
Romania,ROU,EUR,2000,22046251,42000.0,189.0,2300.0,11.0,6.0,22.046251,2000s,Medium,Low,Moderate
Romania,ROU,EUR,2001,21919919,43000.0,196.0,2500.0,12.0,6.0,21.919919,2000s,Medium,Low,Moderate
Romania,ROU,EUR,2002,21770018,44000.0,203.0,2500.0,12.0,6.0,21.770018,2000s,High,Low,Moderate
Romania,ROU,EUR,2003,21593450,44000.0,202.0,2400.0,11.0,6.0,21.59345,2000s,High,Low,Moderate
Romania,ROU,EUR,2004,21403219,42000.0,194.0,2200.0,10.0,5.0,21.403219,2000s,Medium,Low,Low
Romania,ROU,EUR,2005,21213384,38000.0,177.0,1900.0,9.0,5.0,21.213384,2000s,Medium,Low,Low
Romania,ROU,EUR,2006,21035730,35000.0,165.0,1800.0,8.7,5.0,21.03573,2000s,Medium,Low,Low
Romania,ROU,EUR,2007,20870716,32000.0,154.0,1700.0,8.4,6.0,20.870716,2000s,Medium,Low,Moderate
Romania,ROU,EUR,2008,20718742,31000.0,148.0,1900.0,9.2,6.0,20.718742,2000s,Medium,Low,Moderate
Romania,ROU,EUR,2009,20576927,29000.0,141.0,1700.0,8.2,6.0,20.576927,2000s,Medium,Low,Moderate
Romania,ROU,EUR,2010,20432573,26000.0,127.0,1700.0,8.4,7.0,20.432573,2010s,Medium,Low,Moderate
Romania,ROU,EUR,2011,20282009,24000.0,116.0,1400.0,7.1,6.0,20.282009,2010s,Medium,Low,Moderate
Romania,ROU,EUR,2012,20158456,22000.0,109.0,1400.0,6.9,6.0,20.158456,2010s,Medium,Low,Moderate
Romania,ROU,EUR,2013,20062915,21000.0,104.0,1300.0,6.3,6.0,20.062915,2010s,Medium,Low,Moderate
Romania,ROU,EUR,2014,19968172,20000.0,99.0,1300.0,6.3,7.0,19.968172,2010s,Low,Low,Moderate
Romania,ROU,EUR,2015,19871020,19000.0,94.0,1200.0,5.9,6.0,19.87102,2010s,Low,Low,Moderate
Romania,ROU,EUR,2016,19777055,17000.0,84.0,1100.0,5.4,7.0,19.777055,2010s,Low,Low,Moderate
Romania,ROU,EUR,2017,19689392,16000.0,81.0,1000.0,5.1,6.0,19.689392,2010s,Low,Low,Moderate
Romania,ROU,EUR,2018,19597877,15000.0,76.0,1000.0,5.1,7.0,19.597877,2010s,Low,Low,Moderate
Romania,ROU,EUR,2019,19501547,14000.0,73.0,980.0,5.0,7.0,19.501547,2010s,Low,Low,Moderate
Romania,ROU,EUR,2020,19392461,14000.0,70.0,900.0,4.7,7.0,19.392461,2020s,Low,Low,Moderate
Romania,ROU,EUR,2021,19248164,13000.0,67.0,920.0,4.8,7.0,19.248164,2020s,Low,Low,Moderate
Romania,ROU,EUR,2022,19166784,12000.0,64.0,980.0,5.1,8.0,19.166784,2020s,Low,Low,Moderate
Romania,ROU,EUR,2023,19118479,12000.0,62.0,1000.0,5.4,9.0,19.118479,2020s,Low,Low,Moderate
Romania,ROU,EUR,2024,19015088,11000.0,60.0,1000.0,5.4,9.0,19.015088,2020s,Low,Low,Moderate
Russian Federation,RUS,EUR,2000,146717782,139000.0,95.0,31000.0,21.0,26.0,146.717782,2000s,Low,Moderate,High
Russian Federation,RUS,EUR,2001,146117288,134000.0,92.0,30000.0,21.0,26.0,146.117288,2000s,Low,Moderate,High
Russian Federation,RUS,EUR,2002,145939497,131000.0,90.0,32000.0,22.0,28.0,145.939497,2000s,Low,Moderate,High
Russian Federation,RUS,EUR,2003,145794230,128000.0,88.0,33000.0,23.0,29.0,145.79423,2000s,Low,Moderate,High
Russian Federation,RUS,EUR,2004,145180100,127000.0,87.0,33000.0,23.0,29.0,145.1801,2000s,Low,Moderate,High
Russian Federation,RUS,EUR,2005,144597877,127000.0,88.0,34000.0,24.0,30.0,144.597877,2000s,Low,Moderate,High
Russian Federation,RUS,EUR,2006,144102938,127000.0,88.0,30000.0,21.0,27.0,144.102938,2000s,Low,Moderate,High
Russian Federation,RUS,EUR,2007,143859762,129000.0,90.0,28000.0,19.0,24.0,143.859762,2000s,Low,Low,High
Russian Federation,RUS,EUR,2008,143811838,129000.0,90.0,27000.0,19.0,24.0,143.811838,2000s,Low,Low,High
Russian Federation,RUS,EUR,2009,143869127,127000.0,89.0,26000.0,18.0,23.0,143.869127,2000s,Low,Low,High
Russian Federation,RUS,EUR,2010,143934464,123000.0,85.0,24000.0,17.0,22.0,143.934464,2010s,Low,Low,High
Russian Federation,RUS,EUR,2011,144043755,117000.0,81.0,22000.0,16.0,21.0,144.043755,2010s,Low,Low,High
Russian Federation,RUS,EUR,2012,144291026,111000.0,77.0,20000.0,14.0,20.0,144.291026,2010s,Low,Low,High
Russian Federation,RUS,EUR,2013,144604099,106000.0,73.0,18000.0,13.0,19.0,144.604099,2010s,Low,Low,High
Russian Federation,RUS,EUR,2014,144925645,101000.0,70.0,17000.0,12.0,18.0,144.925645,2010s,Low,Low,High
Russian Federation,RUS,EUR,2015,145307614,97000.0,67.0,15000.0,11.0,17.0,145.307614,2010s,Low,Low,High
Russian Federation,RUS,EUR,2016,145778682,92000.0,63.0,14000.0,9.6,16.0,145.778682,2010s,Low,Low,High
Russian Federation,RUS,EUR,2017,146186797,86000.0,59.0,12000.0,8.2,15.0,146.186797,2010s,Low,Low,High
Russian Federation,RUS,EUR,2018,146430141,80000.0,54.0,11000.0,7.4,14.0,146.430141,2010s,Low,Low,High
Russian Federation,RUS,EUR,2019,146533067,73000.0,50.0,9500.0,6.5,13.0,146.533067,2010s,Low,Low,High
Russian Federation,RUS,EUR,2020,146371295,71000.0,49.0,11000.0,7.5,16.0,146.371295,2020s,Low,Low,High
Russian Federation,RUS,EUR,2021,145836185,69000.0,47.0,10000.0,7.1,16.0,145.836185,2020s,Low,Low,High
Russian Federation,RUS,EUR,2022,145579892,56000.0,39.0,7100.0,4.9,13.0,145.579892,2020s,Low,Low,High
Russian Federation,RUS,EUR,2023,145440499,55000.0,38.0,6500.0,4.5,13.0,145.440499,2020s,Low,Low,High
Russian Federation,RUS,EUR,2024,144820422,49000.0,34.0,6000.0,4.2,13.0,144.820422,2020s,Low,Low,High
Rwanda,RWA,AFR,2000,8213927,20000.0,238.0,6300.0,77.0,33.0,8.213927,2000s,High,High,High
Rwanda,RWA,AFR,2001,8287094,18000.0,215.0,5200.0,63.0,29.0,8.287094,2000s,High,High,High
Rwanda,RWA,AFR,2002,8400185,16000.0,193.0,4200.0,50.0,26.0,8.400185,2000s,Medium,Moderate,High
Rwanda,RWA,AFR,2003,8586872,15000.0,173.0,3400.0,39.0,23.0,8.586872,2000s,Medium,Moderate,High
Rwanda,RWA,AFR,2004,8816837,14000.0,155.0,3000.0,34.0,22.0,8.816837,2000s,Medium,Moderate,High
Rwanda,RWA,AFR,2005,9054518,13000.0,138.0,2700.0,30.0,22.0,9.054518,2000s,Medium,Moderate,High
Rwanda,RWA,AFR,2006,9299243,11000.0,123.0,2000.0,22.0,18.0,9.299243,2000s,Medium,Moderate,High
Rwanda,RWA,AFR,2007,9549931,11000.0,110.0,1700.0,18.0,17.0,9.549931,2000s,Medium,Low,High
Rwanda,RWA,AFR,2008,9804273,9700.0,99.0,1500.0,15.0,16.0,9.804273,2000s,Low,Low,High
Rwanda,RWA,AFR,2009,10060434,9000.0,90.0,1300.0,13.0,15.0,10.060434,2000s,Low,Low,High
Rwanda,RWA,AFR,2010,10317557,8500.0,82.0,1300.0,12.0,15.0,10.317557,2010s,Low,Low,High
Rwanda,RWA,AFR,2011,10573730,8100.0,76.0,1200.0,11.0,15.0,10.57373,2010s,Low,Low,High
Rwanda,RWA,AFR,2012,10829898,7800.0,72.0,1100.0,10.0,15.0,10.829898,2010s,Low,Low,High
Rwanda,RWA,AFR,2013,11093341,7700.0,70.0,1100.0,10.0,15.0,11.093341,2010s,Low,Low,High
Rwanda,RWA,AFR,2014,11364755,7700.0,68.0,1100.0,9.8,15.0,11.364755,2010s,Low,Low,High
Rwanda,RWA,AFR,2015,11640031,7700.0,66.0,1200.0,10.0,16.0,11.640031,2010s,Low,Low,High
Rwanda,RWA,AFR,2016,11919186,7800.0,65.0,1100.0,9.1,14.0,11.919186,2010s,Low,Low,High
Rwanda,RWA,AFR,2017,12202058,7900.0,65.0,1100.0,9.1,15.0,12.202058,2010s,Low,Low,High
Rwanda,RWA,AFR,2018,12488000,8000.0,64.0,1100.0,8.8,14.0,12.488,2010s,Low,Low,High
Rwanda,RWA,AFR,2019,12776100,8100.0,63.0,1100.0,8.7,14.0,12.7761,2010s,Low,Low,High
Rwanda,RWA,AFR,2020,13065832,8200.0,63.0,1300.0,10.0,16.0,13.065832,2020s,Low,Low,High
Rwanda,RWA,AFR,2021,13355261,8400.0,63.0,1400.0,11.0,18.0,13.355261,2020s,Low,Low,High
Rwanda,RWA,AFR,2022,13651023,8500.0,62.0,650.0,4.8,8.0,13.651023,2020s,Low,Low,Moderate
Rwanda,RWA,AFR,2023,13954478,8700.0,62.0,350.0,2.5,4.0,13.954478,2020s,Low,Low,Low
Rwanda,RWA,AFR,2024,14256561,8800.0,62.0,480.0,3.4,6.0,14.256561,2020s,Low,Low,Moderate
Saint Kitts and Nevis,KNA,AMR,2000,45235,0.0,0.0,1.0,2.2,,0.045235,2000s,,Low,
Saint Kitts and Nevis,KNA,AMR,2001,45757,2.0,4.4,1.0,2.2,,0.045757,2000s,Low,Low,
Saint Kitts and Nevis,KNA,AMR,2002,46013,3.0,6.5,1.0,2.6,,0.046013,2000s,Low,Low,
Saint Kitts and Nevis,KNA,AMR,2003,46186,1.0,2.2,1.0,3.0,,0.046186,2000s,Low,Low,
Saint Kitts and Nevis,KNA,AMR,2004,46307,2.0,4.3,2.0,3.5,,0.046307,2000s,Low,Low,
Saint Kitts and Nevis,KNA,AMR,2005,46432,0.0,0.0,2.0,3.9,,0.046432,2000s,,Low,
Saint Kitts and Nevis,KNA,AMR,2006,46566,1.0,2.1,2.0,4.2,,0.046566,2000s,Low,Low,
Saint Kitts and Nevis,KNA,AMR,2007,46705,4.0,8.6,1.0,2.1,,0.046705,2000s,Low,Low,
Saint Kitts and Nevis,KNA,AMR,2008,46836,5.0,11.0,1.0,2.1,,0.046836,2000s,Low,Low,
Saint Kitts and Nevis,KNA,AMR,2009,46915,4.0,8.5,1.0,2.1,,0.046915,2000s,Low,Low,
Saint Kitts and Nevis,KNA,AMR,2010,46855,2.0,4.3,1.0,2.1,,0.046855,2010s,Low,Low,
Saint Kitts and Nevis,KNA,AMR,2011,46882,1.0,2.1,1.0,2.0,,0.046882,2010s,Low,Low,
Saint Kitts and Nevis,KNA,AMR,2012,47034,2.0,4.3,1.0,2.0,,0.047034,2010s,Low,Low,
Saint Kitts and Nevis,KNA,AMR,2013,47063,0.0,0.0,1.0,2.0,,0.047063,2010s,,Low,
Saint Kitts and Nevis,KNA,AMR,2014,47085,7.0,15.0,1.0,2.0,,0.047085,2010s,Low,Low,
Saint Kitts and Nevis,KNA,AMR,2015,47087,2.0,4.2,1.0,2.0,,0.047087,2010s,Low,Low,
Saint Kitts and Nevis,KNA,AMR,2016,47075,0.0,0.0,1.0,1.9,,0.047075,2010s,,Low,
Saint Kitts and Nevis,KNA,AMR,2017,47056,1.0,2.1,1.0,1.9,,0.047056,2010s,Low,Low,
Saint Kitts and Nevis,KNA,AMR,2018,47009,0.0,0.0,1.0,1.9,,0.047009,2010s,,Low,
Saint Kitts and Nevis,KNA,AMR,2019,46957,2.0,4.3,1.0,1.9,,0.046957,2010s,Low,Low,
Saint Kitts and Nevis,KNA,AMR,2020,46871,2.0,4.3,1.0,1.9,,0.046871,2020s,Low,Low,
Saint Kitts and Nevis,KNA,AMR,2021,46772,0.0,0.0,1.0,1.9,,0.046772,2020s,,Low,
Saint Kitts and Nevis,KNA,AMR,2022,46707,1.0,1.8,1.0,1.9,,0.046707,2020s,Low,Low,
Saint Kitts and Nevis,KNA,AMR,2023,46760,1.0,2.1,1.0,1.9,,0.04676,2020s,Low,Low,
Saint Kitts and Nevis,KNA,AMR,2024,46842,1.0,1.1,1.0,1.9,,0.046842,2020s,Low,Low,
Saint Lucia,LCA,AMR,2000,158624,9.0,5.7,1.0,0.75,,0.158624,2000s,Low,Low,
Saint Lucia,LCA,AMR,2001,160235,15.0,9.4,1.0,0.66,,0.160235,2000s,Low,Low,
Saint Lucia,LCA,AMR,2002,161640,17.0,11.0,2.0,1.0,,0.16164,2000s,Low,Low,
Saint Lucia,LCA,AMR,2003,162975,15.0,9.2,2.0,1.2,,0.162975,2000s,Low,Low,
Saint Lucia,LCA,AMR,2004,164240,15.0,9.1,6.0,3.5,,0.16424,2000s,Low,Low,
Saint Lucia,LCA,AMR,2005,165444,14.0,8.5,5.0,3.2,,0.165444,2000s,Low,Low,
Saint Lucia,LCA,AMR,2006,166634,15.0,9.0,3.0,1.9,,0.166634,2000s,Low,Low,
Saint Lucia,LCA,AMR,2007,167760,19.0,11.0,3.0,1.9,,0.16776,2000s,Low,Low,
Saint Lucia,LCA,AMR,2008,168804,21.0,12.0,2.0,1.4,,0.168804,2000s,Low,Low,
Saint Lucia,LCA,AMR,2009,169873,10.0,5.9,1.0,0.77,,0.169873,2000s,Low,Low,
Saint Lucia,LCA,AMR,2010,170907,9.0,5.3,1.0,0.51,,0.170907,2010s,Low,Low,
Saint Lucia,LCA,AMR,2011,171800,7.0,4.1,1.0,0.63,,0.1718,2010s,Low,Low,
Saint Lucia,LCA,AMR,2012,172585,11.0,6.4,1.0,0.53,,0.172585,2010s,Low,Low,
Saint Lucia,LCA,AMR,2013,173368,9.0,5.2,4.0,2.6,,0.173368,2010s,Low,Low,
Saint Lucia,LCA,AMR,2014,174136,6.0,3.4,2.0,1.4,,0.174136,2010s,Low,Low,
Saint Lucia,LCA,AMR,2015,174902,14.0,8.0,2.0,1.2,,0.174902,2010s,Low,Low,
Saint Lucia,LCA,AMR,2016,175642,3.0,1.7,1.0,0.57,,0.175642,2010s,Low,Low,
Saint Lucia,LCA,AMR,2017,176338,11.0,6.2,1.0,0.52,,0.176338,2010s,Low,Low,
Saint Lucia,LCA,AMR,2018,177020,5.0,2.8,2.0,0.86,,0.17702,2010s,Low,Low,
Saint Lucia,LCA,AMR,2019,177660,6.0,3.4,2.0,1.0,,0.17766,2010s,Low,Low,
Saint Lucia,LCA,AMR,2020,178256,8.0,4.5,2.0,1.1,,0.178256,2020s,Low,Low,
Saint Lucia,LCA,AMR,2021,178528,4.0,2.2,2.0,1.3,,0.178528,2020s,Low,Low,
Saint Lucia,LCA,AMR,2022,178773,2.0,1.1,1.0,0.48,,0.178773,2020s,Low,Low,
Saint Lucia,LCA,AMR,2023,179278,2.0,1.1,1.0,0.48,,0.179278,2020s,Low,Low,
Saint Lucia,LCA,AMR,2024,179741,1.0,0.56,1.0,0.48,,0.179741,2020s,Low,Low,
Saint Vincent and the Grenadines,VCT,AMR,2000,113549,16.0,14.0,4.0,3.3,,0.113549,2000s,Low,Low,
Saint Vincent and the Grenadines,VCT,AMR,2001,113498,10.0,8.8,2.0,2.0,,0.113498,2000s,Low,Low,
Saint Vincent and the Grenadines,VCT,AMR,2002,113346,10.0,8.8,1.0,1.1,,0.113346,2000s,Low,Low,
Saint Vincent and the Grenadines,VCT,AMR,2003,113137,14.0,12.0,6.0,5.6,,0.113137,2000s,Low,Low,
Saint Vincent and the Grenadines,VCT,AMR,2004,112834,8.0,7.1,4.0,3.3,,0.112834,2000s,Low,Low,
Saint Vincent and the Grenadines,VCT,AMR,2005,112447,7.0,6.2,1.0,0.95,,0.112447,2000s,Low,Low,
Saint Vincent and the Grenadines,VCT,AMR,2006,112012,13.0,12.0,3.0,3.0,,0.112012,2000s,Low,Low,
Saint Vincent and the Grenadines,VCT,AMR,2007,111532,12.0,11.0,4.0,3.4,,0.111532,2000s,Low,Low,
Saint Vincent and the Grenadines,VCT,AMR,2008,111034,12.0,11.0,1.0,1.3,,0.111034,2000s,Low,Low,
Saint Vincent and the Grenadines,VCT,AMR,2009,110509,9.0,8.1,2.0,1.5,,0.110509,2000s,Low,Low,
Saint Vincent and the Grenadines,VCT,AMR,2010,109963,15.0,14.0,7.0,6.6,,0.109963,2010s,Low,Low,
Saint Vincent and the Grenadines,VCT,AMR,2011,109343,17.0,16.0,6.0,5.2,,0.109343,2010s,Low,Low,
Saint Vincent and the Grenadines,VCT,AMR,2012,108733,30.0,28.0,5.0,4.9,,0.108733,2010s,Low,Low,
Saint Vincent and the Grenadines,VCT,AMR,2013,108129,3.0,2.8,1.0,1.0,,0.108129,2010s,Low,Low,
Saint Vincent and the Grenadines,VCT,AMR,2014,107536,5.0,4.6,3.0,2.7,,0.107536,2010s,Low,Low,
Saint Vincent and the Grenadines,VCT,AMR,2015,106954,7.0,6.5,1.0,1.1,,0.106954,2010s,Low,Low,
Saint Vincent and the Grenadines,VCT,AMR,2016,106352,6.0,5.6,1.0,0.99,,0.106352,2010s,Low,Low,
Saint Vincent and the Grenadines,VCT,AMR,2017,105664,2.0,1.9,1.0,1.0,,0.105664,2010s,Low,Low,
Saint Vincent and the Grenadines,VCT,AMR,2018,104924,6.0,5.7,3.0,3.0,,0.104924,2010s,Low,Low,
Saint Vincent and the Grenadines,VCT,AMR,2019,104165,4.0,3.8,2.0,2.0,,0.104165,2010s,Low,Low,
Saint Vincent and the Grenadines,VCT,AMR,2020,103526,13.0,13.0,3.0,2.9,,0.103526,2020s,Low,Low,
Saint Vincent and the Grenadines,VCT,AMR,2021,102839,5.0,4.9,2.0,2.1,,0.102839,2020s,Low,Low,
Saint Vincent and the Grenadines,VCT,AMR,2022,102048,5.0,4.9,2.0,2.0,,0.102048,2020s,Low,Low,
Saint Vincent and the Grenadines,VCT,AMR,2023,101318,4.0,3.9,1.0,1.1,,0.101318,2020s,Low,Low,
Saint Vincent and the Grenadines,VCT,AMR,2024,100615,5.0,4.6,1.0,1.1,,0.100615,2020s,Low,Low,
Samoa,WSM,WPR,2000,181690,43.0,24.0,1.0,0.71,,0.18169,2000s,Low,Low,
Samoa,WSM,WPR,2001,183167,22.0,12.0,1.0,0.36,,0.183167,2000s,Low,Low,
Samoa,WSM,WPR,2002,184469,31.0,17.0,1.0,0.5,,0.184469,2000s,Low,Low,
Samoa,WSM,WPR,2003,185422,27.0,15.0,1.0,0.44,,0.185422,2000s,Low,Low,
Samoa,WSM,WPR,2004,186238,34.0,18.0,1.0,0.55,,0.186238,2000s,Low,Low,
Samoa,WSM,WPR,2005,186970,24.0,13.0,1.0,0.39,,0.18697,2000s,Low,Low,
Samoa,WSM,WPR,2006,187711,25.0,13.0,1.0,0.4,,0.187711,2000s,Low,Low,
Samoa,WSM,WPR,2007,188763,21.0,11.0,1.0,0.34,,0.188763,2000s,Low,Low,
Samoa,WSM,WPR,2008,190113,12.0,6.3,0.0,0.19,,0.190113,2000s,Low,Low,
Samoa,WSM,WPR,2009,191507,16.0,8.4,0.0,0.25,,0.191507,2000s,Low,Low,
Samoa,WSM,WPR,2010,193017,14.0,7.3,0.0,0.22,,0.193017,2010s,Low,Low,
Samoa,WSM,WPR,2011,194717,20.0,10.0,1.0,0.31,,0.194717,2010s,Low,Low,
Samoa,WSM,WPR,2012,196493,22.0,11.0,1.0,0.34,,0.196493,2010s,Low,Low,
Samoa,WSM,WPR,2013,198265,22.0,11.0,1.0,0.33,,0.198265,2010s,Low,Low,
Samoa,WSM,WPR,2014,200038,23.0,11.0,1.0,0.34,,0.200038,2010s,Low,Low,
Samoa,WSM,WPR,2015,201775,19.0,9.4,1.0,0.28,,0.201775,2010s,Low,Low,
Samoa,WSM,WPR,2016,203500,13.0,6.4,0.0,0.19,,0.2035,2010s,Low,Low,
Samoa,WSM,WPR,2017,205418,30.0,15.0,1.0,0.44,,0.205418,2010s,Low,Low,
Samoa,WSM,WPR,2018,207586,11.0,5.3,0.0,0.16,,0.207586,2010s,Low,Low,
Samoa,WSM,WPR,2019,209779,18.0,8.6,1.0,0.26,,0.209779,2010s,Low,Low,
Samoa,WSM,WPR,2020,211945,13.0,6.1,0.0,0.18,,0.211945,2020s,Low,Low,
Samoa,WSM,WPR,2021,213784,13.0,6.1,0.0,0.18,,0.213784,2020s,Low,Low,
Samoa,WSM,WPR,2022,215268,9.0,4.2,0.0,0.13,,0.215268,2020s,Low,Low,
Samoa,WSM,WPR,2023,216661,13.0,6.0,0.0,0.18,,0.216661,2020s,Low,Low,
Samoa,WSM,WPR,2024,218022,12.0,5.5,0.0,0.17,,0.218022,2020s,Low,Low,
San Marino,SMR,EUR,2000,26795,1.0,3.7,0.0,0.11,,0.026795,2000s,Low,Low,
San Marino,SMR,EUR,2001,27147,0.0,0.0,0.0,0.0,,0.027147,2000s,,,
San Marino,SMR,EUR,2002,27488,1.0,3.6,0.0,0.11,,0.027488,2000s,Low,Low,
San Marino,SMR,EUR,2003,27848,1.0,3.6,0.0,0.11,,0.027848,2000s,Low,Low,
San Marino,SMR,EUR,2004,28218,0.0,0.0,0.0,0.0,,0.028218,2000s,,,
San Marino,SMR,EUR,2005,28580,0.0,0.0,0.0,0.0,,0.02858,2000s,,,
San Marino,SMR,EUR,2006,28937,0.0,0.0,0.0,0.0,,0.028937,2000s,,,
San Marino,SMR,EUR,2007,29316,0.0,0.0,0.0,0.0,,0.029316,2000s,,,
San Marino,SMR,EUR,2008,29701,0.0,0.0,0.0,0.0,,0.029701,2000s,,,
San Marino,SMR,EUR,2009,30095,0.0,0.0,0.0,0.0,,0.030095,2000s,,,
San Marino,SMR,EUR,2010,30625,0.0,0.0,0.0,0.0,,0.030625,2010s,,,
San Marino,SMR,EUR,2011,32175,0.0,0.0,0.0,0.0,,0.032175,2010s,,,
San Marino,SMR,EUR,2012,33473,0.0,0.0,0.0,0.0,,0.033473,2010s,,,
San Marino,SMR,EUR,2013,33622,0.0,0.0,0.0,0.0,,0.033622,2010s,,,
San Marino,SMR,EUR,2014,33727,0.0,0.0,0.0,0.0,,0.033727,2010s,,,
San Marino,SMR,EUR,2015,33900,0.0,0.0,0.0,0.0,,0.0339,2010s,,,
San Marino,SMR,EUR,2016,34163,0.0,0.0,0.0,0.0,,0.034163,2010s,,,
San Marino,SMR,EUR,2017,34376,0.0,0.0,0.0,0.0,,0.034376,2010s,,,
San Marino,SMR,EUR,2018,34532,0.0,0.0,0.0,0.0,,0.034532,2010s,,,
San Marino,SMR,EUR,2019,34660,0.0,0.0,0.0,0.0,,0.03466,2010s,,,
San Marino,SMR,EUR,2020,34767,0.0,0.0,0.0,0.0,,0.034767,2020s,,,
San Marino,SMR,EUR,2021,34568,0.0,0.0,0.0,0.0,,0.034568,2020s,,,
San Marino,SMR,EUR,2022,34088,0.0,0.0,0.0,0.0,,0.034088,2020s,,,
San Marino,SMR,EUR,2023,33728,0.0,0.0,0.0,0.0,,0.033728,2020s,,,
San Marino,SMR,EUR,2024,33582,0.0,0.0,0.0,0.0,,0.033582,2020s,,,
Sao Tome and Principe,STP,AFR,2000,144017,370.0,254.0,140.0,99.0,39.0,0.144017,2000s,High,High,High
Sao Tome and Principe,STP,AFR,2001,146372,350.0,241.0,130.0,90.0,38.0,0.146372,2000s,High,High,High
Sao Tome and Principe,STP,AFR,2002,149920,330.0,220.0,120.0,80.0,37.0,0.14992,2000s,High,High,High
Sao Tome and Principe,STP,AFR,2003,153803,360.0,237.0,120.0,75.0,32.0,0.153803,2000s,High,High,High
Sao Tome and Principe,STP,AFR,2004,157709,400.0,252.0,140.0,87.0,35.0,0.157709,2000s,High,High,High
Sao Tome and Principe,STP,AFR,2005,161636,430.0,268.0,140.0,84.0,32.0,0.161636,2000s,High,High,High
Sao Tome and Principe,STP,AFR,2006,165633,450.0,273.0,150.0,89.0,33.0,0.165633,2000s,High,High,High
Sao Tome and Principe,STP,AFR,2007,169697,260.0,151.0,79.0,46.0,31.0,0.169697,2000s,Medium,Moderate,High
Sao Tome and Principe,STP,AFR,2008,173791,180.0,101.0,52.0,30.0,30.0,0.173791,2000s,Medium,Moderate,High
Sao Tome and Principe,STP,AFR,2009,177843,190.0,107.0,56.0,32.0,30.0,0.177843,2000s,Medium,Moderate,High
Sao Tome and Principe,STP,AFR,2010,181796,280.0,153.0,79.0,43.0,29.0,0.181796,2010s,Medium,Moderate,High
Sao Tome and Principe,STP,AFR,2011,185651,300.0,163.0,83.0,45.0,28.0,0.185651,2010s,Medium,Moderate,High
Sao Tome and Principe,STP,AFR,2012,189431,250.0,131.0,68.0,36.0,28.0,0.189431,2010s,Medium,Moderate,High
Sao Tome and Principe,STP,AFR,2013,193146,310.0,159.0,87.0,45.0,29.0,0.193146,2010s,Medium,Moderate,High
Sao Tome and Principe,STP,AFR,2014,196760,320.0,163.0,87.0,44.0,27.0,0.19676,2010s,Medium,Moderate,High
Sao Tome and Principe,STP,AFR,2015,200284,350.0,175.0,90.0,45.0,26.0,0.200284,2010s,Medium,Moderate,High
Sao Tome and Principe,STP,AFR,2016,203688,360.0,175.0,92.0,45.0,26.0,0.203688,2010s,Medium,Moderate,High
Sao Tome and Principe,STP,AFR,2017,206975,250.0,122.0,61.0,29.0,24.0,0.206975,2010s,Medium,Moderate,High
Sao Tome and Principe,STP,AFR,2018,210191,260.0,123.0,58.0,28.0,23.0,0.210191,2010s,Medium,Moderate,High
Sao Tome and Principe,STP,AFR,2019,213393,230.0,108.0,50.0,23.0,22.0,0.213393,2010s,Medium,Moderate,High
Sao Tome and Principe,STP,AFR,2020,217432,150.0,69.0,29.0,13.0,20.0,0.217432,2020s,Low,Low,High
Sao Tome and Principe,STP,AFR,2021,221960,130.0,59.0,27.0,12.0,21.0,0.22196,2020s,Low,Low,High
Sao Tome and Principe,STP,AFR,2022,226304,200.0,87.0,38.0,17.0,20.0,0.226304,2020s,Low,Low,High
Sao Tome and Principe,STP,AFR,2023,230871,170.0,73.0,34.0,15.0,21.0,0.230871,2020s,Low,Low,High
Sao Tome and Principe,STP,AFR,2024,235536,210.0,87.0,44.0,18.0,21.0,0.235536,2020s,Low,Low,High
Saudi Arabia,SAU,EMR,2000,16177716,3800.0,23.0,440.0,2.7,12.0,16.177716,2000s,Low,Low,High
Saudi Arabia,SAU,EMR,2001,17041400,3700.0,21.0,430.0,2.5,12.0,17.0414,2000s,Low,Low,High
Saudi Arabia,SAU,EMR,2002,17910906,3700.0,21.0,420.0,2.4,11.0,17.910906,2000s,Low,Low,High
Saudi Arabia,SAU,EMR,2003,18786766,3600.0,19.0,410.0,2.2,11.0,18.786766,2000s,Low,Low,High
Saudi Arabia,SAU,EMR,2004,19669490,3600.0,19.0,400.0,2.0,11.0,19.66949,2000s,Low,Low,High
Saudi Arabia,SAU,EMR,2005,20559895,3900.0,19.0,390.0,1.9,10.0,20.559895,2000s,Low,Low,Moderate
Saudi Arabia,SAU,EMR,2006,21459150,4200.0,19.0,370.0,1.7,9.0,21.45915,2000s,Low,Low,Moderate
Saudi Arabia,SAU,EMR,2007,22368314,4400.0,19.0,360.0,1.6,8.0,22.368314,2000s,Low,Low,Moderate
Saudi Arabia,SAU,EMR,2008,23287873,4400.0,19.0,350.0,1.5,8.0,23.287873,2000s,Low,Low,Moderate
Saudi Arabia,SAU,EMR,2009,24217660,4400.0,18.0,340.0,1.4,8.0,24.21766,2000s,Low,Low,Moderate
Saudi Arabia,SAU,EMR,2010,25157125,4900.0,20.0,340.0,1.3,7.0,25.157125,2010s,Low,Low,Moderate
Saudi Arabia,SAU,EMR,2011,26105653,4300.0,17.0,320.0,1.2,7.0,26.105653,2010s,Low,Low,Moderate
Saudi Arabia,SAU,EMR,2012,27062443,4100.0,15.0,310.0,1.1,8.0,27.062443,2010s,Low,Low,Moderate
Saudi Arabia,SAU,EMR,2013,28026831,3800.0,13.0,290.0,1.0,8.0,28.026831,2010s,Low,Low,Moderate
Saudi Arabia,SAU,EMR,2014,28998137,3600.0,12.0,280.0,0.95,8.0,28.998137,2010s,Low,Low,Moderate
Saudi Arabia,SAU,EMR,2015,29974939,3600.0,12.0,260.0,0.88,7.0,29.974939,2010s,Low,Low,Moderate
Saudi Arabia,SAU,EMR,2016,30717805,3200.0,10.0,260.0,0.85,8.0,30.717805,2010s,Low,Low,Moderate
Saudi Arabia,SAU,EMR,2017,30782402,3200.0,10.0,250.0,0.81,8.0,30.782402,2010s,Low,Low,Moderate
Saudi Arabia,SAU,EMR,2018,30365132,3300.0,11.0,220.0,0.72,7.0,30.365132,2010s,Low,Low,Moderate
Saudi Arabia,SAU,EMR,2019,30472816,3200.0,11.0,210.0,0.68,6.0,30.472816,2010s,Low,Low,Moderate
Saudi Arabia,SAU,EMR,2020,30991210,2700.0,8.7,200.0,0.63,7.0,30.99121,2020s,Low,Low,Moderate
Saudi Arabia,SAU,EMR,2021,31328376,2800.0,9.0,140.0,0.44,5.0,31.328376,2020s,Low,Low,Low
Saudi Arabia,SAU,EMR,2022,32175352,2800.0,8.8,170.0,0.54,6.0,32.175352,2020s,Low,Low,Moderate
Saudi Arabia,SAU,EMR,2023,33264294,2800.0,8.4,190.0,0.57,7.0,33.264294,2020s,Low,Low,Moderate
Saudi Arabia,SAU,EMR,2024,33962761,2900.0,8.4,200.0,0.57,7.0,33.962761,2020s,Low,Low,Moderate
Senegal,SEN,AFR,2000,9968263,17000.0,173.0,4500.0,46.0,27.0,9.968263,2000s,Medium,Moderate,High
Senegal,SEN,AFR,2001,10212947,18000.0,177.0,4800.0,47.0,27.0,10.212947,2000s,Medium,Moderate,High
Senegal,SEN,AFR,2002,10466218,19000.0,180.0,5200.0,50.0,28.0,10.466218,2000s,Medium,Moderate,High
Senegal,SEN,AFR,2003,10721171,20000.0,182.0,5100.0,47.0,26.0,10.721171,2000s,Medium,Moderate,High
Senegal,SEN,AFR,2004,10975701,20000.0,184.0,5500.0,50.0,27.0,10.975701,2000s,Medium,Moderate,High
Senegal,SEN,AFR,2005,11235475,21000.0,185.0,5500.0,49.0,27.0,11.235475,2000s,Medium,Moderate,High
Senegal,SEN,AFR,2006,11500093,21000.0,185.0,5600.0,49.0,26.0,11.500093,2000s,Medium,Moderate,High
Senegal,SEN,AFR,2007,11770350,22000.0,185.0,5800.0,49.0,27.0,11.77035,2000s,Medium,Moderate,High
Senegal,SEN,AFR,2008,12048957,22000.0,184.0,5600.0,47.0,26.0,12.048957,2000s,Medium,Moderate,High
Senegal,SEN,AFR,2009,12337390,23000.0,182.0,5700.0,46.0,26.0,12.33739,2000s,Medium,Moderate,High
Senegal,SEN,AFR,2010,12635414,23000.0,181.0,5900.0,46.0,26.0,12.635414,2010s,Medium,Moderate,High
Senegal,SEN,AFR,2011,12958893,23000.0,179.0,6100.0,47.0,26.0,12.958893,2010s,Medium,Moderate,High
Senegal,SEN,AFR,2012,13310491,24000.0,177.0,5600.0,42.0,24.0,13.310491,2010s,Medium,Moderate,High
Senegal,SEN,AFR,2013,13710848,24000.0,174.0,5300.0,39.0,23.0,13.710848,2010s,Medium,Moderate,High
Senegal,SEN,AFR,2014,14152096,24000.0,170.0,5300.0,38.0,22.0,14.152096,2010s,Medium,Moderate,High
Senegal,SEN,AFR,2015,14593329,24000.0,165.0,5400.0,37.0,22.0,14.593329,2010s,Medium,Moderate,High
Senegal,SEN,AFR,2016,15034519,24000.0,159.0,5400.0,36.0,23.0,15.034519,2010s,Medium,Moderate,High
Senegal,SEN,AFR,2017,15475000,24000.0,152.0,5100.0,33.0,22.0,15.475,2010s,Medium,Moderate,High
Senegal,SEN,AFR,2018,15914503,23000.0,147.0,5000.0,31.0,21.0,15.914503,2010s,Medium,Moderate,High
Senegal,SEN,AFR,2019,16352923,23000.0,143.0,4900.0,30.0,21.0,16.352923,2010s,Medium,Moderate,High
Senegal,SEN,AFR,2020,16789219,23000.0,139.0,5100.0,30.0,22.0,16.789219,2020s,Medium,Moderate,High
Senegal,SEN,AFR,2021,17220855,23000.0,136.0,4900.0,28.0,21.0,17.220855,2020s,Medium,Moderate,High
Senegal,SEN,AFR,2022,17651103,24000.0,134.0,4500.0,25.0,19.0,17.651103,2020s,Medium,Moderate,High
Senegal,SEN,AFR,2023,18077568,24000.0,133.0,3800.0,21.0,16.0,18.077568,2020s,Medium,Moderate,High
Senegal,SEN,AFR,2024,18501996,24000.0,132.0,4000.0,22.0,17.0,18.501996,2020s,Medium,Moderate,High
Serbia & Montenegro,SCG,EUR,2000,8328802,2700.0,33.0,220.0,2.7,9.0,8.328802,2000s,Low,Low,Moderate
Serbia & Montenegro,SCG,EUR,2001,8285913,4300.0,52.0,360.0,4.3,9.0,8.285913,2000s,Low,Low,Moderate
Serbia & Montenegro,SCG,EUR,2002,8250513,4000.0,49.0,330.0,4.0,9.0,8.250513,2000s,Low,Low,Moderate
Serbia & Montenegro,SCG,EUR,2003,8224493,4400.0,54.0,370.0,4.4,9.0,8.224493,2000s,Low,Low,Moderate
Serbia & Montenegro,SCG,EUR,2004,8199606,3500.0,43.0,290.0,3.5,9.0,8.199606,2000s,Low,Low,Moderate
Serbia,SRB,EUR,2005,7539135,5200.0,69.0,260.0,3.5,5.0,7.539135,2000s,Low,Low,Low
Serbia,SRB,EUR,2006,7511398,5100.0,68.0,210.0,2.8,4.0,7.511398,2000s,Low,Low,Low
Serbia,SRB,EUR,2007,7482987,4700.0,63.0,230.0,3.1,5.0,7.482987,2000s,Low,Low,Low
Serbia,SRB,EUR,2008,7454277,4400.0,59.0,180.0,2.4,4.0,7.454277,2000s,Low,Low,Low
Serbia,SRB,EUR,2009,7425345,4100.0,55.0,170.0,2.3,4.0,7.425345,2000s,Low,Low,Low
Serbia,SRB,EUR,2010,7395861,3800.0,51.0,170.0,2.3,4.0,7.395861,2010s,Low,Low,Low
Serbia,SRB,EUR,2011,7364850,3400.0,47.0,150.0,2.0,4.0,7.36485,2010s,Low,Low,Low
Serbia,SRB,EUR,2012,7324618,2900.0,39.0,150.0,2.1,5.0,7.324618,2010s,Low,Low,Low
Serbia,SRB,EUR,2013,7276181,3200.0,43.0,140.0,1.9,4.0,7.276181,2010s,Low,Low,Low
Serbia,SRB,EUR,2014,7227195,2700.0,37.0,110.0,1.6,4.0,7.227195,2010s,Low,Low,Low
Serbia,SRB,EUR,2015,7177263,2400.0,33.0,85.0,1.2,4.0,7.177263,2010s,Low,Low,Low
Serbia,SRB,EUR,2016,7126087,2100.0,29.0,96.0,1.4,5.0,7.126087,2010s,Low,Low,Low
Serbia,SRB,EUR,2017,7073502,2000.0,29.0,90.0,1.3,4.0,7.073502,2010s,Low,Low,Low
Serbia,SRB,EUR,2018,7020017,1800.0,26.0,81.0,1.2,4.0,7.020017,2010s,Low,Low,Low
Serbia,SRB,EUR,2019,6966155,1500.0,21.0,52.0,0.75,4.0,6.966155,2010s,Low,Low,Low
Serbia,SRB,EUR,2020,6907809,1500.0,21.0,52.0,0.76,4.0,6.907809,2020s,Low,Low,Low
Serbia,SRB,EUR,2021,6835431,1300.0,19.0,44.0,0.64,3.0,6.835431,2020s,Low,Low,Low
Serbia,SRB,EUR,2022,6791212,1200.0,17.0,55.0,0.81,5.0,6.791212,2020s,Low,Low,Low
Serbia,SRB,EUR,2023,6773199,1300.0,20.0,77.0,1.1,6.0,6.773199,2020s,Low,Low,Moderate
Serbia,SRB,EUR,2024,6736222,590.0,8.7,27.0,0.4,5.0,6.736222,2020s,Low,Low,Low
Seychelles,SYC,AFR,2000,83311,20.0,24.0,2.0,2.6,,0.083311,2000s,Low,Low,
Seychelles,SYC,AFR,2001,84605,19.0,22.0,2.0,2.2,,0.084605,2000s,Low,Low,
Seychelles,SYC,AFR,2002,85854,29.0,34.0,3.0,3.9,,0.085854,2000s,Low,Low,
Seychelles,SYC,AFR,2003,87031,10.0,11.0,0.0,0.0,,0.087031,2000s,Low,,
Seychelles,SYC,AFR,2004,88151,18.0,20.0,0.0,0.0,,0.088151,2000s,Low,,
Seychelles,SYC,AFR,2005,89260,14.0,16.0,2.0,1.9,,0.08926,2000s,Low,Low,
Seychelles,SYC,AFR,2006,90372,17.0,19.0,1.0,0.98,,0.090372,2000s,Low,Low,
Seychelles,SYC,AFR,2007,91464,17.0,19.0,1.0,1.0,,0.091464,2000s,Low,Low,
Seychelles,SYC,AFR,2008,92546,6.0,6.5,2.0,2.0,,0.092546,2000s,Low,Low,
Seychelles,SYC,AFR,2009,93638,15.0,16.0,3.0,2.9,,0.093638,2000s,Low,Low,
Seychelles,SYC,AFR,2010,94968,17.0,18.0,0.0,0.09,,0.094968,2010s,Low,Low,
Seychelles,SYC,AFR,2011,97024,21.0,22.0,1.0,1.3,,0.097024,2010s,Low,Low,
Seychelles,SYC,AFR,2012,99543,20.0,20.0,0.0,0.26,,0.099543,2010s,Low,Low,
Seychelles,SYC,AFR,2013,102098,24.0,24.0,2.0,1.9,,0.102098,2010s,Low,Low,
Seychelles,SYC,AFR,2014,104647,13.0,12.0,0.0,0.09,,0.104647,2010s,Low,Low,
Seychelles,SYC,AFR,2015,107236,8.0,7.5,1.0,0.96,,0.107236,2010s,Low,Low,
Seychelles,SYC,AFR,2016,109814,12.0,11.0,0.0,0.09,,0.109814,2010s,Low,Low,
Seychelles,SYC,AFR,2017,112432,16.0,14.0,2.0,1.8,,0.112432,2010s,Low,Low,
Seychelles,SYC,AFR,2018,115034,15.0,13.0,2.0,1.6,,0.115034,2010s,Low,Low,
Seychelles,SYC,AFR,2019,117638,14.0,12.0,1.0,1.0,,0.117638,2010s,Low,Low,
Seychelles,SYC,AFR,2020,120281,9.0,7.5,0.0,0.17,,0.120281,2020s,Low,Low,
Seychelles,SYC,AFR,2021,122995,11.0,8.9,0.0,0.17,,0.122995,2020s,Low,Low,
Seychelles,SYC,AFR,2022,125527,16.0,13.0,1.0,0.52,,0.125527,2020s,Low,Low,
Seychelles,SYC,AFR,2023,127954,23.0,18.0,1.0,0.41,,0.127954,2020s,Low,Low,
Seychelles,SYC,AFR,2024,130425,22.0,17.0,1.0,0.59,,0.130425,2020s,Low,Low,
Sierra Leone,SLE,AFR,2000,4423612,27000.0,604.0,13000.0,284.0,52.0,4.423612,2000s,High,High,High
Sierra Leone,SLE,AFR,2001,4692720,28000.0,592.0,12000.0,264.0,50.0,4.69272,2000s,High,High,High
Sierra Leone,SLE,AFR,2002,4971443,29000.0,580.0,13000.0,254.0,49.0,4.971443,2000s,High,High,High
Sierra Leone,SLE,AFR,2003,5177692,29000.0,569.0,13000.0,243.0,47.0,5.177692,2000s,High,High,High
Sierra Leone,SLE,AFR,2004,5355716,30000.0,557.0,13000.0,234.0,47.0,5.355716,2000s,High,High,High
Sierra Leone,SLE,AFR,2005,5501713,30000.0,546.0,11000.0,203.0,41.0,5.501713,2000s,High,High,High
Sierra Leone,SLE,AFR,2006,5624466,30000.0,535.0,12000.0,208.0,43.0,5.624466,2000s,High,High,High
Sierra Leone,SLE,AFR,2007,5749352,30000.0,525.0,10000.0,175.0,37.0,5.749352,2000s,High,High,High
Sierra Leone,SLE,AFR,2008,5894729,30000.0,514.0,9500.0,162.0,35.0,5.894729,2000s,High,High,High
Sierra Leone,SLE,AFR,2009,6055652,31000.0,504.0,9300.0,154.0,34.0,6.055652,2000s,High,High,High
Sierra Leone,SLE,AFR,2010,6222719,31000.0,494.0,8800.0,141.0,32.0,6.222719,2010s,High,High,High
Sierra Leone,SLE,AFR,2011,6387251,31000.0,484.0,8800.0,138.0,32.0,6.387251,2010s,High,High,High
Sierra Leone,SLE,AFR,2012,6551089,31000.0,474.0,8900.0,137.0,32.0,6.551089,2010s,High,High,High
Sierra Leone,SLE,AFR,2013,6714043,31000.0,465.0,9500.0,142.0,34.0,6.714043,2010s,High,High,High
Sierra Leone,SLE,AFR,2014,6876386,31000.0,455.0,9300.0,136.0,33.0,6.876386,2010s,High,High,High
Sierra Leone,SLE,AFR,2015,7037657,31000.0,446.0,9800.0,139.0,35.0,7.037657,2010s,High,High,High
Sierra Leone,SLE,AFR,2016,7205328,32000.0,437.0,8900.0,123.0,31.0,7.205328,2010s,High,High,High
Sierra Leone,SLE,AFR,2017,7379299,32000.0,429.0,8000.0,109.0,28.0,7.379299,2010s,High,High,High
Sierra Leone,SLE,AFR,2018,7554559,32000.0,420.0,7600.0,100.0,27.0,7.554559,2010s,High,High,High
Sierra Leone,SLE,AFR,2019,7731990,32000.0,412.0,7400.0,95.0,26.0,7.73199,2010s,High,High,High
Sierra Leone,SLE,AFR,2020,7912561,32000.0,403.0,8400.0,106.0,29.0,7.912561,2020s,High,High,High
Sierra Leone,SLE,AFR,2021,8094608,32000.0,395.0,7600.0,94.0,27.0,8.094608,2020s,High,High,High
Sierra Leone,SLE,AFR,2022,8276807,32000.0,388.0,6800.0,82.0,24.0,8.276807,2020s,High,High,High
Sierra Leone,SLE,AFR,2023,8460512,32000.0,380.0,5700.0,67.0,20.0,8.460512,2020s,High,High,High
Sierra Leone,SLE,AFR,2024,8642023,32000.0,372.0,5500.0,64.0,19.0,8.642023,2020s,High,High,High
Singapore,SGP,WPR,2000,4035247,3100.0,77.0,230.0,5.6,7.0,4.035247,2000s,Low,Low,Moderate
Singapore,SGP,WPR,2001,4116175,2700.0,65.0,200.0,4.8,7.0,4.116175,2000s,Low,Low,Moderate
Singapore,SGP,WPR,2002,4146890,2600.0,62.0,180.0,4.2,7.0,4.14689,2000s,Low,Low,Moderate
Singapore,SGP,WPR,2003,4138254,2600.0,63.0,160.0,3.8,6.0,4.138254,2000s,Low,Low,Moderate
Singapore,SGP,WPR,2004,4172764,2300.0,55.0,140.0,3.3,6.0,4.172764,2000s,Low,Low,Moderate
Singapore,SGP,WPR,2005,4268362,2200.0,51.0,120.0,2.7,5.0,4.268362,2000s,Low,Low,Low
Singapore,SGP,WPR,2006,4407063,2000.0,45.0,100.0,2.3,5.0,4.407063,2000s,Low,Low,Low
Singapore,SGP,WPR,2007,4596511,2000.0,43.0,120.0,2.6,6.0,4.596511,2000s,Low,Low,Moderate
Singapore,SGP,WPR,2008,4806742,2100.0,45.0,120.0,2.4,6.0,4.806742,2000s,Low,Low,Moderate
Singapore,SGP,WPR,2009,4968553,2000.0,40.0,100.0,2.1,5.0,4.968553,2000s,Low,Low,Low
Singapore,SGP,WPR,2010,5077002,2000.0,39.0,110.0,2.1,6.0,5.077002,2010s,Low,Low,Moderate
Singapore,SGP,WPR,2011,5182238,2000.0,39.0,100.0,1.9,5.0,5.182238,2010s,Low,Low,Low
Singapore,SGP,WPR,2012,5293339,2800.0,53.0,85.0,1.6,3.0,5.293339,2010s,Low,Low,Low
Singapore,SGP,WPR,2013,5385586,2600.0,48.0,71.0,1.3,3.0,5.385586,2010s,Low,Low,Low
Singapore,SGP,WPR,2014,5457896,2600.0,47.0,81.0,1.5,3.0,5.457896,2010s,Low,Low,Low
Singapore,SGP,WPR,2015,5525341,2500.0,46.0,56.0,1.0,2.0,5.525341,2010s,Low,Low,Low
Singapore,SGP,WPR,2016,5577938,2800.0,51.0,56.0,1.0,2.0,5.577938,2010s,Low,Low,Low
Singapore,SGP,WPR,2017,5604078,2700.0,48.0,44.0,0.79,2.0,5.604078,2010s,Low,Low,Low
Singapore,SGP,WPR,2018,5634365,2700.0,47.0,40.0,0.7,1.0,5.634365,2010s,Low,Low,Low
Singapore,SGP,WPR,2019,5669567,2400.0,42.0,32.0,0.56,1.0,5.669567,2010s,Low,Low,Low
Singapore,SGP,WPR,2020,5620149,2700.0,47.0,28.0,0.5,1.0,5.620149,2020s,Low,Low,Low
Singapore,SGP,WPR,2021,5546291,2800.0,50.0,17.0,0.31,1.0,5.546291,2020s,Low,Low,Low
Singapore,SGP,WPR,2022,5649885,3000.0,53.0,27.0,0.48,1.0,5.649885,2020s,Low,Low,Low
Singapore,SGP,WPR,2023,5789094,2400.0,41.0,28.0,0.48,1.0,5.789094,2020s,Low,Low,Low
Singapore,SGP,WPR,2024,5832385,2500.0,43.0,26.0,0.45,1.0,5.832385,2020s,Low,Low,Low
Sint Maarten (Dutch part),SXM,AMR,2010,33793,3.0,8.9,0.0,0.27,,0.033793,2010s,Low,Low,
Sint Maarten (Dutch part),SXM,AMR,2011,34259,2.0,5.8,0.0,0.18,,0.034259,2010s,Low,Low,
Sint Maarten (Dutch part),SXM,AMR,2012,35019,1.0,2.9,0.0,0.09,,0.035019,2010s,Low,Low,
Sint Maarten (Dutch part),SXM,AMR,2013,35858,2.0,5.6,0.0,0.17,,0.035858,2010s,Low,Low,
Sint Maarten (Dutch part),SXM,AMR,2014,36666,0.0,0.0,0.0,0.0,,0.036666,2010s,,,
Sint Maarten (Dutch part),SXM,AMR,2015,37469,2.0,5.3,0.0,0.16,,0.037469,2010s,Low,Low,
Sint Maarten (Dutch part),SXM,AMR,2016,38256,0.0,0.0,0.0,0.0,,0.038256,2010s,,,
Sint Maarten (Dutch part),SXM,AMR,2017,38994,5.0,13.0,0.0,0.38,,0.038994,2010s,Low,Low,
Sint Maarten (Dutch part),SXM,AMR,2018,39715,2.0,5.0,0.0,0.15,,0.039715,2010s,Low,Low,
Sint Maarten (Dutch part),SXM,AMR,2019,40390,7.0,17.0,0.0,0.52,,0.04039,2010s,Low,Low,
Sint Maarten (Dutch part),SXM,AMR,2020,41009,1.0,2.4,0.0,0.07,,0.041009,2020s,Low,Low,
Sint Maarten (Dutch part),SXM,AMR,2021,41576,1.0,2.4,0.0,0.07,,0.041576,2020s,Low,Low,
Sint Maarten (Dutch part),SXM,AMR,2022,42142,2.0,4.7,0.0,0.14,,0.042142,2020s,Low,Low,
Sint Maarten (Dutch part),SXM,AMR,2023,42744,3.0,7.0,0.0,0.21,,0.042744,2020s,Low,Low,
Sint Maarten (Dutch part),SXM,AMR,2024,43349,3.0,6.9,0.0,0.21,,0.043349,2020s,Low,Low,
Slovakia,SVK,EUR,2000,5379999,1700.0,32.0,56.0,1.0,3.0,5.379999,2000s,Low,Low,Low
Slovakia,SVK,EUR,2001,5379443,1600.0,30.0,60.0,1.1,4.0,5.379443,2000s,Low,Low,Low
Slovakia,SVK,EUR,2002,5377688,1500.0,29.0,66.0,1.2,4.0,5.377688,2000s,Low,Low,Low
Slovakia,SVK,EUR,2003,5376199,1500.0,28.0,68.0,1.3,5.0,5.376199,2000s,Low,Low,Low
Slovakia,SVK,EUR,2004,5376048,980.0,18.0,52.0,0.97,5.0,5.376048,2000s,Low,Low,Low
Slovakia,SVK,EUR,2005,5376701,1000.0,19.0,48.0,0.89,5.0,5.376701,2000s,Low,Low,Low
Slovakia,SVK,EUR,2006,5376841,960.0,18.0,47.0,0.88,5.0,5.376841,2000s,Low,Low,Low
Slovakia,SVK,EUR,2007,5377003,870.0,16.0,35.0,0.66,4.0,5.377003,2000s,Low,Low,Low
Slovakia,SVK,EUR,2008,5379120,810.0,15.0,42.0,0.79,5.0,5.37912,2000s,Low,Low,Low
Slovakia,SVK,EUR,2009,5385075,620.0,12.0,43.0,0.8,7.0,5.385075,2000s,Low,Low,Moderate
Slovakia,SVK,EUR,2010,5391850,560.0,10.0,36.0,0.66,7.0,5.39185,2010s,Low,Low,Moderate
Slovakia,SVK,EUR,2011,5398107,510.0,9.4,26.0,0.49,5.0,5.398107,2010s,Low,Low,Low
Slovakia,SVK,EUR,2012,5404874,420.0,7.8,18.0,0.32,4.0,5.404874,2010s,Low,Low,Low
Slovakia,SVK,EUR,2013,5410419,510.0,9.5,21.0,0.38,4.0,5.410419,2010s,Low,Low,Low
Slovakia,SVK,EUR,2014,5415232,400.0,7.5,35.0,0.64,9.0,5.415232,2010s,Low,Low,Moderate
Slovakia,SVK,EUR,2015,5420279,380.0,7.0,35.0,0.64,9.0,5.420279,2010s,Low,Low,Moderate
Slovakia,SVK,EUR,2016,5427262,340.0,6.3,26.0,0.48,8.0,5.427262,2010s,Low,Low,Moderate
Slovakia,SVK,EUR,2017,5435697,270.0,5.0,29.0,0.53,11.0,5.435697,2010s,Low,Low,High
Slovakia,SVK,EUR,2018,5443235,330.0,6.1,27.0,0.5,8.0,5.443235,2010s,Low,Low,Moderate
Slovakia,SVK,EUR,2019,5450632,260.0,4.8,16.0,0.3,6.0,5.450632,2010s,Low,Low,Moderate
Slovakia,SVK,EUR,2020,5455021,190.0,3.4,23.0,0.42,12.0,5.455021,2020s,Low,Low,High
Slovakia,SVK,EUR,2021,5442757,160.0,3.0,19.0,0.34,11.0,5.442757,2020s,Low,Low,High
Slovakia,SVK,EUR,2022,5473190,170.0,3.2,31.0,0.56,18.0,5.47319,2020s,Low,Low,High
Slovakia,SVK,EUR,2023,5518055,250.0,4.6,30.0,0.54,12.0,5.518055,2020s,Low,Low,High
Slovakia,SVK,EUR,2024,5506752,180.0,3.3,29.0,0.53,16.0,5.506752,2020s,Low,Low,High
Slovenia,SVN,EUR,2000,1986812,530.0,27.0,23.0,1.2,4.0,1.986812,2000s,Low,Low,Low
Slovenia,SVN,EUR,2001,1989670,520.0,26.0,29.0,1.4,6.0,1.98967,2000s,Low,Low,Moderate
Slovenia,SVN,EUR,2002,1991563,480.0,24.0,24.0,1.2,5.0,1.991563,2000s,Low,Low,Low
Slovenia,SVN,EUR,2003,1992496,410.0,20.0,30.0,1.5,7.0,1.992496,2000s,Low,Low,Moderate
Slovenia,SVN,EUR,2004,1993551,360.0,18.0,14.0,0.68,4.0,1.993551,2000s,Low,Low,Low
Slovenia,SVN,EUR,2005,1996921,380.0,19.0,20.0,0.98,5.0,1.996921,2000s,Low,Low,Low
Slovenia,SVN,EUR,2006,2003119,290.0,15.0,19.0,0.95,7.0,2.003119,2000s,Low,Low,Moderate
Slovenia,SVN,EUR,2007,2014165,300.0,15.0,30.0,1.5,10.0,2.014165,2000s,Low,Low,Moderate
Slovenia,SVN,EUR,2008,2025088,280.0,14.0,35.0,1.7,12.0,2.025088,2000s,Low,Low,High
Slovenia,SVN,EUR,2009,2035600,250.0,12.0,25.0,1.2,10.0,2.0356,2000s,Low,Low,Moderate
Slovenia,SVN,EUR,2010,2044623,220.0,11.0,20.0,0.99,9.0,2.044623,2010s,Low,Low,Moderate
Slovenia,SVN,EUR,2011,2048802,240.0,12.0,14.0,0.68,6.0,2.048802,2010s,Low,Low,Moderate
Slovenia,SVN,EUR,2012,2053319,170.0,8.4,11.0,0.54,6.0,2.053319,2010s,Low,Low,Moderate
Slovenia,SVN,EUR,2013,2056447,180.0,8.6,9.0,0.46,5.0,2.056447,2010s,Low,Low,Low
Slovenia,SVN,EUR,2014,2058404,180.0,8.7,21.0,1.0,12.0,2.058404,2010s,Low,Low,High
Slovenia,SVN,EUR,2015,2059952,160.0,7.8,11.0,0.54,7.0,2.059952,2010s,Low,Low,Moderate
Slovenia,SVN,EUR,2016,2061371,140.0,7.0,7.0,0.36,5.0,2.061371,2010s,Low,Low,Low
Slovenia,SVN,EUR,2017,2062409,130.0,6.5,7.0,0.36,6.0,2.062409,2010s,Low,Low,Moderate
Slovenia,SVN,EUR,2018,2069471,120.0,5.6,6.0,0.31,6.0,2.069471,2010s,Low,Low,Moderate
Slovenia,SVN,EUR,2019,2083432,120.0,5.5,15.0,0.7,13.0,2.083432,2010s,Low,Low,High
Slovenia,SVN,EUR,2020,2102425,88.0,4.2,17.0,0.82,20.0,2.102425,2020s,Low,Low,High
Slovenia,SVN,EUR,2021,2113490,93.0,4.4,12.0,0.57,13.0,2.11349,2020s,Low,Low,High
Slovenia,SVN,EUR,2022,2115236,85.0,4.0,11.0,0.54,14.0,2.115236,2020s,Low,Low,High
Slovenia,SVN,EUR,2023,2118401,100.0,4.7,3.0,0.13,3.0,2.118401,2020s,Low,Low,Low
Slovenia,SVN,EUR,2024,2118697,54.0,2.6,2.0,0.12,5.0,2.118697,2020s,Low,Low,Low
Solomon Islands,SLB,WPR,2000,440464,1200.0,282.0,410.0,94.0,34.0,0.440464,2000s,High,High,High
Solomon Islands,SLB,WPR,2001,449114,1200.0,264.0,390.0,87.0,33.0,0.449114,2000s,High,High,High
Solomon Islands,SLB,WPR,2002,457668,1000.0,224.0,340.0,74.0,33.0,0.457668,2000s,High,High,High
Solomon Islands,SLB,WPR,2003,466155,1200.0,249.0,380.0,82.0,33.0,0.466155,2000s,High,High,High
Solomon Islands,SLB,WPR,2004,474608,1300.0,280.0,440.0,92.0,33.0,0.474608,2000s,High,High,High
Solomon Islands,SLB,WPR,2005,483077,1500.0,317.0,500.0,104.0,33.0,0.483077,2000s,High,High,High
Solomon Islands,SLB,WPR,2006,491594,1300.0,271.0,420.0,86.0,32.0,0.491594,2000s,High,High,High
Solomon Islands,SLB,WPR,2007,500157,1300.0,266.0,410.0,83.0,31.0,0.500157,2000s,High,High,High
Solomon Islands,SLB,WPR,2008,508791,1200.0,239.0,370.0,72.0,31.0,0.508791,2000s,High,High,High
Solomon Islands,SLB,WPR,2009,518133,1100.0,209.0,320.0,62.0,30.0,0.518133,2000s,High,High,High
Solomon Islands,SLB,WPR,2010,532967,950.0,177.0,270.0,51.0,29.0,0.532967,2010s,Medium,High,High
Solomon Islands,SLB,WPR,2011,552946,1100.0,195.0,300.0,55.0,28.0,0.552946,2010s,Medium,High,High
Solomon Islands,SLB,WPR,2012,573606,940.0,165.0,260.0,46.0,28.0,0.573606,2010s,Medium,Moderate,High
Solomon Islands,SLB,WPR,2013,594940,910.0,153.0,250.0,42.0,27.0,0.59494,2010s,Medium,Moderate,High
Solomon Islands,SLB,WPR,2014,616902,850.0,137.0,230.0,37.0,27.0,0.616902,2010s,Medium,Moderate,High
Solomon Islands,SLB,WPR,2015,639406,990.0,155.0,260.0,41.0,26.0,0.639406,2010s,Medium,Moderate,High
Solomon Islands,SLB,WPR,2016,662376,940.0,141.0,240.0,36.0,26.0,0.662376,2010s,Medium,Moderate,High
Solomon Islands,SLB,WPR,2017,685672,850.0,124.0,220.0,31.0,26.0,0.685672,2010s,Medium,Moderate,High
Solomon Islands,SLB,WPR,2018,709110,880.0,124.0,220.0,32.0,26.0,0.70911,2010s,Medium,Moderate,High
Solomon Islands,SLB,WPR,2019,728147,800.0,111.0,200.0,28.0,26.0,0.728147,2010s,Medium,Moderate,High
Solomon Islands,SLB,WPR,2020,744493,720.0,97.0,180.0,24.0,25.0,0.744493,2020s,Low,Moderate,High
Solomon Islands,SLB,WPR,2021,762582,820.0,108.0,210.0,27.0,25.0,0.762582,2020s,Medium,Moderate,High
Solomon Islands,SLB,WPR,2022,781067,760.0,97.0,190.0,24.0,25.0,0.781067,2020s,Low,Moderate,High
Solomon Islands,SLB,WPR,2023,800007,780.0,97.0,190.0,24.0,25.0,0.800007,2020s,Low,Moderate,High
Solomon Islands,SLB,WPR,2024,819192,1000.0,123.0,250.0,31.0,25.0,0.819192,2020s,Medium,Moderate,High
Somalia,SOM,EMR,2000,8838718,31000.0,352.0,12000.0,131.0,37.0,8.838718,2000s,High,High,High
Somalia,SOM,EMR,2001,9198491,33000.0,354.0,12000.0,127.0,36.0,9.198491,2000s,High,High,High
Somalia,SOM,EMR,2002,9550067,34000.0,351.0,12000.0,124.0,35.0,9.550067,2000s,High,High,High
Somalia,SOM,EMR,2003,9909152,34000.0,345.0,11000.0,115.0,33.0,9.909152,2000s,High,High,High
Somalia,SOM,EMR,2004,10280994,35000.0,336.0,10000.0,102.0,30.0,10.280994,2000s,High,High,High
Somalia,SOM,EMR,2005,10644224,34000.0,323.0,9900.0,93.0,29.0,10.644224,2000s,High,High,High
Somalia,SOM,EMR,2006,10975496,34000.0,308.0,10000.0,92.0,30.0,10.975496,2000s,High,High,High
Somalia,SOM,EMR,2007,11322579,33000.0,287.0,9900.0,87.0,30.0,11.322579,2000s,High,High,High
Somalia,SOM,EMR,2008,11663097,30000.0,261.0,8400.0,72.0,28.0,11.663097,2000s,High,High,High
Somalia,SOM,EMR,2009,11961201,28000.0,238.0,8000.0,67.0,28.0,11.961201,2000s,High,High,High
Somalia,SOM,EMR,2010,12261752,27000.0,220.0,7700.0,63.0,29.0,12.261752,2010s,High,High,High
Somalia,SOM,EMR,2011,12348828,25000.0,204.0,6300.0,51.0,25.0,12.348828,2010s,High,High,High
Somalia,SOM,EMR,2012,12461162,24000.0,192.0,5700.0,45.0,24.0,12.461162,2010s,Medium,Moderate,High
Somalia,SOM,EMR,2013,12869597,24000.0,187.0,5300.0,41.0,22.0,12.869597,2010s,Medium,Moderate,High
Somalia,SOM,EMR,2014,13339493,25000.0,188.0,5700.0,43.0,23.0,13.339493,2010s,Medium,Moderate,High
Somalia,SOM,EMR,2015,13806960,26000.0,187.0,5600.0,41.0,22.0,13.80696,2010s,Medium,Moderate,High
Somalia,SOM,EMR,2016,14348735,26000.0,184.0,5800.0,40.0,22.0,14.348735,2010s,Medium,Moderate,High
Somalia,SOM,EMR,2017,14916633,27000.0,182.0,5100.0,34.0,19.0,14.916633,2010s,Medium,Moderate,High
Somalia,SOM,EMR,2018,15452485,28000.0,179.0,5300.0,34.0,19.0,15.452485,2010s,Medium,Moderate,High
Somalia,SOM,EMR,2019,16030965,28000.0,175.0,5400.0,34.0,19.0,16.030965,2010s,Medium,Moderate,High
Somalia,SOM,EMR,2020,16651180,29000.0,171.0,5400.0,33.0,19.0,16.65118,2020s,Medium,Moderate,High
Somalia,SOM,EMR,2021,17271438,29000.0,167.0,5500.0,32.0,19.0,17.271438,2020s,Medium,Moderate,High
Somalia,SOM,EMR,2022,17801893,29000.0,162.0,5100.0,28.0,18.0,17.801893,2020s,Medium,Moderate,High
Somalia,SOM,EMR,2023,18358618,29000.0,157.0,5000.0,27.0,18.0,18.358618,2020s,Medium,Moderate,High
Somalia,SOM,EMR,2024,19009144,29000.0,151.0,5100.0,27.0,18.0,19.009144,2020s,Medium,Moderate,High
South Africa,ZAF,AFR,2000,47159718,360000.0,762.0,149000.0,317.0,44.0,47.159718,2000s,High,High,High
South Africa,ZAF,AFR,2001,47566798,413000.0,867.0,179000.0,376.0,47.0,47.566798,2000s,High,High,High
South Africa,ZAF,AFR,2002,48019414,466000.0,971.0,172000.0,358.0,41.0,48.019414,2000s,High,High,High
South Africa,ZAF,AFR,2003,48500344,518000.0,1070.0,193000.0,398.0,42.0,48.500344,2000s,High,High,High
South Africa,ZAF,AFR,2004,48991415,564000.0,1150.0,196000.0,400.0,40.0,48.991415,2000s,High,High,High
South Africa,ZAF,AFR,2005,49490035,601000.0,1210.0,218000.0,440.0,43.0,49.490035,2000s,High,High,High
South Africa,ZAF,AFR,2006,49998274,627000.0,1250.0,213000.0,427.0,41.0,49.998274,2000s,High,High,High
South Africa,ZAF,AFR,2007,50528578,643000.0,1270.0,213000.0,422.0,40.0,50.528578,2000s,High,High,High
South Africa,ZAF,AFR,2008,51114604,651000.0,1270.0,200000.0,392.0,34.0,51.114604,2000s,High,High,High
South Africa,ZAF,AFR,2009,51728518,651000.0,1260.0,192000.0,371.0,32.0,51.728518,2000s,High,High,High
South Africa,ZAF,AFR,2010,52344050,646000.0,1230.0,116000.0,221.0,20.0,52.34405,2010s,High,High,High
South Africa,ZAF,AFR,2011,52995199,636000.0,1200.0,113000.0,214.0,19.0,52.995199,2010s,High,High,High
South Africa,ZAF,AFR,2012,53782563,625000.0,1160.0,86000.0,161.0,15.0,53.782563,2010s,High,High,High
South Africa,ZAF,AFR,2013,54678793,604000.0,1110.0,75000.0,137.0,14.0,54.678793,2010s,High,High,High
South Africa,ZAF,AFR,2014,55594839,594000.0,1070.0,69000.0,124.0,13.0,55.594839,2010s,High,High,High
South Africa,ZAF,AFR,2015,56723532,561000.0,988.0,66000.0,116.0,13.0,56.723532,2010s,High,High,High
South Africa,ZAF,AFR,2016,57259553,461000.0,805.0,64000.0,112.0,15.0,57.259553,2010s,High,High,High
South Africa,ZAF,AFR,2017,57635157,426000.0,738.0,61000.0,106.0,15.0,57.635157,2010s,High,High,High
South Africa,ZAF,AFR,2018,58613004,397000.0,677.0,60000.0,103.0,16.0,58.613004,2010s,High,High,High
South Africa,ZAF,AFR,2019,59587889,366000.0,615.0,59000.0,99.0,17.0,59.587889,2010s,High,High,High
South Africa,ZAF,AFR,2020,60562386,340000.0,562.0,58000.0,96.0,18.0,60.562386,2020s,High,High,High
South Africa,ZAF,AFR,2021,61502602,315000.0,513.0,57000.0,93.0,19.0,61.502602,2020s,High,High,High
South Africa,ZAF,AFR,2022,62378415,292000.0,468.0,56000.0,90.0,20.0,62.378415,2020s,High,High,High
South Africa,ZAF,AFR,2023,63212382,270000.0,427.0,56000.0,88.0,22.0,63.212382,2020s,High,High,High
South Africa,ZAF,AFR,2024,64007188,249000.0,389.0,54000.0,85.0,23.0,64.007188,2020s,High,High,High
South Sudan,SSD,AFR,2011,10288101,43000.0,415.0,17000.0,169.0,45.0,10.288101,2010s,High,High,High
South Sudan,SSD,AFR,2012,10756246,44000.0,407.0,19000.0,181.0,49.0,10.756246,2010s,High,High,High
South Sudan,SSD,AFR,2013,11166269,45000.0,399.0,19000.0,167.0,46.0,11.166269,2010s,High,High,High
South Sudan,SSD,AFR,2014,11235079,44000.0,391.0,17000.0,153.0,43.0,11.235079,2010s,High,High,High
South Sudan,SSD,AFR,2015,11107559,43000.0,383.0,16000.0,143.0,41.0,11.107559,2010s,High,High,High
South Sudan,SSD,AFR,2016,10830108,41000.0,376.0,15000.0,134.0,40.0,10.830108,2010s,High,High,High
South Sudan,SSD,AFR,2017,10259155,38000.0,368.0,13000.0,131.0,39.0,10.259155,2010s,High,High,High
South Sudan,SSD,AFR,2018,10122987,37000.0,361.0,11000.0,108.0,33.0,10.122987,2010s,High,High,High
South Sudan,SSD,AFR,2019,10423384,37000.0,353.0,10000.0,98.0,31.0,10.423384,2010s,High,High,High
South Sudan,SSD,AFR,2020,10698474,37000.0,346.0,11000.0,98.0,31.0,10.698474,2020s,High,High,High
South Sudan,SSD,AFR,2021,10865777,37000.0,339.0,9900.0,91.0,30.0,10.865777,2020s,High,High,High
South Sudan,SSD,AFR,2022,11021177,37000.0,333.0,8700.0,79.0,26.0,11.021177,2020s,High,High,High
South Sudan,SSD,AFR,2023,11483372,37000.0,326.0,7200.0,63.0,21.0,11.483372,2020s,High,High,High
South Sudan,SSD,AFR,2024,11943418,38000.0,320.0,6100.0,51.0,18.0,11.943418,2020s,High,High,High
Spain,ESP,EUR,2000,41019779,12000.0,30.0,1500.0,3.6,12.0,41.019779,2000s,Low,Low,High
Spain,ESP,EUR,2001,41245601,10000.0,25.0,1200.0,3.0,12.0,41.245601,2000s,Low,Low,High
Spain,ESP,EUR,2002,41755700,11000.0,26.0,1200.0,2.8,11.0,41.7557,2000s,Low,Low,High
Spain,ESP,EUR,2003,42506544,14000.0,33.0,1300.0,3.0,9.0,42.506544,2000s,Low,Low,Moderate
Spain,ESP,EUR,2004,43234562,8500.0,20.0,850.0,2.0,10.0,43.234562,2000s,Low,Low,Moderate
Spain,ESP,EUR,2005,43958886,10000.0,23.0,870.0,2.0,9.0,43.958886,2000s,Low,Low,Moderate
Spain,ESP,EUR,2006,44695448,11000.0,24.0,740.0,1.7,7.0,44.695448,2000s,Low,Low,Moderate
Spain,ESP,EUR,2007,45516500,9900.0,22.0,680.0,1.5,7.0,45.5165,2000s,Low,Low,Moderate
Spain,ESP,EUR,2008,46235046,10000.0,22.0,600.0,1.3,6.0,46.235046,2000s,Low,Low,Moderate
Spain,ESP,EUR,2009,46635177,9400.0,20.0,620.0,1.3,7.0,46.635177,2000s,Low,Low,Moderate
Spain,ESP,EUR,2010,46840464,8900.0,19.0,610.0,1.3,7.0,46.840464,2010s,Low,Low,Moderate
Spain,ESP,EUR,2011,46998045,8100.0,17.0,470.0,1.0,6.0,46.998045,2010s,Low,Low,Moderate
Spain,ESP,EUR,2012,47018324,7100.0,15.0,470.0,1.0,7.0,47.018324,2010s,Low,Low,Moderate
Spain,ESP,EUR,2013,46860391,6400.0,14.0,390.0,0.83,6.0,46.860391,2010s,Low,Low,Moderate
Spain,ESP,EUR,2014,46720184,5800.0,12.0,370.0,0.79,7.0,46.720184,2010s,Low,Low,Moderate
Spain,ESP,EUR,2015,46683692,4700.0,10.0,310.0,0.66,7.0,46.683692,2010s,Low,Low,Moderate
Spain,ESP,EUR,2016,46732771,5500.0,12.0,320.0,0.69,6.0,46.732771,2010s,Low,Low,Moderate
Spain,ESP,EUR,2017,46868593,5100.0,11.0,310.0,0.66,6.0,46.868593,2010s,Low,Low,Moderate
Spain,ESP,EUR,2018,47092821,5200.0,11.0,320.0,0.68,6.0,47.092821,2010s,Low,Low,Moderate
Spain,ESP,EUR,2019,47435116,4700.0,10.0,280.0,0.6,6.0,47.435116,2010s,Low,Low,Moderate
Spain,ESP,EUR,2020,47679489,3400.0,7.2,250.0,0.52,7.0,47.679489,2020s,Low,Low,Moderate
Spain,ESP,EUR,2021,47735665,3900.0,8.2,230.0,0.48,6.0,47.735665,2020s,Low,Low,Moderate
Spain,ESP,EUR,2022,47828387,3000.0,6.3,210.0,0.44,7.0,47.828387,2020s,Low,Low,Moderate
Spain,ESP,EUR,2023,47911585,4700.0,9.7,270.0,0.55,6.0,47.911585,2020s,Low,Low,Moderate
Spain,ESP,EUR,2024,47910532,3800.0,7.9,250.0,0.53,7.0,47.910532,2020s,Low,Low,Moderate
Sri Lanka,LKA,SEA,2000,19293048,29000.0,148.0,1600.0,8.3,6.0,19.293048,2000s,Medium,Low,Moderate
Sri Lanka,LKA,SEA,2001,19600360,27000.0,140.0,1600.0,8.1,6.0,19.60036,2000s,Medium,Low,Moderate
Sri Lanka,LKA,SEA,2002,19805751,26000.0,132.0,1500.0,7.5,6.0,19.805751,2000s,Medium,Low,Moderate
Sri Lanka,LKA,SEA,2003,19951526,25000.0,125.0,1500.0,7.6,6.0,19.951526,2000s,Medium,Low,Moderate
Sri Lanka,LKA,SEA,2004,20087600,24000.0,118.0,1900.0,9.4,8.0,20.0876,2000s,Medium,Low,Moderate
Sri Lanka,LKA,SEA,2005,20216529,23000.0,112.0,1100.0,5.3,5.0,20.216529,2000s,Medium,Low,Low
Sri Lanka,LKA,SEA,2006,20352402,22000.0,106.0,1100.0,5.6,5.0,20.352402,2000s,Medium,Low,Low
Sri Lanka,LKA,SEA,2007,20492539,21000.0,101.0,1100.0,5.4,6.0,20.492539,2000s,Medium,Low,Moderate
Sri Lanka,LKA,SEA,2008,20629376,20000.0,96.0,1100.0,5.6,6.0,20.629376,2000s,Low,Low,Moderate
Sri Lanka,LKA,SEA,2009,20756434,19000.0,92.0,1200.0,5.8,7.0,20.756434,2000s,Low,Low,Moderate
Sri Lanka,LKA,SEA,2010,20879085,18000.0,88.0,1000.0,4.8,6.0,20.879085,2010s,Low,Low,Moderate
Sri Lanka,LKA,SEA,2011,21009044,18000.0,85.0,980.0,4.7,6.0,21.009044,2010s,Low,Low,Moderate
Sri Lanka,LKA,SEA,2012,21169454,17000.0,82.0,830.0,3.9,5.0,21.169454,2010s,Low,Low,Low
Sri Lanka,LKA,SEA,2013,21358830,17000.0,78.0,830.0,3.9,5.0,21.35883,2010s,Low,Low,Low
Sri Lanka,LKA,SEA,2014,21547461,16000.0,74.0,740.0,3.4,5.0,21.547461,2010s,Low,Low,Low
Sri Lanka,LKA,SEA,2015,21729973,15000.0,70.0,830.0,3.8,6.0,21.729973,2010s,Low,Low,Moderate
Sri Lanka,LKA,SEA,2016,21910773,14000.0,66.0,770.0,3.5,6.0,21.910773,2010s,Low,Low,Moderate
Sri Lanka,LKA,SEA,2017,22087536,14000.0,61.0,780.0,3.5,6.0,22.087536,2010s,Low,Low,Moderate
Sri Lanka,LKA,SEA,2018,22253117,13000.0,58.0,790.0,3.5,7.0,22.253117,2010s,Low,Low,Moderate
Sri Lanka,LKA,SEA,2019,22410558,13000.0,57.0,760.0,3.4,7.0,22.410558,2010s,Low,Low,Moderate
Sri Lanka,LKA,SEA,2020,22561801,13000.0,55.0,810.0,3.6,7.0,22.561801,2020s,Low,Low,Moderate
Sri Lanka,LKA,SEA,2021,22700374,13000.0,55.0,830.0,3.6,7.0,22.700374,2020s,Low,Low,Moderate
Sri Lanka,LKA,SEA,2022,22834967,13000.0,56.0,820.0,3.6,7.0,22.834967,2020s,Low,Low,Moderate
Sri Lanka,LKA,SEA,2023,22971614,13000.0,57.0,820.0,3.5,7.0,22.971614,2020s,Low,Low,Moderate
Sri Lanka,LKA,SEA,2024,23103568,14000.0,59.0,840.0,3.6,7.0,23.103568,2020s,Low,Low,Moderate
Sudan,SDN,EMR,2000,33849008,50000.0,148.0,12000.0,36.0,33.0,33.849008,2000s,Medium,Moderate,High
Sudan,SDN,EMR,2001,34825162,49000.0,139.0,12000.0,33.0,32.0,34.825162,2000s,Medium,Moderate,High
Sudan,SDN,EMR,2002,35825529,50000.0,139.0,12000.0,33.0,31.0,35.825529,2000s,Medium,Moderate,High
Sudan,SDN,EMR,2003,36799156,51000.0,138.0,12000.0,33.0,31.0,36.799156,2000s,Medium,Moderate,High
Sudan,SDN,EMR,2004,37789668,54000.0,142.0,13000.0,34.0,31.0,37.789668,2000s,Medium,Moderate,High
Sudan,SDN,EMR,2005,38852591,56000.0,143.0,13000.0,34.0,32.0,38.852591,2000s,Medium,Moderate,High
Sudan,SDN,EMR,2006,39968945,58000.0,146.0,15000.0,37.0,34.0,39.968945,2000s,Medium,Moderate,High
Sudan,SDN,EMR,2007,41152912,59000.0,144.0,15000.0,36.0,34.0,41.152912,2000s,Medium,Moderate,High
Sudan,SDN,EMR,2008,42441623,49000.0,116.0,12000.0,27.0,29.0,42.441623,2000s,Medium,Moderate,High
Sudan,SDN,EMR,2009,43812657,53000.0,121.0,13000.0,29.0,29.0,43.812657,2000s,Medium,Moderate,High
Sudan,SDN,EMR,2010,45160354,54000.0,119.0,13000.0,28.0,29.0,45.160354,2010s,Medium,Moderate,High
Sudan,SDN,EMR,2011,36140803,38000.0,105.0,8700.0,24.0,27.0,36.140803,2010s,Medium,Moderate,High
Sudan,SDN,EMR,2012,36923176,38000.0,103.0,9000.0,24.0,28.0,36.923176,2010s,Medium,Moderate,High
Sudan,SDN,EMR,2013,37785845,38000.0,100.0,8700.0,23.0,27.0,37.785845,2010s,Low,Moderate,High
Sudan,SDN,EMR,2014,38823317,36000.0,94.0,8000.0,21.0,25.0,38.823317,2010s,Low,Moderate,High
Sudan,SDN,EMR,2015,40024428,35000.0,88.0,7600.0,19.0,23.0,40.024428,2010s,Low,Low,High
Sudan,SDN,EMR,2016,41259888,34000.0,82.0,6200.0,15.0,19.0,41.259888,2010s,Low,Low,High
Sudan,SDN,EMR,2017,42714317,33000.0,77.0,5600.0,13.0,18.0,42.714317,2010s,Low,Low,High
Sudan,SDN,EMR,2018,44230604,32000.0,71.0,5200.0,12.0,17.0,44.230604,2010s,Low,Low,High
Sudan,SDN,EMR,2019,45548183,30000.0,67.0,4700.0,10.0,16.0,45.548183,2010s,Low,Low,High
Sudan,SDN,EMR,2020,46789233,29000.0,62.0,5700.0,12.0,20.0,46.789233,2020s,Low,Low,High
Sudan,SDN,EMR,2021,48066923,28000.0,58.0,4800.0,9.9,18.0,48.066923,2020s,Low,Low,High
Sudan,SDN,EMR,2022,49383336,27000.0,54.0,3800.0,7.8,15.0,49.383336,2020s,Low,Low,High
Sudan,SDN,EMR,2023,50042786,25000.0,50.0,5600.0,11.0,23.0,50.042786,2020s,Low,Low,High
Sudan,SDN,EMR,2024,50448966,24000.0,47.0,4500.0,9.0,20.0,50.448966,2020s,Low,Low,High
Suriname,SUR,AMR,2000,476633,240.0,50.0,32.0,6.7,14.0,0.476633,2000s,Low,Low,High
Suriname,SUR,AMR,2001,486567,180.0,38.0,28.0,5.7,15.0,0.486567,2000s,Low,Low,High
Suriname,SUR,AMR,2002,496540,220.0,44.0,25.0,5.1,12.0,0.49654,2000s,Low,Low,High
Suriname,SUR,AMR,2003,506422,220.0,44.0,37.0,7.3,17.0,0.506422,2000s,Low,Low,High
Suriname,SUR,AMR,2004,513923,190.0,38.0,28.0,5.4,14.0,0.513923,2000s,Low,Low,High
Suriname,SUR,AMR,2005,519314,220.0,42.0,26.0,4.9,12.0,0.519314,2000s,Low,Low,High
Suriname,SUR,AMR,2006,525002,230.0,45.0,26.0,5.0,11.0,0.525002,2000s,Low,Low,High
Suriname,SUR,AMR,2007,531016,230.0,43.0,27.0,5.0,12.0,0.531016,2000s,Low,Low,High
Suriname,SUR,AMR,2008,537240,190.0,34.0,35.0,6.5,19.0,0.53724,2000s,Low,Low,High
Suriname,SUR,AMR,2009,543577,300.0,55.0,48.0,8.8,16.0,0.543577,2000s,Low,Low,High
Suriname,SUR,AMR,2010,549928,310.0,57.0,55.0,10.0,18.0,0.549928,2010s,Low,Low,High
Suriname,SUR,AMR,2011,556273,200.0,35.0,36.0,6.5,18.0,0.556273,2010s,Low,Low,High
Suriname,SUR,AMR,2012,562627,200.0,35.0,34.0,6.0,17.0,0.562627,2010s,Low,Low,High
Suriname,SUR,AMR,2013,569018,210.0,37.0,21.0,3.7,10.0,0.569018,2010s,Low,Low,Moderate
Suriname,SUR,AMR,2014,575374,210.0,37.0,31.0,5.4,15.0,0.575374,2010s,Low,Low,High
Suriname,SUR,AMR,2015,581624,210.0,35.0,32.0,5.4,15.0,0.581624,2010s,Low,Low,High
Suriname,SUR,AMR,2016,587756,160.0,27.0,24.0,4.1,15.0,0.587756,2010s,Low,Low,High
Suriname,SUR,AMR,2017,593719,180.0,31.0,23.0,3.9,13.0,0.593719,2010s,Low,Low,High
Suriname,SUR,AMR,2018,599515,240.0,41.0,24.0,4.0,10.0,0.599515,2010s,Low,Low,Moderate
Suriname,SUR,AMR,2019,605772,190.0,31.0,28.0,4.7,15.0,0.605772,2010s,Low,Low,High
Suriname,SUR,AMR,2020,612323,160.0,25.0,25.0,4.0,16.0,0.612323,2020s,Low,Low,High
Suriname,SUR,AMR,2021,617900,140.0,23.0,27.0,4.4,19.0,0.6179,2020s,Low,Low,High
Suriname,SUR,AMR,2022,623163,200.0,32.0,20.0,3.2,10.0,0.623163,2020s,Low,Low,Moderate
Suriname,SUR,AMR,2023,628883,200.0,31.0,18.0,2.8,9.0,0.628883,2020s,Low,Low,Moderate
Suriname,SUR,AMR,2024,634427,210.0,34.0,24.0,3.7,11.0,0.634427,2020s,Low,Low,High
Sweden,SWE,EUR,2000,8872112,590.0,6.7,78.0,0.88,13.0,8.872112,2000s,Low,Low,High
Sweden,SWE,EUR,2001,8896022,560.0,6.2,94.0,1.1,17.0,8.896022,2000s,Low,Low,High
Sweden,SWE,EUR,2002,8925043,520.0,5.9,100.0,1.2,20.0,8.925043,2000s,Low,Low,High
Sweden,SWE,EUR,2003,8958428,550.0,6.1,64.0,0.71,12.0,8.958428,2000s,Low,Low,High
Sweden,SWE,EUR,2004,8993803,590.0,6.5,55.0,0.61,10.0,8.993803,2000s,Low,Low,Moderate
Sweden,SWE,EUR,2005,9029771,730.0,8.1,65.0,0.72,9.0,9.029771,2000s,Low,Low,Moderate
Sweden,SWE,EUR,2006,9080616,650.0,7.2,70.0,0.77,11.0,9.080616,2000s,Low,Low,High
Sweden,SWE,EUR,2007,9148274,600.0,6.6,66.0,0.72,11.0,9.148274,2000s,Low,Low,High
Sweden,SWE,EUR,2008,9219901,660.0,7.2,67.0,0.73,10.0,9.219901,2000s,Low,Low,Moderate
Sweden,SWE,EUR,2009,9298740,720.0,7.8,65.0,0.7,9.0,9.29874,2000s,Low,Low,Moderate
Sweden,SWE,EUR,2010,9378235,770.0,8.2,39.0,0.42,5.0,9.378235,2010s,Low,Low,Low
Sweden,SWE,EUR,2011,9449261,660.0,7.0,50.0,0.53,8.0,9.449261,2010s,Low,Low,Moderate
Sweden,SWE,EUR,2012,9519488,720.0,7.6,43.0,0.45,6.0,9.519488,2010s,Low,Low,Moderate
Sweden,SWE,EUR,2013,9600621,740.0,7.7,46.0,0.48,6.0,9.600621,2010s,Low,Low,Moderate
Sweden,SWE,EUR,2014,9696430,760.0,7.8,33.0,0.34,4.0,9.69643,2010s,Low,Low,Low
Sweden,SWE,EUR,2015,9799488,920.0,9.4,29.0,0.29,3.0,9.799488,2010s,Low,Low,Low
Sweden,SWE,EUR,2016,9923285,830.0,8.3,29.0,0.29,4.0,9.923285,2010s,Low,Low,Low
Sweden,SWE,EUR,2017,10057859,570.0,5.7,25.0,0.25,4.0,10.057859,2010s,Low,Low,Low
Sweden,SWE,EUR,2018,10175407,560.0,5.5,24.0,0.24,4.0,10.175407,2010s,Low,Low,Low
Sweden,SWE,EUR,2019,10279124,560.0,5.4,21.0,0.2,4.0,10.279124,2010s,Low,Low,Low
Sweden,SWE,EUR,2020,10353688,370.0,3.6,15.0,0.14,4.0,10.353688,2020s,Low,Low,Low
Sweden,SWE,EUR,2021,10416130,400.0,3.8,23.0,0.23,6.0,10.41613,2020s,Low,Low,Moderate
Sweden,SWE,EUR,2022,10487345,420.0,4.0,21.0,0.2,5.0,10.487345,2020s,Low,Low,Low
Sweden,SWE,EUR,2023,10551490,400.0,3.8,21.0,0.2,5.0,10.55149,2020s,Low,Low,Low
Sweden,SWE,EUR,2024,10607003,350.0,3.3,21.0,0.2,6.0,10.607003,2020s,Low,Low,Moderate
Switzerland,CHE,EUR,2000,7184000,800.0,11.0,86.0,1.2,11.0,7.184,2000s,Low,Low,High
Switzerland,CHE,EUR,2001,7226398,750.0,10.0,73.0,1.0,10.0,7.226398,2000s,Low,Low,Moderate
Switzerland,CHE,EUR,2002,7278753,800.0,11.0,66.0,0.9,8.0,7.278753,2000s,Low,Low,Moderate
Switzerland,CHE,EUR,2003,7333441,760.0,10.0,54.0,0.74,7.0,7.333441,2000s,Low,Low,Moderate
Switzerland,CHE,EUR,2004,7384200,720.0,9.7,50.0,0.68,7.0,7.3842,2000s,Low,Low,Moderate
Switzerland,CHE,EUR,2005,7431821,660.0,8.9,46.0,0.62,7.0,7.431821,2000s,Low,Low,Moderate
Switzerland,CHE,EUR,2006,7478507,600.0,8.0,46.0,0.61,8.0,7.478507,2000s,Low,Low,Moderate
Switzerland,CHE,EUR,2007,7545379,530.0,7.0,37.0,0.49,7.0,7.545379,2000s,Low,Low,Moderate
Switzerland,CHE,EUR,2008,7641735,580.0,7.6,42.0,0.56,7.0,7.641735,2000s,Low,Low,Moderate
Switzerland,CHE,EUR,2009,7737649,620.0,8.1,36.0,0.46,6.0,7.737649,2000s,Low,Low,Moderate
Switzerland,CHE,EUR,2010,7825756,620.0,8.0,36.0,0.47,6.0,7.825756,2010s,Low,Low,Moderate
Switzerland,CHE,EUR,2011,7914376,640.0,8.1,33.0,0.42,5.0,7.914376,2010s,Low,Low,Low
Switzerland,CHE,EUR,2012,7998915,500.0,6.3,29.0,0.36,6.0,7.998915,2010s,Low,Low,Moderate
Switzerland,CHE,EUR,2013,8091201,560.0,6.9,26.0,0.32,5.0,8.091201,2010s,Low,Low,Low
Switzerland,CHE,EUR,2014,8190233,510.0,6.2,17.0,0.21,4.0,8.190233,2010s,Low,Low,Low
Switzerland,CHE,EUR,2015,8283938,630.0,7.6,23.0,0.27,4.0,8.283938,2010s,Low,Low,Low
Switzerland,CHE,EUR,2016,8374909,670.0,8.0,31.0,0.37,5.0,8.374909,2010s,Low,Low,Low
Switzerland,CHE,EUR,2017,8453631,620.0,7.3,22.0,0.26,4.0,8.453631,2010s,Low,Low,Low
Switzerland,CHE,EUR,2018,8516347,550.0,6.4,30.0,0.35,6.0,8.516347,2010s,Low,Low,Moderate
Switzerland,CHE,EUR,2019,8577516,460.0,5.4,12.0,0.14,3.0,8.577516,2010s,Low,Low,Low
Switzerland,CHE,EUR,2020,8640574,400.0,4.7,17.0,0.2,4.0,8.640574,2020s,Low,Low,Low
Switzerland,CHE,EUR,2021,8707024,410.0,4.7,19.0,0.22,5.0,8.707024,2020s,Low,Low,Low
Switzerland,CHE,EUR,2022,8792188,400.0,4.5,16.0,0.18,4.0,8.792188,2020s,Low,Low,Low
Switzerland,CHE,EUR,2023,8870559,470.0,5.4,15.0,0.16,3.0,8.870559,2020s,Low,Low,Low
Switzerland,CHE,EUR,2024,8921971,480.0,5.4,15.0,0.16,3.0,8.921971,2020s,Low,Low,Low
Syrian Arab Republic,SYR,EMR,2000,16637891,13000.0,79.0,84.0,0.51,1.0,16.637891,2000s,Low,Low,Low
Syrian Arab Republic,SYR,EMR,2001,17051340,12000.0,73.0,90.0,0.53,1.0,17.05134,2000s,Low,Low,Low
Syrian Arab Republic,SYR,EMR,2002,17468339,11000.0,65.0,79.0,0.45,1.0,17.468339,2000s,Low,Low,Low
Syrian Arab Republic,SYR,EMR,2003,17889290,11000.0,62.0,71.0,0.4,1.0,17.88929,2000s,Low,Low,Low
Syrian Arab Republic,SYR,EMR,2004,18336877,10000.0,56.0,54.0,0.29,1.0,18.336877,2000s,Low,Low,Low
Syrian Arab Republic,SYR,EMR,2005,18814090,9300.0,49.0,69.0,0.37,1.0,18.81409,2000s,Low,Low,Low
Syrian Arab Republic,SYR,EMR,2006,19637019,8200.0,42.0,67.0,0.34,1.0,19.637019,2000s,Low,Low,Low
Syrian Arab Republic,SYR,EMR,2007,20884124,8500.0,41.0,52.0,0.25,1.0,20.884124,2000s,Low,Low,Low
Syrian Arab Republic,SYR,EMR,2008,21636556,7300.0,34.0,58.0,0.27,1.0,21.636556,2000s,Low,Low,Low
Syrian Arab Republic,SYR,EMR,2009,21976973,7700.0,35.0,58.0,0.26,1.0,21.976973,2000s,Low,Low,Low
Syrian Arab Republic,SYR,EMR,2010,22482428,6800.0,30.0,32.0,0.14,0.0,22.482428,2010s,Low,Low,
Syrian Arab Republic,SYR,EMR,2011,22878104,6600.0,29.0,33.0,0.14,1.0,22.878104,2010s,Low,Low,Low
Syrian Arab Republic,SYR,EMR,2012,22759754,5500.0,24.0,32.0,0.14,1.0,22.759754,2010s,Low,Low,Low
Syrian Arab Republic,SYR,EMR,2013,21666927,4900.0,23.0,31.0,0.14,1.0,21.666927,2010s,Low,Low,Low
Syrian Arab Republic,SYR,EMR,2014,20273663,6200.0,31.0,29.0,0.15,0.0,20.273663,2010s,Low,Low,
Syrian Arab Republic,SYR,EMR,2015,19424619,5100.0,26.0,28.0,0.14,1.0,19.424619,2010s,Low,Low,Low
Syrian Arab Republic,SYR,EMR,2016,19193843,5300.0,27.0,28.0,0.14,1.0,19.193843,2010s,Low,Low,Low
Syrian Arab Republic,SYR,EMR,2017,19224678,4600.0,24.0,27.0,0.14,1.0,19.224678,2010s,Low,Low,Low
Syrian Arab Republic,SYR,EMR,2018,19577844,4400.0,22.0,28.0,0.14,1.0,19.577844,2010s,Low,Low,Low
Syrian Arab Republic,SYR,EMR,2019,20353535,4200.0,21.0,29.0,0.14,1.0,20.353535,2010s,Low,Low,Low
Syrian Arab Republic,SYR,EMR,2020,21049431,4300.0,20.0,30.0,0.14,1.0,21.049431,2020s,Low,Low,Low
Syrian Arab Republic,SYR,EMR,2021,21628844,5300.0,24.0,31.0,0.14,1.0,21.628844,2020s,Low,Low,Low
Syrian Arab Republic,SYR,EMR,2022,22462172,4900.0,22.0,32.0,0.14,1.0,22.462172,2020s,Low,Low,Low
Syrian Arab Republic,SYR,EMR,2023,23594622,5500.0,23.0,33.0,0.14,1.0,23.594622,2020s,Low,Low,Low
Syrian Arab Republic,SYR,EMR,2024,24672756,5600.0,23.0,34.0,0.14,1.0,24.672756,2020s,Low,Low,Low
Tajikistan,TJK,EUR,2000,6284736,8800.0,140.0,920.0,15.0,11.0,6.284736,2000s,Medium,Low,High
Tajikistan,TJK,EUR,2001,6407376,10000.0,163.0,950.0,15.0,9.0,6.407376,2000s,Medium,Low,Moderate
Tajikistan,TJK,EUR,2002,6531668,12000.0,181.0,970.0,15.0,8.0,6.531668,2000s,Medium,Low,Moderate
Tajikistan,TJK,EUR,2003,6658575,13000.0,194.0,950.0,14.0,7.0,6.658575,2000s,Medium,Low,Moderate
Tajikistan,TJK,EUR,2004,6790539,14000.0,203.0,930.0,14.0,7.0,6.790539,2000s,High,Low,Moderate
Tajikistan,TJK,EUR,2005,6924714,14000.0,208.0,970.0,14.0,7.0,6.924714,2000s,High,Low,Moderate
Tajikistan,TJK,EUR,2006,7057563,15000.0,209.0,960.0,14.0,7.0,7.057563,2000s,High,Low,Moderate
Tajikistan,TJK,EUR,2007,7194471,15000.0,203.0,960.0,13.0,7.0,7.194471,2000s,High,Low,Moderate
Tajikistan,TJK,EUR,2008,7338400,14000.0,192.0,950.0,13.0,7.0,7.3384,2000s,Medium,Low,Moderate
Tajikistan,TJK,EUR,2009,7490233,14000.0,180.0,930.0,12.0,7.0,7.490233,2000s,Medium,Low,Moderate
Tajikistan,TJK,EUR,2010,7652147,13000.0,170.0,940.0,12.0,7.0,7.652147,2010s,Medium,Low,Moderate
Tajikistan,TJK,EUR,2011,7824790,12000.0,158.0,910.0,12.0,7.0,7.82479,2010s,Medium,Low,Moderate
Tajikistan,TJK,EUR,2012,8014085,12000.0,147.0,870.0,11.0,7.0,8.014085,2010s,Medium,Low,Moderate
Tajikistan,TJK,EUR,2013,8216721,11000.0,135.0,900.0,11.0,8.0,8.216721,2010s,Medium,Low,Moderate
Tajikistan,TJK,EUR,2014,8425553,10000.0,122.0,910.0,11.0,9.0,8.425553,2010s,Medium,Low,Moderate
Tajikistan,TJK,EUR,2015,8643835,9600.0,111.0,870.0,10.0,9.0,8.643835,2010s,Medium,Low,Moderate
Tajikistan,TJK,EUR,2016,8865626,9000.0,102.0,880.0,9.9,10.0,8.865626,2010s,Medium,Low,Moderate
Tajikistan,TJK,EUR,2017,9085942,8500.0,94.0,870.0,9.5,10.0,9.085942,2010s,Low,Low,Moderate
Tajikistan,TJK,EUR,2018,9307332,8000.0,86.0,860.0,9.2,11.0,9.307332,2010s,Low,Low,High
Tajikistan,TJK,EUR,2019,9529965,7600.0,80.0,810.0,8.5,11.0,9.529965,2010s,Low,Low,High
Tajikistan,TJK,EUR,2020,9749304,7500.0,77.0,830.0,8.5,11.0,9.749304,2020s,Low,Low,High
Tajikistan,TJK,EUR,2021,9966913,7600.0,76.0,890.0,8.9,12.0,9.966913,2020s,Low,Low,High
Tajikistan,TJK,EUR,2022,10182218,7800.0,77.0,900.0,8.8,12.0,10.182218,2020s,Low,Low,High
Tajikistan,TJK,EUR,2023,10389800,7900.0,76.0,860.0,8.2,11.0,10.3898,2020s,Low,Low,High
Tajikistan,TJK,EUR,2024,10590931,7900.0,75.0,830.0,7.8,11.0,10.590931,2020s,Low,Low,High
Thailand,THA,SEA,2000,63007808,152000.0,241.0,47000.0,75.0,37.0,63.007808,2000s,High,High,High
Thailand,THA,SEA,2001,63651143,156000.0,245.0,40000.0,63.0,31.0,63.651143,2000s,High,High,High
Thailand,THA,SEA,2002,64266438,157000.0,244.0,37000.0,57.0,28.0,64.266438,2000s,High,High,High
Thailand,THA,SEA,2003,64868171,155000.0,240.0,33000.0,51.0,25.0,64.868171,2000s,High,High,High
Thailand,THA,SEA,2004,65452056,152000.0,232.0,30000.0,46.0,24.0,65.452056,2000s,High,Moderate,High
Thailand,THA,SEA,2005,66017410,148000.0,224.0,28000.0,42.0,22.0,66.01741,2000s,High,Moderate,High
Thailand,THA,SEA,2006,66567692,143000.0,215.0,22000.0,34.0,18.0,66.567692,2000s,High,Moderate,High
Thailand,THA,SEA,2007,67102387,138000.0,205.0,21000.0,32.0,18.0,67.102387,2000s,High,Moderate,High
Thailand,THA,SEA,2008,67619833,133000.0,196.0,21000.0,31.0,18.0,67.619833,2000s,Medium,Moderate,High
Thailand,THA,SEA,2009,68121082,128000.0,188.0,19000.0,27.0,16.0,68.121082,2000s,Medium,Moderate,High
Thailand,THA,SEA,2010,68579440,124000.0,181.0,17000.0,25.0,15.0,68.57944,2010s,Medium,Moderate,High
Thailand,THA,SEA,2011,69007210,122000.0,176.0,16000.0,23.0,14.0,69.00721,2010s,Medium,Moderate,High
Thailand,THA,SEA,2012,69436095,120000.0,172.0,17000.0,24.0,15.0,69.436095,2010s,Medium,Moderate,High
Thailand,THA,SEA,2013,69845109,119000.0,170.0,17000.0,24.0,15.0,69.845109,2010s,Medium,Moderate,High
Thailand,THA,SEA,2014,70216374,117000.0,167.0,16000.0,23.0,15.0,70.216374,2010s,Medium,Moderate,High
Thailand,THA,SEA,2015,70540791,115000.0,163.0,16000.0,23.0,15.0,70.540791,2010s,Medium,Moderate,High
Thailand,THA,SEA,2016,70859847,113000.0,160.0,14000.0,20.0,13.0,70.859847,2010s,Medium,Low,High
Thailand,THA,SEA,2017,71160185,111000.0,156.0,13000.0,19.0,12.0,71.160185,2010s,Medium,Low,High
Thailand,THA,SEA,2018,71376071,109000.0,153.0,12000.0,17.0,12.0,71.376071,2010s,Medium,Low,High
Thailand,THA,SEA,2019,71522268,107000.0,150.0,12000.0,17.0,11.0,71.522268,2010s,Medium,Low,High
Thailand,THA,SEA,2020,71641486,103000.0,144.0,11000.0,16.0,11.0,71.641486,2020s,Medium,Low,High
Thailand,THA,SEA,2021,71727340,102000.0,143.0,12000.0,17.0,12.0,71.72734,2020s,Medium,Low,High
Thailand,THA,SEA,2022,71735331,106000.0,148.0,13000.0,18.0,12.0,71.735331,2020s,Medium,Low,High
Thailand,THA,SEA,2023,71702430,107000.0,149.0,12000.0,16.0,11.0,71.70243,2020s,Medium,Low,High
Thailand,THA,SEA,2024,71668014,104000.0,146.0,11000.0,16.0,11.0,71.668014,2020s,Medium,Low,High
Timor-Leste,TLS,SEA,2002,879160,10000.0,1140.0,3200.0,365.0,32.0,0.87916,2000s,High,High,High
Timor-Leste,TLS,SEA,2003,916876,9800.0,1070.0,3000.0,324.0,30.0,0.916876,2000s,High,High,High
Timor-Leste,TLS,SEA,2004,929078,9400.0,1010.0,2600.0,277.0,27.0,0.929078,2000s,High,High,High
Timor-Leste,TLS,SEA,2005,948304,9000.0,952.0,2400.0,252.0,27.0,0.948304,2000s,High,High,High
Timor-Leste,TLS,SEA,2006,976603,8700.0,894.0,2300.0,239.0,27.0,0.976603,2000s,High,High,High
Timor-Leste,TLS,SEA,2007,1004900,8400.0,837.0,2300.0,232.0,28.0,1.0049,2000s,High,High,High
Timor-Leste,TLS,SEA,2008,1032427,8000.0,779.0,2200.0,210.0,27.0,1.032427,2000s,High,High,High
Timor-Leste,TLS,SEA,2009,1058781,7700.0,723.0,1400.0,133.0,18.0,1.058781,2000s,High,High,High
Timor-Leste,TLS,SEA,2010,1084679,7300.0,671.0,1300.0,121.0,18.0,1.084679,2010s,High,High,High
Timor-Leste,TLS,SEA,2011,1110204,6900.0,621.0,1200.0,111.0,18.0,1.110204,2010s,High,High,High
Timor-Leste,TLS,SEA,2012,1134887,6500.0,574.0,1300.0,113.0,20.0,1.134887,2010s,High,High,High
Timor-Leste,TLS,SEA,2013,1158690,6100.0,530.0,1100.0,98.0,19.0,1.15869,2010s,High,High,High
Timor-Leste,TLS,SEA,2014,1181905,5700.0,483.0,990.0,84.0,17.0,1.181905,2010s,High,High,High
Timor-Leste,TLS,SEA,2015,1205127,5300.0,437.0,940.0,78.0,18.0,1.205127,2010s,High,High,High
Timor-Leste,TLS,SEA,2016,1228310,5000.0,403.0,700.0,57.0,14.0,1.22831,2010s,High,High,High
Timor-Leste,TLS,SEA,2017,1251707,4800.0,384.0,680.0,55.0,14.0,1.251707,2010s,High,High,High
Timor-Leste,TLS,SEA,2018,1275964,4800.0,374.0,550.0,43.0,11.0,1.275964,2010s,High,Moderate,High
Timor-Leste,TLS,SEA,2019,1300946,4900.0,373.0,470.0,36.0,10.0,1.300946,2010s,High,Moderate,Moderate
Timor-Leste,TLS,SEA,2020,1326063,5100.0,381.0,890.0,67.0,18.0,1.326063,2020s,High,High,High
Timor-Leste,TLS,SEA,2021,1350133,5400.0,398.0,1000.0,77.0,19.0,1.350133,2020s,High,High,High
Timor-Leste,TLS,SEA,2022,1369300,5800.0,422.0,390.0,28.0,7.0,1.3693,2020s,High,Moderate,Moderate
Timor-Leste,TLS,SEA,2023,1384286,6300.0,455.0,300.0,22.0,5.0,1.384286,2020s,High,Moderate,Low
Timor-Leste,TLS,SEA,2024,1400636,6900.0,496.0,1100.0,79.0,16.0,1.400636,2020s,High,High,High
Togo,TGO,AFR,2000,5140039,2600.0,51.0,800.0,16.0,36.0,5.140039,2000s,Low,Low,High
Togo,TGO,AFR,2001,5277380,3200.0,61.0,1100.0,20.0,36.0,5.27738,2000s,Low,Low,High
Togo,TGO,AFR,2002,5413270,3700.0,69.0,1300.0,24.0,36.0,5.41327,2000s,Low,Moderate,High
Togo,TGO,AFR,2003,5552165,4200.0,76.0,1400.0,26.0,36.0,5.552165,2000s,Low,Moderate,High
Togo,TGO,AFR,2004,5696509,4700.0,82.0,1500.0,26.0,33.0,5.696509,2000s,Low,Moderate,High
Togo,TGO,AFR,2005,5844626,5100.0,86.0,1500.0,26.0,31.0,5.844626,2000s,Low,Moderate,High
Togo,TGO,AFR,2006,6010663,5400.0,90.0,1600.0,26.0,30.0,6.010663,2000s,Low,Moderate,High
Togo,TGO,AFR,2007,6188344,5600.0,91.0,1900.0,31.0,35.0,6.188344,2000s,Low,Moderate,High
Togo,TGO,AFR,2008,6368815,5800.0,91.0,1700.0,26.0,30.0,6.368815,2000s,Low,Moderate,High
Togo,TGO,AFR,2009,6551864,5900.0,90.0,1600.0,25.0,29.0,6.551864,2000s,Low,Moderate,High
Togo,TGO,AFR,2010,6732589,5800.0,86.0,1700.0,25.0,30.0,6.732589,2010s,Low,Moderate,High
Togo,TGO,AFR,2011,6916480,5600.0,81.0,1600.0,22.0,29.0,6.91648,2010s,Low,Moderate,High
Togo,TGO,AFR,2012,7100736,5400.0,76.0,1400.0,20.0,28.0,7.100736,2010s,Low,Low,High
Togo,TGO,AFR,2013,7285440,5200.0,72.0,1400.0,19.0,29.0,7.28544,2010s,Low,Low,High
Togo,TGO,AFR,2014,7472452,4900.0,66.0,1300.0,18.0,28.0,7.472452,2010s,Low,Low,High
Togo,TGO,AFR,2015,7663191,4700.0,62.0,1200.0,15.0,27.0,7.663191,2010s,Low,Low,High
Togo,TGO,AFR,2016,7858295,4500.0,58.0,1000.0,13.0,24.0,7.858295,2010s,Low,Low,High
Togo,TGO,AFR,2017,8057143,4400.0,54.0,1000.0,12.0,25.0,8.057143,2010s,Low,Low,High
Togo,TGO,AFR,2018,8258778,4200.0,51.0,990.0,12.0,26.0,8.258778,2010s,Low,Low,High
Togo,TGO,AFR,2019,8463062,4200.0,49.0,870.0,10.0,23.0,8.463062,2010s,Low,Low,High
Togo,TGO,AFR,2020,8669708,4100.0,48.0,980.0,11.0,27.0,8.669708,2020s,Low,Low,High
Togo,TGO,AFR,2021,8878368,4200.0,47.0,910.0,10.0,25.0,8.878368,2020s,Low,Low,High
Togo,TGO,AFR,2022,9089744,4200.0,47.0,670.0,7.4,18.0,9.089744,2020s,Low,Low,High
Togo,TGO,AFR,2023,9304336,4400.0,47.0,730.0,7.8,20.0,9.304336,2020s,Low,Low,High
Togo,TGO,AFR,2024,9515236,4500.0,48.0,780.0,8.2,20.0,9.515236,2020s,Low,Low,High
Tokelau,TKL,WPR,2000,1837,0.0,0.0,0.0,0.0,,0.001837,2000s,,,
Tokelau,TKL,WPR,2001,1857,0.0,0.0,0.0,0.0,,0.001857,2000s,,,
Tokelau,TKL,WPR,2002,1831,0.0,2.0,0.0,0.06,,0.001831,2000s,Low,Low,
Tokelau,TKL,WPR,2003,1767,0.0,0.0,0.0,0.0,,0.001767,2000s,,,
Tokelau,TKL,WPR,2004,1699,0.0,3.0,0.0,0.09,,0.001699,2000s,Low,Low,
Tokelau,TKL,WPR,2005,1627,0.0,0.0,0.0,0.0,,0.001627,2000s,,,
Tokelau,TKL,WPR,2006,1567,0.0,0.0,0.0,0.0,,0.001567,2000s,,,
Tokelau,TKL,WPR,2007,1552,0.0,0.0,0.0,0.0,,0.001552,2000s,,,
Tokelau,TKL,WPR,2008,1564,0.0,0.0,0.0,0.0,,0.001564,2000s,,,
Tokelau,TKL,WPR,2009,1576,0.0,0.0,0.0,0.0,,0.001576,2000s,,,
Tokelau,TKL,WPR,2010,1588,0.0,0.0,0.0,0.0,,0.001588,2010s,,,
Tokelau,TKL,WPR,2011,1596,0.0,0.0,0.0,0.0,,0.001596,2010s,,,
Tokelau,TKL,WPR,2012,1658,0.0,0.0,0.0,0.0,,0.001658,2010s,,,
Tokelau,TKL,WPR,2013,1727,0.0,0.0,0.0,0.0,,0.001727,2010s,,,
Tokelau,TKL,WPR,2014,1731,0.0,0.0,0.0,0.0,,0.001731,2010s,,,
Tokelau,TKL,WPR,2015,1693,2.0,118.0,0.0,3.5,,0.001693,2010s,Medium,Low,
Tokelau,TKL,WPR,2016,1679,0.0,0.0,0.0,0.0,,0.001679,2010s,,,
Tokelau,TKL,WPR,2017,1744,0.0,0.0,0.0,0.0,,0.001744,2010s,,,
Tokelau,TKL,WPR,2018,1872,0.0,9.9,0.0,0.3,,0.001872,2010s,Low,Low,
Tokelau,TKL,WPR,2019,2016,0.0,10.0,0.0,0.31,,0.002016,2010s,Low,Low,
Tokelau,TKL,WPR,2020,2121,0.0,0.0,0.0,0.0,,0.002121,2020s,,,
Tokelau,TKL,WPR,2021,2198,0.0,0.0,0.0,0.0,,0.002198,2020s,,,
Tokelau,TKL,WPR,2022,2289,0.0,12.0,0.0,0.36,,0.002289,2020s,Low,Low,
Tokelau,TKL,WPR,2023,2397,0.0,0.0,0.0,0.0,,0.002397,2020s,,,
Tokelau,TKL,WPR,2024,2510,0.0,13.0,0.0,0.39,,0.00251,2020s,Low,Low,
Tonga,TON,WPR,2000,102677,24.0,23.0,1.0,0.7,,0.102677,2000s,Low,Low,
Tonga,TON,WPR,2001,103279,12.0,12.0,0.0,0.35,,0.103279,2000s,Low,Low,
Tonga,TON,WPR,2002,103867,29.0,28.0,1.0,0.84,,0.103867,2000s,Low,Low,
Tonga,TON,WPR,2003,104466,16.0,15.0,0.0,0.46,,0.104466,2000s,Low,Low,
Tonga,TON,WPR,2004,105070,12.0,11.0,0.0,0.34,,0.10507,2000s,Low,Low,
Tonga,TON,WPR,2005,105674,18.0,17.0,1.0,0.51,,0.105674,2000s,Low,Low,
Tonga,TON,WPR,2006,106256,18.0,17.0,1.0,0.51,,0.106256,2000s,Low,Low,
Tonga,TON,WPR,2007,106723,23.0,22.0,1.0,0.65,,0.106723,2000s,Low,Low,
Tonga,TON,WPR,2008,107018,13.0,12.0,0.0,0.36,,0.107018,2000s,Low,Low,
Tonga,TON,WPR,2009,107202,8.0,7.5,0.0,0.22,,0.107202,2000s,Low,Low,
Tonga,TON,WPR,2010,107395,11.0,10.0,0.0,0.31,,0.107395,2010s,Low,Low,
Tonga,TON,WPR,2011,107574,9.0,8.4,0.0,0.25,,0.107574,2010s,Low,Low,
Tonga,TON,WPR,2012,107454,11.0,10.0,0.0,0.31,,0.107454,2010s,Low,Low,
Tonga,TON,WPR,2013,107080,10.0,9.3,0.0,0.28,,0.10708,2010s,Low,Low,
Tonga,TON,WPR,2014,106607,13.0,12.0,0.0,0.37,,0.106607,2010s,Low,Low,
Tonga,TON,WPR,2015,106096,14.0,13.0,0.0,0.4,,0.106096,2010s,Low,Low,
Tonga,TON,WPR,2016,105522,8.0,7.6,0.0,0.23,,0.105522,2010s,Low,Low,
Tonga,TON,WPR,2017,105346,11.0,10.0,0.0,0.31,,0.105346,2010s,Low,Low,
Tonga,TON,WPR,2018,105558,9.0,8.5,0.0,0.26,,0.105558,2010s,Low,Low,
Tonga,TON,WPR,2019,105667,10.0,9.5,0.0,0.28,,0.105667,2010s,Low,Low,
Tonga,TON,WPR,2020,105703,8.0,7.6,0.0,0.23,,0.105703,2020s,Low,Low,
Tonga,TON,WPR,2021,105483,7.0,6.6,0.0,0.26,,0.105483,2020s,Low,Low,
Tonga,TON,WPR,2022,105044,2.0,1.9,0.0,0.06,,0.105044,2020s,Low,Low,
Tonga,TON,WPR,2023,104595,8.0,7.6,0.0,0.23,,0.104595,2020s,Low,Low,
Tonga,TON,WPR,2024,104169,2.0,1.9,0.0,0.06,,0.104169,2020s,Low,Low,
Trinidad and Tobago,TTO,AMR,2000,1319771,450.0,34.0,120.0,8.8,26.0,1.319771,2000s,Low,Low,High
Trinidad and Tobago,TTO,AMR,2001,1325566,440.0,33.0,97.0,7.3,23.0,1.325566,2000s,Low,Low,High
Trinidad and Tobago,TTO,AMR,2002,1332010,260.0,20.0,66.0,5.0,25.0,1.33201,2000s,Low,Low,High
Trinidad and Tobago,TTO,AMR,2003,1338716,270.0,20.0,62.0,4.7,23.0,1.338716,2000s,Low,Low,High
Trinidad and Tobago,TTO,AMR,2004,1345378,310.0,23.0,61.0,4.5,20.0,1.345378,2000s,Low,Low,High
Trinidad and Tobago,TTO,AMR,2005,1352031,270.0,20.0,51.0,3.8,19.0,1.352031,2000s,Low,Low,High
Trinidad and Tobago,TTO,AMR,2006,1358697,370.0,27.0,46.0,3.4,13.0,1.358697,2000s,Low,Low,High
Trinidad and Tobago,TTO,AMR,2007,1365378,340.0,25.0,51.0,3.8,15.0,1.365378,2000s,Low,Low,High
Trinidad and Tobago,TTO,AMR,2008,1372085,420.0,31.0,50.0,3.6,12.0,1.372085,2000s,Low,Low,High
Trinidad and Tobago,TTO,AMR,2009,1379047,400.0,29.0,58.0,4.2,15.0,1.379047,2000s,Low,Low,High
Trinidad and Tobago,TTO,AMR,2010,1386666,310.0,23.0,41.0,3.0,13.0,1.386666,2010s,Low,Low,High
Trinidad and Tobago,TTO,AMR,2011,1394985,320.0,23.0,47.0,3.4,15.0,1.394985,2010s,Low,Low,High
Trinidad and Tobago,TTO,AMR,2012,1403811,380.0,27.0,45.0,3.2,12.0,1.403811,2010s,Low,Low,High
Trinidad and Tobago,TTO,AMR,2013,1412659,340.0,24.0,41.0,2.9,12.0,1.412659,2010s,Low,Low,High
Trinidad and Tobago,TTO,AMR,2014,1421131,340.0,24.0,42.0,3.0,13.0,1.421131,2010s,Low,Low,High
Trinidad and Tobago,TTO,AMR,2015,1429186,260.0,18.0,32.0,2.2,12.0,1.429186,2010s,Low,Low,High
Trinidad and Tobago,TTO,AMR,2016,1437017,280.0,20.0,36.0,2.5,13.0,1.437017,2010s,Low,Low,High
Trinidad and Tobago,TTO,AMR,2017,1445261,260.0,18.0,29.0,2.0,11.0,1.445261,2010s,Low,Low,High
Trinidad and Tobago,TTO,AMR,2018,1470517,330.0,23.0,34.0,2.3,10.0,1.470517,2010s,Low,Low,Moderate
Trinidad and Tobago,TTO,AMR,2019,1484896,290.0,19.0,34.0,2.3,12.0,1.484896,2010s,Low,Low,High
Trinidad and Tobago,TTO,AMR,2020,1481017,290.0,20.0,34.0,2.3,12.0,1.481017,2020s,Low,Low,High
Trinidad and Tobago,TTO,AMR,2021,1487716,230.0,15.0,28.0,1.9,12.0,1.487716,2020s,Low,Low,High
Trinidad and Tobago,TTO,AMR,2022,1495916,330.0,22.0,33.0,2.2,10.0,1.495916,2020s,Low,Low,Moderate
Trinidad and Tobago,TTO,AMR,2023,1502931,370.0,25.0,42.0,2.8,11.0,1.502931,2020s,Low,Low,High
Trinidad and Tobago,TTO,AMR,2024,1507783,400.0,27.0,42.0,2.8,10.0,1.507783,2020s,Low,Low,Moderate
Tunisia,TUN,EMR,2000,9764943,5600.0,57.0,180.0,1.8,3.0,9.764943,2000s,Low,Low,Low
Tunisia,TUN,EMR,2001,9869676,4900.0,49.0,170.0,1.8,4.0,9.869676,2000s,Low,Low,Low
Tunisia,TUN,EMR,2002,9971523,4400.0,44.0,170.0,1.7,4.0,9.971523,2000s,Low,Low,Low
Tunisia,TUN,EMR,2003,10071634,4200.0,42.0,180.0,1.7,4.0,10.071634,2000s,Low,Low,Low
Tunisia,TUN,EMR,2004,10166156,4000.0,39.0,180.0,1.7,4.0,10.166156,2000s,Low,Low,Low
Tunisia,TUN,EMR,2005,10255471,3900.0,38.0,180.0,1.7,5.0,10.255471,2000s,Low,Low,Low
Tunisia,TUN,EMR,2006,10346411,3900.0,38.0,180.0,1.7,5.0,10.346411,2000s,Low,Low,Low
Tunisia,TUN,EMR,2007,10441708,4200.0,40.0,180.0,1.7,4.0,10.441708,2000s,Low,Low,Low
Tunisia,TUN,EMR,2008,10542627,4100.0,39.0,180.0,1.7,4.0,10.542627,2000s,Low,Low,Low
Tunisia,TUN,EMR,2009,10650676,3800.0,36.0,180.0,1.7,5.0,10.650676,2000s,Low,Low,Low
Tunisia,TUN,EMR,2010,10765985,4200.0,39.0,180.0,1.6,4.0,10.765985,2010s,Low,Low,Low
Tunisia,TUN,EMR,2011,10886030,5300.0,48.0,180.0,1.6,3.0,10.88603,2010s,Low,Low,Low
Tunisia,TUN,EMR,2012,11009648,5600.0,51.0,180.0,1.6,3.0,11.009648,2010s,Low,Low,Low
Tunisia,TUN,EMR,2013,11141346,5200.0,46.0,180.0,1.6,3.0,11.141346,2010s,Low,Low,Low
Tunisia,TUN,EMR,2014,11274284,5300.0,47.0,170.0,1.5,3.0,11.274284,2010s,Low,Low,Low
Tunisia,TUN,EMR,2015,11402266,5700.0,50.0,160.0,1.4,3.0,11.402266,2010s,Low,Low,Low
Tunisia,TUN,EMR,2016,11528672,5600.0,49.0,170.0,1.5,3.0,11.528672,2010s,Low,Low,Low
Tunisia,TUN,EMR,2017,11650502,5000.0,43.0,150.0,1.3,3.0,11.650502,2010s,Low,Low,Low
Tunisia,TUN,EMR,2018,11765513,5000.0,43.0,160.0,1.3,3.0,11.765513,2010s,Low,Low,Low
Tunisia,TUN,EMR,2019,11875087,5000.0,42.0,150.0,1.3,3.0,11.875087,2010s,Low,Low,Low
Tunisia,TUN,EMR,2020,11974061,4900.0,41.0,150.0,1.3,3.0,11.974061,2020s,Low,Low,Low
Tunisia,TUN,EMR,2021,12048629,4900.0,40.0,150.0,1.3,3.0,12.048629,2020s,Low,Low,Low
Tunisia,TUN,EMR,2022,12119327,4800.0,39.0,150.0,1.3,3.0,12.119327,2020s,Low,Low,Low
Tunisia,TUN,EMR,2023,12200425,4700.0,38.0,150.0,1.3,3.0,12.200425,2020s,Low,Low,Low
Tunisia,TUN,EMR,2024,12277102,4700.0,39.0,150.0,1.3,3.0,12.277102,2020s,Low,Low,Low
Türkiye,TUR,EUR,2000,65425964,35000.0,54.0,1700.0,2.6,5.0,65.425964,2000s,Low,Low,Low
Türkiye,TUR,EUR,2001,66245123,33000.0,49.0,1400.0,2.1,4.0,66.245123,2000s,Low,Low,Low
Türkiye,TUR,EUR,2002,67048801,33000.0,49.0,1200.0,1.7,4.0,67.048801,2000s,Low,Low,Low
Türkiye,TUR,EUR,2003,67831729,32000.0,47.0,960.0,1.4,3.0,67.831729,2000s,Low,Low,Low
Türkiye,TUR,EUR,2004,68592616,30000.0,44.0,570.0,0.83,2.0,68.592616,2000s,Low,Low,Low
Türkiye,TUR,EUR,2005,69329557,33000.0,48.0,870.0,1.3,3.0,69.329557,2000s,Low,Low,Low
Türkiye,TUR,EUR,2006,70045349,33000.0,47.0,630.0,0.9,2.0,70.045349,2000s,Low,Low,Low
Türkiye,TUR,EUR,2007,70750591,31000.0,44.0,670.0,0.95,2.0,70.750591,2000s,Low,Low,Low
Türkiye,TUR,EUR,2008,71562340,29000.0,40.0,760.0,1.1,3.0,71.56234,2000s,Low,Low,Low
Türkiye,TUR,EUR,2009,72464837,27000.0,38.0,1000.0,1.4,4.0,72.464837,2000s,Low,Low,Low
Türkiye,TUR,EUR,2010,73346765,26000.0,35.0,880.0,1.2,3.0,73.346765,2010s,Low,Low,Low
Türkiye,TUR,EUR,2011,74215207,23000.0,32.0,850.0,1.1,4.0,74.215207,2010s,Low,Low,Low
Türkiye,TUR,EUR,2012,75197199,21000.0,28.0,740.0,0.99,4.0,75.197199,2010s,Low,Low,Low
Türkiye,TUR,EUR,2013,76403029,19000.0,25.0,620.0,0.81,3.0,76.403029,2010s,Low,Low,Low
Türkiye,TUR,EUR,2014,78036157,18000.0,23.0,600.0,0.77,3.0,78.036157,2010s,Low,Low,Low
Türkiye,TUR,EUR,2015,80014232,17000.0,21.0,580.0,0.72,4.0,80.014232,2010s,Low,Low,Low
Türkiye,TUR,EUR,2016,81652090,16000.0,20.0,580.0,0.71,4.0,81.65209,2010s,Low,Low,Low
Türkiye,TUR,EUR,2017,83083663,16000.0,19.0,510.0,0.62,3.0,83.083663,2010s,Low,Low,Low
Türkiye,TUR,EUR,2018,84415976,15000.0,18.0,480.0,0.57,3.0,84.415976,2010s,Low,Low,Low
Türkiye,TUR,EUR,2019,85357667,15000.0,17.0,460.0,0.54,3.0,85.357667,2010s,Low,Low,Low
Türkiye,TUR,EUR,2020,86091697,14000.0,16.0,400.0,0.47,3.0,86.091697,2020s,Low,Low,Low
Türkiye,TUR,EUR,2021,86686263,13000.0,16.0,360.0,0.42,3.0,86.686263,2020s,Low,Low,Low
Türkiye,TUR,EUR,2022,87058467,13000.0,15.0,420.0,0.48,3.0,87.058467,2020s,Low,Low,Low
Türkiye,TUR,EUR,2023,87270497,12000.0,14.0,400.0,0.46,3.0,87.270497,2020s,Low,Low,Low
Türkiye,TUR,EUR,2024,87473816,11000.0,13.0,400.0,0.46,4.0,87.473816,2020s,Low,Low,Low
Turkmenistan,TKM,EUR,2000,4582678,8900.0,193.0,1300.0,28.0,14.0,4.582678,2000s,Medium,Moderate,High
Turkmenistan,TKM,EUR,2001,4675404,8300.0,177.0,1300.0,28.0,16.0,4.675404,2000s,Medium,Moderate,High
Turkmenistan,TKM,EUR,2002,4769468,7400.0,155.0,980.0,20.0,13.0,4.769468,2000s,Medium,Low,High
Turkmenistan,TKM,EUR,2003,4863859,8300.0,172.0,1100.0,22.0,13.0,4.863859,2000s,Medium,Moderate,High
Turkmenistan,TKM,EUR,2004,4958092,6300.0,126.0,1100.0,22.0,17.0,4.958092,2000s,Medium,Moderate,High
Turkmenistan,TKM,EUR,2005,5052258,5700.0,113.0,1200.0,23.0,20.0,5.052258,2000s,Medium,Moderate,High
Turkmenistan,TKM,EUR,2006,5147104,5600.0,109.0,1100.0,21.0,20.0,5.147104,2000s,Medium,Moderate,High
Turkmenistan,TKM,EUR,2007,5244052,5800.0,110.0,1100.0,22.0,20.0,5.244052,2000s,Medium,Moderate,High
Turkmenistan,TKM,EUR,2008,5345015,6200.0,115.0,1100.0,20.0,18.0,5.345015,2000s,Medium,Low,High
Turkmenistan,TKM,EUR,2009,5451595,5100.0,93.0,1000.0,19.0,21.0,5.451595,2000s,Low,Low,High
Turkmenistan,TKM,EUR,2010,5564360,5000.0,91.0,1100.0,20.0,22.0,5.56436,2010s,Low,Low,High
Turkmenistan,TKM,EUR,2011,5683405,4200.0,74.0,950.0,17.0,23.0,5.683405,2010s,Low,Low,High
Turkmenistan,TKM,EUR,2012,5808544,4400.0,76.0,870.0,15.0,20.0,5.808544,2010s,Low,Low,High
Turkmenistan,TKM,EUR,2013,5939341,4500.0,76.0,830.0,14.0,19.0,5.939341,2010s,Low,Low,High
Turkmenistan,TKM,EUR,2014,6075286,3700.0,61.0,880.0,15.0,24.0,6.075286,2010s,Low,Low,High
Turkmenistan,TKM,EUR,2015,6215764,3100.0,50.0,790.0,13.0,25.0,6.215764,2010s,Low,Low,High
Turkmenistan,TKM,EUR,2016,6360039,2900.0,46.0,840.0,13.0,29.0,6.360039,2010s,Low,Low,High
Turkmenistan,TKM,EUR,2017,6507066,2700.0,42.0,830.0,13.0,31.0,6.507066,2010s,Low,Low,High
Turkmenistan,TKM,EUR,2018,6655528,2900.0,44.0,860.0,13.0,30.0,6.655528,2010s,Low,Low,High
Turkmenistan,TKM,EUR,2019,6803957,2900.0,42.0,870.0,13.0,31.0,6.803957,2010s,Low,Low,High
Turkmenistan,TKM,EUR,2020,6949909,2600.0,37.0,860.0,12.0,34.0,6.949909,2020s,Low,Low,High
Turkmenistan,TKM,EUR,2021,7092043,2500.0,35.0,860.0,12.0,35.0,7.092043,2020s,Low,Low,High
Turkmenistan,TKM,EUR,2022,7230196,3300.0,46.0,930.0,13.0,28.0,7.230196,2020s,Low,Low,High
Turkmenistan,TKM,EUR,2023,7364441,3000.0,41.0,920.0,13.0,31.0,7.364441,2020s,Low,Low,High
Turkmenistan,TKM,EUR,2024,7494492,3000.0,40.0,930.0,12.0,32.0,7.494492,2020s,Low,Low,High
Turks and Caicos Islands,TCA,AMR,2000,18729,3.0,15.0,0.0,0.65,,0.018729,2000s,Low,Low,
Turks and Caicos Islands,TCA,AMR,2001,19577,3.0,15.0,0.0,0.64,,0.019577,2000s,Low,Low,
Turks and Caicos Islands,TCA,AMR,2002,20596,3.0,15.0,0.0,0.61,,0.020596,2000s,Low,Low,
Turks and Caicos Islands,TCA,AMR,2003,21726,6.0,28.0,0.0,1.2,,0.021726,2000s,Low,Low,
Turks and Caicos Islands,TCA,AMR,2004,22856,6.0,25.0,0.0,1.1,,0.022856,2000s,Low,Low,
Turks and Caicos Islands,TCA,AMR,2005,23985,6.0,26.0,0.0,1.1,,0.023985,2000s,Low,Low,
Turks and Caicos Islands,TCA,AMR,2006,25121,7.0,28.0,0.0,1.2,,0.025121,2000s,Low,Low,
Turks and Caicos Islands,TCA,AMR,2007,26271,7.0,26.0,0.0,1.1,,0.026271,2000s,Low,Low,
Turks and Caicos Islands,TCA,AMR,2008,27422,7.0,25.0,0.0,1.0,,0.027422,2000s,Low,Low,
Turks and Caicos Islands,TCA,AMR,2009,28584,7.0,23.0,0.0,0.99,,0.028584,2000s,Low,Low,
Turks and Caicos Islands,TCA,AMR,2010,29733,6.0,20.0,0.0,0.85,,0.029733,2010s,Low,Low,
Turks and Caicos Islands,TCA,AMR,2011,30846,9.0,29.0,0.0,1.2,,0.030846,2010s,Low,Low,
Turks and Caicos Islands,TCA,AMR,2012,32125,8.0,25.0,0.0,0.96,,0.032125,2010s,Low,Low,
Turks and Caicos Islands,TCA,AMR,2013,33655,2.0,5.9,0.0,0.18,,0.033655,2010s,Low,Low,
Turks and Caicos Islands,TCA,AMR,2014,35042,1.0,2.9,0.0,0.09,,0.035042,2010s,Low,Low,
Turks and Caicos Islands,TCA,AMR,2015,36601,2.0,5.5,0.0,0.16,,0.036601,2010s,Low,Low,
Turks and Caicos Islands,TCA,AMR,2016,38310,2.0,5.2,0.0,0.31,,0.03831,2010s,Low,Low,
Turks and Caicos Islands,TCA,AMR,2017,39909,4.0,10.0,0.0,0.3,,0.039909,2010s,Low,Low,
Turks and Caicos Islands,TCA,AMR,2018,41563,2.0,4.8,0.0,0.14,,0.041563,2010s,Low,Low,
Turks and Caicos Islands,TCA,AMR,2019,43161,4.0,9.3,0.0,0.28,,0.043161,2010s,Low,Low,
Turks and Caicos Islands,TCA,AMR,2020,44391,2.0,5.4,0.0,0.16,,0.044391,2020s,Low,Low,
Turks and Caicos Islands,TCA,AMR,2021,45240,0.0,0.0,0.0,0.0,,0.04524,2020s,,,
Turks and Caicos Islands,TCA,AMR,2022,45846,3.0,7.6,0.0,0.23,,0.045846,2020s,Low,Low,
Turks and Caicos Islands,TCA,AMR,2023,46206,7.0,15.0,0.0,0.58,,0.046206,2020s,Low,Low,
Turks and Caicos Islands,TCA,AMR,2024,46531,4.0,8.6,0.0,0.26,,0.046531,2020s,Low,Low,
Tuvalu,TUV,WPR,2000,9540,16.0,168.0,0.0,5.0,,0.00954,2000s,Medium,Low,
Tuvalu,TUV,WPR,2001,9600,16.0,167.0,0.0,5.0,,0.0096,2000s,Medium,Low,
Tuvalu,TUV,WPR,2002,9625,13.0,135.0,0.0,4.1,,0.009625,2000s,Medium,Low,
Tuvalu,TUV,WPR,2003,9685,31.0,320.0,1.0,9.6,,0.009685,2000s,High,Low,
Tuvalu,TUV,WPR,2004,9819,17.0,173.0,1.0,5.2,,0.009819,2000s,Medium,Low,
Tuvalu,TUV,WPR,2005,9939,12.0,121.0,0.0,3.6,,0.009939,2000s,Medium,Low,
Tuvalu,TUV,WPR,2006,10053,9.0,90.0,0.0,2.7,,0.010053,2000s,Low,Low,
Tuvalu,TUV,WPR,2007,10186,18.0,177.0,1.0,5.3,,0.010186,2000s,Medium,Low,
Tuvalu,TUV,WPR,2008,10332,17.0,165.0,1.0,4.9,,0.010332,2000s,Medium,Low,
Tuvalu,TUV,WPR,2009,10456,18.0,172.0,1.0,5.2,,0.010456,2000s,Medium,Low,
Tuvalu,TUV,WPR,2010,10611,14.0,132.0,0.0,4.0,,0.010611,2010s,Medium,Low,
Tuvalu,TUV,WPR,2011,10781,12.0,111.0,0.0,3.3,,0.010781,2010s,Medium,Low,
Tuvalu,TUV,WPR,2012,10929,19.0,174.0,1.0,5.2,,0.010929,2010s,Medium,Low,
Tuvalu,TUV,WPR,2013,11006,18.0,164.0,1.0,4.9,,0.011006,2010s,Medium,Low,
Tuvalu,TUV,WPR,2014,10984,15.0,137.0,0.0,4.1,,0.010984,2010s,Medium,Low,
Tuvalu,TUV,WPR,2015,10972,20.0,182.0,1.0,5.5,,0.010972,2010s,Medium,Low,
Tuvalu,TUV,WPR,2016,10930,20.0,183.0,1.0,5.5,,0.01093,2010s,Medium,Low,
Tuvalu,TUV,WPR,2017,10868,23.0,212.0,1.0,6.3,,0.010868,2010s,High,Low,
Tuvalu,TUV,WPR,2018,10755,27.0,251.0,1.0,7.5,,0.010755,2010s,High,Low,
Tuvalu,TUV,WPR,2019,10579,30.0,284.0,1.0,8.5,,0.010579,2010s,High,Low,
Tuvalu,TUV,WPR,2020,10401,30.0,288.0,1.0,8.7,,0.010401,2020s,High,Low,
Tuvalu,TUV,WPR,2021,10198,22.0,216.0,1.0,6.5,,0.010198,2020s,High,Low,
Tuvalu,TUV,WPR,2022,9988,26.0,260.0,1.0,7.8,,0.009988,2020s,High,Low,
Tuvalu,TUV,WPR,2023,9806,16.0,163.0,0.0,4.9,,0.009806,2020s,Medium,Low,
Tuvalu,TUV,WPR,2024,9645,22.0,223.0,1.0,6.7,,0.009645,2020s,High,Low,
Uganda,UGA,AFR,2000,24000156,66000.0,276.0,27000.0,111.0,46.0,24.000156,2000s,High,High,High
Uganda,UGA,AFR,2001,24745677,66000.0,266.0,21000.0,86.0,35.0,24.745677,2000s,High,High,High
Uganda,UGA,AFR,2002,25532876,65000.0,256.0,18000.0,71.0,29.0,25.532876,2000s,High,High,High
Uganda,UGA,AFR,2003,26352126,65000.0,248.0,16000.0,62.0,26.0,26.352126,2000s,High,High,High
Uganda,UGA,AFR,2004,27154513,65000.0,240.0,16000.0,58.0,25.0,27.154513,2000s,High,High,High
Uganda,UGA,AFR,2005,27963283,65000.0,233.0,17000.0,61.0,27.0,27.963283,2000s,High,High,High
Uganda,UGA,AFR,2006,28793998,65000.0,227.0,17000.0,60.0,28.0,28.793998,2000s,High,High,High
Uganda,UGA,AFR,2007,29653423,66000.0,222.0,18000.0,59.0,28.0,29.653423,2000s,High,High,High
Uganda,UGA,AFR,2008,30539551,66000.0,217.0,18000.0,59.0,28.0,30.539551,2000s,High,High,High
Uganda,UGA,AFR,2009,31451153,67000.0,213.0,19000.0,59.0,29.0,31.451153,2000s,High,High,High
Uganda,UGA,AFR,2010,32390801,68000.0,210.0,18000.0,56.0,28.0,32.390801,2010s,High,High,High
Uganda,UGA,AFR,2011,33354541,69000.0,207.0,17000.0,51.0,25.0,33.354541,2010s,High,High,High
Uganda,UGA,AFR,2012,34337435,70000.0,205.0,18000.0,53.0,27.0,34.337435,2010s,High,High,High
Uganda,UGA,AFR,2013,35337037,72000.0,203.0,18000.0,52.0,27.0,35.337037,2010s,High,High,High
Uganda,UGA,AFR,2014,36395533,74000.0,202.0,20000.0,55.0,28.0,36.395533,2010s,High,High,High
Uganda,UGA,AFR,2015,37531447,76000.0,202.0,22000.0,59.0,31.0,37.531447,2010s,High,High,High
Uganda,UGA,AFR,2016,38799150,78000.0,201.0,23000.0,59.0,31.0,38.79915,2010s,High,High,High
Uganda,UGA,AFR,2017,40177384,81000.0,201.0,23000.0,56.0,30.0,40.177384,2010s,High,High,High
Uganda,UGA,AFR,2018,41565822,83000.0,200.0,19000.0,46.0,24.0,41.565822,2010s,Medium,Moderate,High
Uganda,UGA,AFR,2019,42999639,86000.0,200.0,15000.0,36.0,19.0,42.999639,2010s,Medium,Moderate,High
Uganda,UGA,AFR,2020,44457152,89000.0,199.0,18000.0,41.0,22.0,44.457152,2020s,Medium,Moderate,High
Uganda,UGA,AFR,2021,45910933,91000.0,199.0,13000.0,27.0,14.0,45.910933,2020s,Medium,Moderate,High
Uganda,UGA,AFR,2022,47312720,94000.0,198.0,4700.0,9.9,5.0,47.31272,2020s,Medium,Low,Low
Uganda,UGA,AFR,2023,48656595,96000.0,198.0,9900.0,20.0,11.0,48.656595,2020s,Medium,Low,High
Uganda,UGA,AFR,2024,50015100,99000.0,197.0,9700.0,19.0,10.0,50.0151,2020s,Medium,Low,Moderate
Ukraine,UKR,EUR,2000,49556660,96000.0,193.0,19000.0,37.0,19.0,49.55666,2000s,Medium,Moderate,High
Ukraine,UKR,EUR,2001,49106856,100000.0,205.0,18000.0,37.0,18.0,49.106856,2000s,High,Moderate,High
Ukraine,UKR,EUR,2002,48677285,102000.0,210.0,17000.0,34.0,16.0,48.677285,2000s,High,Moderate,High
Ukraine,UKR,EUR,2003,48315142,103000.0,213.0,14000.0,29.0,14.0,48.315142,2000s,High,Moderate,High
Ukraine,UKR,EUR,2004,47979509,101000.0,211.0,16000.0,34.0,16.0,47.979509,2000s,High,Moderate,High
Ukraine,UKR,EUR,2005,47585568,98000.0,205.0,18000.0,39.0,19.0,47.585568,2000s,High,Moderate,High
Ukraine,UKR,EUR,2006,47278693,93000.0,197.0,17000.0,35.0,18.0,47.278693,2000s,Medium,Moderate,High
Ukraine,UKR,EUR,2007,47062792,86000.0,183.0,14000.0,29.0,16.0,47.062792,2000s,Medium,Moderate,High
Ukraine,UKR,EUR,2008,46819186,76000.0,162.0,14000.0,29.0,18.0,46.819186,2000s,Medium,Moderate,High
Ukraine,UKR,EUR,2009,46623735,67000.0,144.0,12000.0,25.0,18.0,46.623735,2000s,Medium,Moderate,High
Ukraine,UKR,EUR,2010,46456004,63000.0,136.0,12000.0,26.0,19.0,46.456004,2010s,Medium,Moderate,High
Ukraine,UKR,EUR,2011,46307856,61000.0,132.0,10000.0,22.0,17.0,46.307856,2010s,Medium,Moderate,High
Ukraine,UKR,EUR,2012,46210066,59000.0,127.0,9400.0,20.0,16.0,46.210066,2010s,Medium,Low,High
Ukraine,UKR,EUR,2013,46126758,55000.0,120.0,10000.0,22.0,18.0,46.126758,2010s,Medium,Moderate,High
Ukraine,UKR,EUR,2014,45972381,53000.0,115.0,9400.0,21.0,18.0,45.972381,2010s,Medium,Moderate,High
Ukraine,UKR,EUR,2015,45784893,49000.0,108.0,8900.0,20.0,18.0,45.784893,2010s,Medium,Low,High
Ukraine,UKR,EUR,2016,45616823,45000.0,99.0,7700.0,17.0,17.0,45.616823,2010s,Low,Low,High
Ukraine,UKR,EUR,2017,45436038,41000.0,90.0,7000.0,15.0,17.0,45.436038,2010s,Low,Low,High
Ukraine,UKR,EUR,2018,45208900,37000.0,82.0,6500.0,14.0,18.0,45.2089,2010s,Low,Low,High
Ukraine,UKR,EUR,2019,44957460,34000.0,76.0,5900.0,13.0,17.0,44.95746,2010s,Low,Low,High
Ukraine,UKR,EUR,2020,44680015,33000.0,75.0,5100.0,11.0,15.0,44.680015,2020s,Low,Low,High
Ukraine,UKR,EUR,2021,44298646,36000.0,81.0,5200.0,12.0,15.0,44.298646,2020s,Low,Low,High
Ukraine,UKR,EUR,2022,41048758,36000.0,87.0,5000.0,12.0,14.0,41.048758,2020s,Low,Low,High
Ukraine,UKR,EUR,2023,37732841,34000.0,89.0,4400.0,12.0,13.0,37.732841,2020s,Low,Low,High
Ukraine,UKR,EUR,2024,37860219,33000.0,86.0,4200.0,11.0,13.0,37.860219,2020s,Low,Low,High
United Arab Emirates,ARE,EMR,2000,3493570,280.0,8.1,29.0,0.82,10.0,3.49357,2000s,Low,Low,Moderate
United Arab Emirates,ARE,EMR,2001,3723586,170.0,4.6,28.0,0.74,16.0,3.723586,2000s,Low,Low,High
United Arab Emirates,ARE,EMR,2002,3956821,200.0,4.9,29.0,0.73,15.0,3.956821,2000s,Low,Low,High
United Arab Emirates,ARE,EMR,2003,4192446,240.0,5.7,31.0,0.73,13.0,4.192446,2000s,Low,Low,High
United Arab Emirates,ARE,EMR,2004,4428969,180.0,4.0,31.0,0.7,18.0,4.428969,2000s,Low,Low,High
United Arab Emirates,ARE,EMR,2005,4664780,190.0,4.1,32.0,0.69,17.0,4.66478,2000s,Low,Low,High
United Arab Emirates,ARE,EMR,2006,5009098,160.0,3.3,56.0,1.1,35.0,5.009098,2000s,Low,Low,High
United Arab Emirates,ARE,EMR,2007,5624630,170.0,3.1,42.0,0.75,25.0,5.62463,2000s,Low,Low,High
United Arab Emirates,ARE,EMR,2008,6302670,160.0,2.6,53.0,0.84,33.0,6.30267,2000s,Low,Low,High
United Arab Emirates,ARE,EMR,2009,6707057,200.0,3.0,50.0,0.74,25.0,6.707057,2000s,Low,Low,High
United Arab Emirates,ARE,EMR,2010,6938366,220.0,3.2,51.0,0.73,23.0,6.938366,2010s,Low,Low,High
United Arab Emirates,ARE,EMR,2011,7199430,170.0,2.4,51.0,0.71,30.0,7.19943,2010s,Low,Low,High
United Arab Emirates,ARE,EMR,2012,7497122,130.0,1.7,54.0,0.72,43.0,7.497122,2010s,Low,Low,High
United Arab Emirates,ARE,EMR,2013,7831846,130.0,1.6,54.0,0.69,44.0,7.831846,2010s,Low,Low,High
United Arab Emirates,ARE,EMR,2014,8236871,91.0,1.1,57.0,0.69,63.0,8.236871,2010s,Low,Low,High
United Arab Emirates,ARE,EMR,2015,8674639,89.0,1.0,59.0,0.68,67.0,8.674639,2010s,Low,Low,High
United Arab Emirates,ARE,EMR,2016,9030874,93.0,1.0,63.0,0.7,69.0,9.030874,2010s,Low,Low,High
United Arab Emirates,ARE,EMR,2017,9234318,95.0,1.0,65.0,0.7,69.0,9.234318,2010s,Low,Low,High
United Arab Emirates,ARE,EMR,2018,9346882,120.0,1.2,64.0,0.68,56.0,9.346882,2010s,Low,Low,High
United Arab Emirates,ARE,EMR,2019,9377858,110.0,1.2,63.0,0.67,57.0,9.377858,2010s,Low,Low,High
United Arab Emirates,ARE,EMR,2020,9448530,81.0,0.85,65.0,0.69,81.0,9.44853,2020s,Low,Low,High
United Arab Emirates,ARE,EMR,2021,9789055,81.0,0.82,66.0,0.68,83.0,9.789055,2020s,Low,Low,High
United Arab Emirates,ARE,EMR,2022,10242076,79.0,0.77,69.0,0.68,88.0,10.242076,2020s,Low,Low,High
United Arab Emirates,ARE,EMR,2023,10642078,81.0,0.76,73.0,0.68,91.0,10.642078,2020s,Low,Low,High
United Arab Emirates,ARE,EMR,2024,11027123,70.0,0.63,75.0,0.68,100.0,11.027123,2020s,Low,Low,High
United Kingdom of Great Britain and Northern Ireland,GBR,EUR,2000,59057338,7000.0,12.0,640.0,1.1,9.0,59.057338,2000s,Low,Low,Moderate
United Kingdom of Great Britain and Northern Ireland,GBR,EUR,2001,59288089,6800.0,11.0,620.0,1.0,9.0,59.288089,2000s,Low,Low,Moderate
United Kingdom of Great Britain and Northern Ireland,GBR,EUR,2002,59540769,7800.0,13.0,630.0,1.1,8.0,59.540769,2000s,Low,Low,Moderate
United Kingdom of Great Britain and Northern Ireland,GBR,EUR,2003,59820380,8000.0,13.0,630.0,1.1,8.0,59.82038,2000s,Low,Low,Moderate
United Kingdom of Great Britain and Northern Ireland,GBR,EUR,2004,60169974,7900.0,13.0,560.0,0.92,7.0,60.169974,2000s,Low,Low,Moderate
United Kingdom of Great Britain and Northern Ireland,GBR,EUR,2005,60596107,9200.0,15.0,560.0,0.92,6.0,60.596107,2000s,Low,Low,Moderate
United Kingdom of Great Britain and Northern Ireland,GBR,EUR,2006,61051090,9300.0,15.0,570.0,0.93,6.0,61.05109,2000s,Low,Low,Moderate
United Kingdom of Great Britain and Northern Ireland,GBR,EUR,2007,61535854,9000.0,15.0,460.0,0.75,5.0,61.535854,2000s,Low,Low,Low
United Kingdom of Great Britain and Northern Ireland,GBR,EUR,2008,62027311,9300.0,15.0,510.0,0.82,6.0,62.027311,2000s,Low,Low,Moderate
United Kingdom of Great Britain and Northern Ireland,GBR,EUR,2009,62506230,9100.0,15.0,470.0,0.75,5.0,62.50623,2000s,Low,Low,Low
United Kingdom of Great Britain and Northern Ireland,GBR,EUR,2010,63006483,8800.0,14.0,430.0,0.68,5.0,63.006483,2010s,Low,Low,Low
United Kingdom of Great Britain and Northern Ireland,GBR,EUR,2011,63509291,9500.0,15.0,390.0,0.62,4.0,63.509291,2010s,Low,Low,Low
United Kingdom of Great Britain and Northern Ireland,GBR,EUR,2012,63960487,9300.0,15.0,390.0,0.61,4.0,63.960487,2010s,Low,Low,Low
United Kingdom of Great Britain and Northern Ireland,GBR,EUR,2013,64389390,8300.0,13.0,400.0,0.62,5.0,64.38939,2010s,Low,Low,Low
United Kingdom of Great Britain and Northern Ireland,GBR,EUR,2014,64865918,7400.0,11.0,400.0,0.61,5.0,64.865918,2010s,Low,Low,Low
United Kingdom of Great Britain and Northern Ireland,GBR,EUR,2015,65382102,6600.0,10.0,380.0,0.58,6.0,65.382102,2010s,Low,Low,Moderate
United Kingdom of Great Britain and Northern Ireland,GBR,EUR,2016,65893353,6500.0,9.9,340.0,0.51,5.0,65.893353,2010s,Low,Low,Low
United Kingdom of Great Britain and Northern Ireland,GBR,EUR,2017,66354469,5900.0,8.9,290.0,0.44,5.0,66.354469,2010s,Low,Low,Low
United Kingdom of Great Britain and Northern Ireland,GBR,EUR,2018,66752470,5400.0,8.0,290.0,0.44,6.0,66.75247,2010s,Low,Low,Moderate
United Kingdom of Great Britain and Northern Ireland,GBR,EUR,2019,67110962,5400.0,8.1,260.0,0.38,5.0,67.110962,2010s,Low,Low,Low
United Kingdom of Great Britain and Northern Ireland,GBR,EUR,2020,67351866,4700.0,7.0,260.0,0.38,6.0,67.351866,2020s,Low,Low,Moderate
United Kingdom of Great Britain and Northern Ireland,GBR,EUR,2021,67668797,5400.0,7.9,240.0,0.35,4.0,67.668797,2020s,Low,Low,Low
United Kingdom of Great Britain and Northern Ireland,GBR,EUR,2022,68179313,5300.0,7.8,270.0,0.39,5.0,68.179313,2020s,Low,Low,Low
United Kingdom of Great Britain and Northern Ireland,GBR,EUR,2023,68682959,5900.0,8.6,270.0,0.39,5.0,68.682959,2020s,Low,Low,Low
United Kingdom of Great Britain and Northern Ireland,GBR,EUR,2024,69138194,6700.0,9.7,260.0,0.37,4.0,69.138194,2020s,Low,Low,Low
United Republic of Tanzania,TZA,AFR,2000,34260135,172000.0,503.0,82000.0,240.0,65.0,34.260135,2000s,High,High,High
United Republic of Tanzania,TZA,AFR,2001,35198300,178000.0,506.0,79000.0,223.0,59.0,35.1983,2000s,High,High,High
United Republic of Tanzania,TZA,AFR,2002,36121302,184000.0,509.0,80000.0,223.0,58.0,36.121302,2000s,High,High,High
United Republic of Tanzania,TZA,AFR,2003,37089559,189000.0,510.0,80000.0,215.0,56.0,37.089559,2000s,High,High,High
United Republic of Tanzania,TZA,AFR,2004,38109668,194000.0,510.0,83000.0,217.0,56.0,38.109668,2000s,High,High,High
United Republic of Tanzania,TZA,AFR,2005,39182075,200000.0,510.0,86000.0,220.0,56.0,39.182075,2000s,High,High,High
United Republic of Tanzania,TZA,AFR,2006,40294903,203000.0,504.0,89000.0,221.0,56.0,40.294903,2000s,High,High,High
United Republic of Tanzania,TZA,AFR,2007,41435519,204000.0,492.0,89000.0,215.0,56.0,41.435519,2000s,High,High,High
United Republic of Tanzania,TZA,AFR,2008,42570727,202000.0,474.0,87000.0,205.0,55.0,42.570727,2000s,High,High,High
United Republic of Tanzania,TZA,AFR,2009,43633980,197000.0,452.0,84000.0,193.0,53.0,43.63398,2000s,High,High,High
United Republic of Tanzania,TZA,AFR,2010,44758488,191000.0,426.0,76000.0,170.0,49.0,44.758488,2010s,High,High,High
United Republic of Tanzania,TZA,AFR,2011,46029369,185000.0,401.0,74000.0,160.0,49.0,46.029369,2010s,High,High,High
United Republic of Tanzania,TZA,AFR,2012,47374264,179000.0,378.0,69000.0,146.0,47.0,47.374264,2010s,High,High,High
United Republic of Tanzania,TZA,AFR,2013,48824124,164000.0,336.0,59000.0,121.0,44.0,48.824124,2010s,High,High,High
United Republic of Tanzania,TZA,AFR,2014,50351509,164000.0,327.0,60000.0,119.0,43.0,50.351509,2010s,High,High,High
United Republic of Tanzania,TZA,AFR,2015,52020963,159000.0,306.0,57000.0,111.0,42.0,52.020963,2010s,High,High,High
United Republic of Tanzania,TZA,AFR,2016,53824016,155000.0,287.0,52000.0,97.0,39.0,53.824016,2010s,High,High,High
United Republic of Tanzania,TZA,AFR,2017,55652887,150000.0,269.0,47000.0,84.0,36.0,55.652887,2010s,High,High,High
United Republic of Tanzania,TZA,AFR,2018,57437158,145000.0,253.0,40000.0,70.0,31.0,57.437158,2010s,High,High,High
United Republic of Tanzania,TZA,AFR,2019,59174892,140000.0,237.0,33000.0,56.0,26.0,59.174892,2010s,High,High,High
United Republic of Tanzania,TZA,AFR,2020,60972801,135000.0,222.0,29000.0,48.0,24.0,60.972801,2020s,High,Moderate,High
United Republic of Tanzania,TZA,AFR,2021,62830413,131000.0,208.0,25000.0,40.0,22.0,62.830413,2020s,High,Moderate,High
United Republic of Tanzania,TZA,AFR,2022,64711820,126000.0,195.0,17000.0,26.0,15.0,64.71182,2020s,Medium,Moderate,High
United Republic of Tanzania,TZA,AFR,2023,66617605,122000.0,183.0,18000.0,27.0,17.0,66.617605,2020s,Medium,Moderate,High
United Republic of Tanzania,TZA,AFR,2024,68560157,118000.0,172.0,23000.0,34.0,23.0,68.560157,2020s,Medium,Moderate,High
United States of America,USA,AMR,2000,281484139,22000.0,7.7,2300.0,0.82,11.0,281.484139,2000s,Low,Low,High
United States of America,USA,AMR,2001,284279638,21000.0,7.4,2100.0,0.74,10.0,284.279638,2000s,Low,Low,Moderate
United States of America,USA,AMR,2002,287084337,20000.0,6.8,1900.0,0.67,10.0,287.084337,2000s,Low,Low,Moderate
United States of America,USA,AMR,2003,289908100,19000.0,6.6,1700.0,0.58,9.0,289.9081,2000s,Low,Low,Moderate
United States of America,USA,AMR,2004,292786252,18000.0,6.3,1500.0,0.51,8.0,292.786252,2000s,Low,Low,Moderate
United States of America,USA,AMR,2005,295716667,18000.0,6.0,1300.0,0.45,8.0,295.716667,2000s,Low,Low,Moderate
United States of America,USA,AMR,2006,298730205,17000.0,5.8,1200.0,0.4,7.0,298.730205,2000s,Low,Low,Moderate
United States of America,USA,AMR,2007,301844224,17000.0,5.5,1000.0,0.34,6.0,301.844224,2000s,Low,Low,Moderate
United States of America,USA,AMR,2008,304970330,16000.0,5.2,1000.0,0.33,6.0,304.97033,2000s,Low,Low,Moderate
United States of America,USA,AMR,2009,308023453,14000.0,4.6,890.0,0.29,6.0,308.023453,2000s,Low,Low,Moderate
United States of America,USA,AMR,2010,311062789,14000.0,4.4,870.0,0.28,6.0,311.062789,2010s,Low,Low,Moderate
United States of America,USA,AMR,2011,314105081,13000.0,4.1,790.0,0.25,6.0,314.105081,2010s,Low,Low,Moderate
United States of America,USA,AMR,2012,317115358,12000.0,3.8,730.0,0.23,6.0,317.115358,2010s,Low,Low,Moderate
United States of America,USA,AMR,2013,320110756,11000.0,3.4,740.0,0.23,7.0,320.110756,2010s,Low,Low,Moderate
United States of America,USA,AMR,2014,323115373,11000.0,3.3,650.0,0.2,6.0,323.115373,2010s,Low,Low,Moderate
United States of America,USA,AMR,2015,326126494,11000.0,3.3,630.0,0.19,6.0,326.126494,2010s,Low,Low,Moderate
United States of America,USA,AMR,2016,329179422,10000.0,3.1,670.0,0.2,7.0,329.179422,2010s,Low,Low,Moderate
United States of America,USA,AMR,2017,332204656,10000.0,3.0,640.0,0.19,6.0,332.204656,2010s,Low,Low,Moderate
United States of America,USA,AMR,2018,335056496,10000.0,3.0,670.0,0.2,7.0,335.056496,2010s,Low,Low,Moderate
United States of America,USA,AMR,2019,337790067,9900.0,2.9,650.0,0.19,7.0,337.790067,2010s,Low,Low,Moderate
United States of America,USA,AMR,2020,339436165,8000.0,2.4,700.0,0.21,9.0,339.436165,2020s,Low,Low,Moderate
United States of America,USA,AMR,2021,340161448,8800.0,2.6,700.0,0.2,8.0,340.161448,2020s,Low,Low,Moderate
United States of America,USA,AMR,2022,341534052,9000.0,2.6,710.0,0.21,8.0,341.534052,2020s,Low,Low,Moderate
United States of America,USA,AMR,2023,343477333,11000.0,3.1,640.0,0.19,6.0,343.477333,2020s,Low,Low,Moderate
United States of America,USA,AMR,2024,345426574,11000.0,3.2,650.0,0.19,6.0,345.426574,2020s,Low,Low,Moderate
Uruguay,URY,AMR,2000,3266204,1100.0,33.0,140.0,4.2,13.0,3.266204,2000s,Low,Low,High
Uruguay,URY,AMR,2001,3274251,1100.0,34.0,130.0,4.0,12.0,3.274251,2000s,Low,Low,High
Uruguay,URY,AMR,2002,3278857,850.0,26.0,99.0,3.0,12.0,3.278857,2000s,Low,Low,High
Uruguay,URY,AMR,2003,3281183,1000.0,31.0,120.0,3.6,12.0,3.281183,2000s,Low,Low,High
Uruguay,URY,AMR,2004,3283155,1100.0,34.0,150.0,4.5,13.0,3.283155,2000s,Low,Low,High
Uruguay,URY,AMR,2005,3285773,930.0,28.0,100.0,3.1,11.0,3.285773,2000s,Low,Low,High
Uruguay,URY,AMR,2006,3289517,820.0,25.0,80.0,2.4,10.0,3.289517,2000s,Low,Low,Moderate
Uruguay,URY,AMR,2007,3295154,870.0,26.0,120.0,3.6,14.0,3.295154,2000s,Low,Low,High
Uruguay,URY,AMR,2008,3302179,960.0,29.0,89.0,2.7,9.0,3.302179,2000s,Low,Low,Moderate
Uruguay,URY,AMR,2009,3310088,960.0,29.0,110.0,3.3,11.0,3.310088,2000s,Low,Low,High
Uruguay,URY,AMR,2010,3318594,930.0,28.0,88.0,2.6,10.0,3.318594,2010s,Low,Low,Moderate
Uruguay,URY,AMR,2011,3326818,1100.0,32.0,85.0,2.6,8.0,3.326818,2010s,Low,Low,Moderate
Uruguay,URY,AMR,2012,3335404,1100.0,31.0,88.0,2.6,9.0,3.335404,2010s,Low,Low,Moderate
Uruguay,URY,AMR,2013,3345331,1100.0,34.0,100.0,3.1,9.0,3.345331,2010s,Low,Low,Moderate
Uruguay,URY,AMR,2014,3356331,1100.0,33.0,120.0,3.5,11.0,3.356331,2010s,Low,Low,High
Uruguay,URY,AMR,2015,3368018,1100.0,33.0,130.0,3.9,12.0,3.368018,2010s,Low,Low,High
Uruguay,URY,AMR,2016,3379283,1100.0,32.0,110.0,3.1,10.0,3.379283,2010s,Low,Low,Moderate
Uruguay,URY,AMR,2017,3388434,1200.0,34.0,110.0,3.1,9.0,3.388434,2010s,Low,Low,Moderate
Uruguay,URY,AMR,2018,3394536,1200.0,36.0,110.0,3.3,9.0,3.394536,2010s,Low,Low,Moderate
Uruguay,URY,AMR,2019,3397204,1300.0,38.0,120.0,3.6,10.0,3.397204,2010s,Low,Low,Moderate
Uruguay,URY,AMR,2020,3398971,1200.0,35.0,120.0,3.4,10.0,3.398971,2020s,Low,Low,Moderate
Uruguay,URY,AMR,2021,3396698,1200.0,34.0,120.0,3.6,11.0,3.396698,2020s,Low,Low,High
Uruguay,URY,AMR,2022,3390911,1400.0,41.0,120.0,3.6,9.0,3.390911,2020s,Low,Low,Moderate
Uruguay,URY,AMR,2023,3388075,1500.0,45.0,230.0,6.7,15.0,3.388075,2020s,Low,Low,High
Uruguay,URY,AMR,2024,3386590,1600.0,47.0,220.0,6.6,14.0,3.38659,2020s,Low,Low,High
Uzbekistan,UZB,EUR,2000,24787046,39000.0,156.0,5900.0,24.0,15.0,24.787046,2000s,Medium,Moderate,High
Uzbekistan,UZB,EUR,2001,25090281,41000.0,163.0,6100.0,24.0,15.0,25.090281,2000s,Medium,Moderate,High
Uzbekistan,UZB,EUR,2002,25399983,42000.0,166.0,6200.0,25.0,15.0,25.399983,2000s,Medium,Moderate,High
Uzbekistan,UZB,EUR,2003,25711263,43000.0,167.0,6000.0,23.0,14.0,25.711263,2000s,Medium,Moderate,High
Uzbekistan,UZB,EUR,2004,26029348,43000.0,165.0,5300.0,20.0,12.0,26.029348,2000s,Medium,Low,High
Uzbekistan,UZB,EUR,2005,26356982,42000.0,160.0,5100.0,19.0,12.0,26.356982,2000s,Medium,Low,High
Uzbekistan,UZB,EUR,2006,26699050,41000.0,153.0,3700.0,14.0,9.0,26.69905,2000s,Medium,Low,Moderate
Uzbekistan,UZB,EUR,2007,27076006,38000.0,142.0,3600.0,13.0,9.0,27.076006,2000s,Medium,Low,Moderate
Uzbekistan,UZB,EUR,2008,27494772,35000.0,127.0,3400.0,12.0,10.0,27.494772,2000s,Medium,Low,Moderate
Uzbekistan,UZB,EUR,2009,27939331,32000.0,113.0,4200.0,15.0,13.0,27.939331,2000s,Medium,Low,High
Uzbekistan,UZB,EUR,2010,28385509,29000.0,103.0,3800.0,13.0,13.0,28.385509,2010s,Medium,Low,High
Uzbekistan,UZB,EUR,2011,28823196,27000.0,94.0,3600.0,13.0,13.0,28.823196,2010s,Low,Low,High
Uzbekistan,UZB,EUR,2012,29261906,25000.0,87.0,3300.0,11.0,13.0,29.261906,2010s,Low,Low,High
Uzbekistan,UZB,EUR,2013,29724063,25000.0,82.0,2900.0,9.7,12.0,29.724063,2010s,Low,Low,High
Uzbekistan,UZB,EUR,2014,30222994,24000.0,81.0,2900.0,9.4,12.0,30.222994,2010s,Low,Low,High
Uzbekistan,UZB,EUR,2015,30749342,24000.0,79.0,2900.0,9.6,12.0,30.749342,2010s,Low,Low,High
Uzbekistan,UZB,EUR,2016,31284572,24000.0,76.0,2500.0,8.1,11.0,31.284572,2010s,Low,Low,High
Uzbekistan,UZB,EUR,2017,31819184,23000.0,73.0,2200.0,7.0,10.0,31.819184,2010s,Low,Low,Moderate
Uzbekistan,UZB,EUR,2018,32373487,23000.0,70.0,1700.0,5.3,8.0,32.373487,2010s,Low,Low,Moderate
Uzbekistan,UZB,EUR,2019,32964703,22000.0,67.0,1400.0,4.1,6.0,32.964703,2010s,Low,Low,Moderate
Uzbekistan,UZB,EUR,2020,33586367,21000.0,63.0,1200.0,3.5,6.0,33.586367,2020s,Low,Low,Moderate
Uzbekistan,UZB,EUR,2021,34243699,21000.0,60.0,760.0,2.2,4.0,34.243699,2020s,Low,Low,Low
Uzbekistan,UZB,EUR,2022,34938945,20000.0,57.0,700.0,2.0,4.0,34.938945,2020s,Low,Low,Low
Uzbekistan,UZB,EUR,2023,35652303,19000.0,54.0,750.0,2.1,4.0,35.652303,2020s,Low,Low,Low
Uzbekistan,UZB,EUR,2024,36361872,18000.0,51.0,740.0,2.0,4.0,36.361872,2020s,Low,Low,Low
Vanuatu,VUT,WPR,2000,186276,620.0,331.0,270.0,147.0,44.0,0.186276,2000s,High,High,High
Vanuatu,VUT,WPR,2001,191035,550.0,286.0,220.0,116.0,41.0,0.191035,2000s,High,High,High
Vanuatu,VUT,WPR,2002,195865,480.0,248.0,220.0,114.0,46.0,0.195865,2000s,High,High,High
Vanuatu,VUT,WPR,2003,200750,430.0,214.0,190.0,95.0,45.0,0.20075,2000s,High,High,High
Vanuatu,VUT,WPR,2004,205711,380.0,185.0,160.0,77.0,42.0,0.205711,2000s,Medium,High,High
Vanuatu,VUT,WPR,2005,210754,340.0,162.0,160.0,74.0,46.0,0.210754,2000s,Medium,High,High
Vanuatu,VUT,WPR,2006,215925,310.0,143.0,110.0,51.0,36.0,0.215925,2000s,Medium,High,High
Vanuatu,VUT,WPR,2007,221278,290.0,132.0,100.0,47.0,36.0,0.221278,2000s,Medium,Moderate,High
Vanuatu,VUT,WPR,2008,226902,290.0,127.0,110.0,49.0,39.0,0.226902,2000s,Medium,Moderate,High
Vanuatu,VUT,WPR,2009,232726,280.0,122.0,93.0,40.0,33.0,0.232726,2000s,Medium,Moderate,High
Vanuatu,VUT,WPR,2010,238250,280.0,116.0,97.0,41.0,36.0,0.23825,2010s,Medium,Moderate,High
Vanuatu,VUT,WPR,2011,243470,270.0,110.0,96.0,39.0,37.0,0.24347,2010s,Medium,Moderate,High
Vanuatu,VUT,WPR,2012,248883,260.0,104.0,83.0,33.0,33.0,0.248883,2010s,Medium,Moderate,High
Vanuatu,VUT,WPR,2013,254486,250.0,97.0,77.0,30.0,32.0,0.254486,2010s,Low,Moderate,High
Vanuatu,VUT,WPR,2014,260242,230.0,89.0,75.0,29.0,33.0,0.260242,2010s,Low,Moderate,High
Vanuatu,VUT,WPR,2015,266101,220.0,82.0,55.0,21.0,26.0,0.266101,2010s,Low,Moderate,High
Vanuatu,VUT,WPR,2016,272082,200.0,75.0,65.0,24.0,33.0,0.272082,2010s,Low,Moderate,High
Vanuatu,VUT,WPR,2017,278507,190.0,67.0,44.0,16.0,25.0,0.278507,2010s,Low,Low,High
Vanuatu,VUT,WPR,2018,285261,170.0,61.0,39.0,14.0,24.0,0.285261,2010s,Low,Low,High
Vanuatu,VUT,WPR,2019,291982,160.0,56.0,33.0,11.0,22.0,0.291982,2010s,Low,Low,High
Vanuatu,VUT,WPR,2020,298856,150.0,52.0,33.0,11.0,24.0,0.298856,2020s,Low,Low,High
Vanuatu,VUT,WPR,2021,305872,150.0,48.0,36.0,12.0,28.0,0.305872,2020s,Low,Low,High
Vanuatu,VUT,WPR,2022,313046,140.0,46.0,29.0,9.1,23.0,0.313046,2020s,Low,Low,High
Vanuatu,VUT,WPR,2023,320409,140.0,45.0,22.0,6.8,18.0,0.320409,2020s,Low,Low,High
Vanuatu,VUT,WPR,2024,327784,150.0,44.0,27.0,8.3,22.0,0.327784,2020s,Low,Low,High
Venezuela (Bolivarian Republic of),VEN,AMR,2000,24526717,15000.0,62.0,2300.0,9.3,15.0,24.526717,2000s,Low,Low,High
Venezuela (Bolivarian Republic of),VEN,AMR,2001,24979929,14000.0,56.0,2200.0,8.8,16.0,24.979929,2000s,Low,Low,High
Venezuela (Bolivarian Republic of),VEN,AMR,2002,25435677,13000.0,51.0,2000.0,7.7,15.0,25.435677,2000s,Low,Low,High
Venezuela (Bolivarian Republic of),VEN,AMR,2003,25892701,13000.0,52.0,1900.0,7.5,15.0,25.892701,2000s,Low,Low,High
Venezuela (Bolivarian Republic of),VEN,AMR,2004,26340840,13000.0,49.0,1800.0,6.7,14.0,26.34084,2000s,Low,Low,High
Venezuela (Bolivarian Republic of),VEN,AMR,2005,26785805,12000.0,46.0,1500.0,5.7,12.0,26.785805,2000s,Low,Low,High
Venezuela (Bolivarian Republic of),VEN,AMR,2006,27224685,12000.0,43.0,1300.0,4.9,12.0,27.224685,2000s,Low,Low,High
Venezuela (Bolivarian Republic of),VEN,AMR,2007,27649363,11000.0,39.0,1200.0,4.4,11.0,27.649363,2000s,Low,Low,High
Venezuela (Bolivarian Republic of),VEN,AMR,2008,28053686,10000.0,37.0,1100.0,3.9,10.0,28.053686,2000s,Low,Low,Moderate
Venezuela (Bolivarian Republic of),VEN,AMR,2009,28438302,10000.0,36.0,940.0,3.3,9.0,28.438302,2000s,Low,Low,Moderate
Venezuela (Bolivarian Republic of),VEN,AMR,2010,28813102,9900.0,34.0,990.0,3.4,10.0,28.813102,2010s,Low,Low,Moderate
Venezuela (Bolivarian Republic of),VEN,AMR,2011,29185212,9300.0,32.0,950.0,3.3,10.0,29.185212,2010s,Low,Low,Moderate
Venezuela (Bolivarian Republic of),VEN,AMR,2012,29553828,9300.0,32.0,970.0,3.3,11.0,29.553828,2010s,Low,Low,High
Venezuela (Bolivarian Republic of),VEN,AMR,2013,29912202,9100.0,30.0,990.0,3.3,11.0,29.912202,2010s,Low,Low,High
Venezuela (Bolivarian Republic of),VEN,AMR,2014,30254079,8600.0,29.0,960.0,3.2,11.0,30.254079,2010s,Low,Low,High
Venezuela (Bolivarian Republic of),VEN,AMR,2015,30573975,9400.0,31.0,960.0,3.1,10.0,30.573975,2010s,Low,Low,Moderate
Venezuela (Bolivarian Republic of),VEN,AMR,2016,30765724,11000.0,36.0,1300.0,4.1,12.0,30.765724,2010s,Low,Low,High
Venezuela (Bolivarian Republic of),VEN,AMR,2017,30565325,14000.0,47.0,1000.0,3.4,7.0,30.565325,2010s,Low,Low,Moderate
Venezuela (Bolivarian Republic of),VEN,AMR,2018,29807594,15000.0,50.0,1000.0,3.5,7.0,29.807594,2010s,Low,Low,Moderate
Venezuela (Bolivarian Republic of),VEN,AMR,2019,28938095,14000.0,48.0,990.0,3.4,7.0,28.938095,2010s,Low,Low,Moderate
Venezuela (Bolivarian Republic of),VEN,AMR,2020,28444072,13000.0,47.0,980.0,3.5,7.0,28.444072,2020s,Low,Low,Moderate
Venezuela (Bolivarian Republic of),VEN,AMR,2021,28237836,13000.0,48.0,1000.0,3.6,8.0,28.237836,2020s,Low,Low,Moderate
Venezuela (Bolivarian Republic of),VEN,AMR,2022,28213026,14000.0,48.0,940.0,3.3,7.0,28.213026,2020s,Low,Low,Moderate
Venezuela (Bolivarian Republic of),VEN,AMR,2023,28300854,13000.0,47.0,900.0,3.2,7.0,28.300854,2020s,Low,Low,Moderate
Venezuela (Bolivarian Republic of),VEN,AMR,2024,28405538,13000.0,46.0,920.0,3.3,7.0,28.405538,2020s,Low,Low,Moderate
Viet Nam,VNM,WPR,2000,77154014,229000.0,296.0,36000.0,47.0,19.0,77.154014,2000s,High,Moderate,High
Viet Nam,VNM,WPR,2001,77969360,226000.0,290.0,34000.0,44.0,18.0,77.96936,2000s,High,Moderate,High
Viet Nam,VNM,WPR,2002,78772222,224000.0,284.0,31000.0,39.0,16.0,78.772222,2000s,High,Moderate,High
Viet Nam,VNM,WPR,2003,79563782,221000.0,278.0,31000.0,39.0,16.0,79.563782,2000s,High,Moderate,High
Viet Nam,VNM,WPR,2004,80338971,219000.0,272.0,28000.0,35.0,15.0,80.338971,2000s,High,Moderate,High
Viet Nam,VNM,WPR,2005,81088311,216000.0,266.0,29000.0,36.0,15.0,81.088311,2000s,High,Moderate,High
Viet Nam,VNM,WPR,2006,82167889,213000.0,260.0,28000.0,34.0,14.0,82.167889,2000s,High,Moderate,High
Viet Nam,VNM,WPR,2007,83633379,212000.0,253.0,25000.0,30.0,13.0,83.633379,2000s,High,Moderate,High
Viet Nam,VNM,WPR,2008,85175794,209000.0,246.0,23000.0,27.0,12.0,85.175794,2000s,High,Moderate,High
Viet Nam,VNM,WPR,2009,86460021,206000.0,239.0,26000.0,30.0,14.0,86.460021,2000s,High,Moderate,High
Viet Nam,VNM,WPR,2010,87455157,202000.0,231.0,25000.0,28.0,13.0,87.455157,2010s,High,Moderate,High
Viet Nam,VNM,WPR,2011,88468308,199000.0,225.0,23000.0,26.0,13.0,88.468308,2010s,High,Moderate,High
Viet Nam,VNM,WPR,2012,89510363,195000.0,218.0,21000.0,23.0,11.0,89.510363,2010s,High,Moderate,High
Viet Nam,VNM,WPR,2013,90573108,192000.0,212.0,20000.0,22.0,11.0,90.573108,2010s,High,Moderate,High
Viet Nam,VNM,WPR,2014,91679573,188000.0,205.0,19000.0,21.0,11.0,91.679573,2010s,High,Moderate,High
Viet Nam,VNM,WPR,2015,92823261,185000.0,199.0,17000.0,18.0,10.0,92.823261,2010s,Medium,Low,Moderate
Viet Nam,VNM,WPR,2016,94000118,182000.0,193.0,15000.0,16.0,9.0,94.000118,2010s,Medium,Low,Moderate
Viet Nam,VNM,WPR,2017,95176978,179000.0,188.0,14000.0,15.0,8.0,95.176978,2010s,Medium,Low,Moderate
Viet Nam,VNM,WPR,2018,96237328,175000.0,182.0,13000.0,13.0,8.0,96.237328,2010s,Medium,Low,Moderate
Viet Nam,VNM,WPR,2019,97173783,171000.0,176.0,12000.0,12.0,7.0,97.173783,2010s,Medium,Low,Moderate
Viet Nam,VNM,WPR,2020,98079187,168000.0,171.0,12000.0,12.0,7.0,98.079187,2020s,Medium,Low,Moderate
Viet Nam,VNM,WPR,2021,98935100,169000.0,171.0,12000.0,12.0,7.0,98.9351,2020s,Medium,Low,Moderate
Viet Nam,VNM,WPR,2022,99680656,177000.0,178.0,14000.0,14.0,8.0,99.680656,2020s,Medium,Low,Moderate
Viet Nam,VNM,WPR,2023,100352197,185000.0,185.0,13000.0,13.0,7.0,100.352197,2020s,Medium,Low,Moderate
Viet Nam,VNM,WPR,2024,100987689,184000.0,182.0,12000.0,12.0,7.0,100.987689,2020s,Medium,Low,Moderate
Wallis and Futuna,WLF,WPR,2000,14787,2.0,15.0,0.0,0.45,,0.014787,2000s,Low,Low,
Wallis and Futuna,WLF,WPR,2001,14903,1.0,6.7,0.0,0.2,,0.014903,2000s,Low,Low,
Wallis and Futuna,WLF,WPR,2002,15029,19.0,126.0,1.0,3.8,,0.015029,2000s,Medium,Low,
Wallis and Futuna,WLF,WPR,2003,15050,17.0,113.0,1.0,3.4,,0.01505,2000s,Medium,Low,
Wallis and Futuna,WLF,WPR,2004,14894,11.0,74.0,0.0,2.2,,0.014894,2000s,Low,Low,
Wallis and Futuna,WLF,WPR,2005,14601,7.0,48.0,0.0,1.4,,0.014601,2000s,Low,Low,
Wallis and Futuna,WLF,WPR,2006,14323,6.0,42.0,0.0,1.3,,0.014323,2000s,Low,Low,
Wallis and Futuna,WLF,WPR,2007,13992,2.0,14.0,0.0,0.43,,0.013992,2000s,Low,Low,
Wallis and Futuna,WLF,WPR,2008,13687,5.0,40.0,0.0,1.2,,0.013687,2000s,Low,Low,
Wallis and Futuna,WLF,WPR,2009,13407,9.0,67.0,0.0,2.0,,0.013407,2000s,Low,Low,
Wallis and Futuna,WLF,WPR,2010,13171,5.0,36.0,0.0,1.1,,0.013171,2010s,Low,Low,
Wallis and Futuna,WLF,WPR,2011,12917,2.0,15.0,0.0,0.46,,0.012917,2010s,Low,Low,
Wallis and Futuna,WLF,WPR,2012,12681,2.0,18.0,0.0,0.53,,0.012681,2010s,Low,Low,
Wallis and Futuna,WLF,WPR,2013,12477,2.0,16.0,0.0,0.48,,0.012477,2010s,Low,Low,
Wallis and Futuna,WLF,WPR,2014,12303,0.0,0.0,0.0,0.0,,0.012303,2010s,,,
Wallis and Futuna,WLF,WPR,2015,12153,0.0,0.0,0.0,0.0,,0.012153,2010s,,,
Wallis and Futuna,WLF,WPR,2016,12042,0.0,0.0,0.0,0.0,,0.012042,2010s,,,
Wallis and Futuna,WLF,WPR,2017,11916,0.0,1.3,0.0,0.04,,0.011916,2010s,Low,Low,
Wallis and Futuna,WLF,WPR,2018,11794,0.0,0.0,0.0,0.0,,0.011794,2010s,,,
Wallis and Futuna,WLF,WPR,2019,11676,1.0,8.6,0.0,0.26,,0.011676,2010s,Low,Low,
Wallis and Futuna,WLF,WPR,2020,11616,0.0,0.0,0.0,0.0,,0.011616,2020s,,,
Wallis and Futuna,WLF,WPR,2021,11564,0.0,1.4,0.0,0.04,,0.011564,2020s,Low,Low,
Wallis and Futuna,WLF,WPR,2022,11480,0.0,1.0,0.0,0.03,,0.01148,2020s,Low,Low,
Wallis and Futuna,WLF,WPR,2023,11377,0.0,0.68,0.0,0.02,,0.011377,2020s,Low,Low,
Wallis and Futuna,WLF,WPR,2024,11278,0.0,0.0,0.0,0.0,,0.011278,2020s,,,
Yemen,YEM,EMR,2000,19624145,18000.0,94.0,3700.0,19.0,20.0,19.624145,2000s,Low,Low,High
Yemen,YEM,EMR,2001,20226142,18000.0,87.0,3700.0,18.0,21.0,20.226142,2000s,Low,Low,High
Yemen,YEM,EMR,2002,20835090,16000.0,76.0,3900.0,19.0,25.0,20.83509,2000s,Low,Low,High
Yemen,YEM,EMR,2003,21456370,14000.0,66.0,4000.0,19.0,29.0,21.45637,2000s,Low,Low,High
Yemen,YEM,EMR,2004,22095164,14000.0,61.0,3800.0,17.0,28.0,22.095164,2000s,Low,Low,High
Yemen,YEM,EMR,2005,22790090,12000.0,54.0,3700.0,16.0,31.0,22.79009,2000s,Low,Low,High
Yemen,YEM,EMR,2006,23543089,11000.0,49.0,3500.0,15.0,31.0,23.543089,2000s,Low,Low,High
Yemen,YEM,EMR,2007,24318078,11000.0,47.0,3100.0,13.0,27.0,24.318078,2000s,Low,Low,High
Yemen,YEM,EMR,2008,25111940,11000.0,45.0,2700.0,11.0,24.0,25.11194,2000s,Low,Low,High
Yemen,YEM,EMR,2009,25927730,12000.0,45.0,2200.0,8.7,20.0,25.92773,2000s,Low,Low,High
Yemen,YEM,EMR,2010,26754391,12000.0,45.0,1900.0,6.9,15.0,26.754391,2010s,Low,Low,High
Yemen,YEM,EMR,2011,27582901,12000.0,42.0,1900.0,6.8,16.0,27.582901,2010s,Low,Low,High
Yemen,YEM,EMR,2012,28433655,13000.0,47.0,1300.0,4.7,10.0,28.433655,2010s,Low,Low,Moderate
Yemen,YEM,EMR,2013,29312960,14000.0,48.0,1200.0,4.2,9.0,29.31296,2010s,Low,Low,Moderate
Yemen,YEM,EMR,2014,30226306,13000.0,43.0,1700.0,5.7,13.0,30.226306,2010s,Low,Low,High
Yemen,YEM,EMR,2015,31159385,10000.0,33.0,2800.0,9.0,27.0,31.159385,2010s,Low,Low,High
Yemen,YEM,EMR,2016,32109013,13000.0,40.0,2200.0,6.8,17.0,32.109013,2010s,Low,Low,High
Yemen,YEM,EMR,2017,33090922,13000.0,40.0,2200.0,6.7,17.0,33.090922,2010s,Low,Low,High
Yemen,YEM,EMR,2018,34085189,13000.0,39.0,2400.0,6.9,18.0,34.085189,2010s,Low,Low,High
Yemen,YEM,EMR,2019,35111411,14000.0,39.0,2300.0,6.6,17.0,35.111411,2010s,Low,Low,High
Yemen,YEM,EMR,2020,36134872,12000.0,33.0,3900.0,11.0,33.0,36.134872,2020s,Low,Low,High
Yemen,YEM,EMR,2021,37140229,13000.0,34.0,3900.0,10.0,31.0,37.140229,2020s,Low,Low,High
Yemen,YEM,EMR,2022,38222874,14000.0,36.0,3700.0,9.8,27.0,38.222874,2020s,Low,Low,High
Yemen,YEM,EMR,2023,39390797,15000.0,38.0,3700.0,9.4,25.0,39.390797,2020s,Low,Low,High
Yemen,YEM,EMR,2024,40583151,16000.0,40.0,2200.0,5.3,14.0,40.583151,2020s,Low,Low,High
Zambia,ZMB,AFR,2000,10017625,76000.0,759.0,24000.0,236.0,38.0,10.017625,2000s,High,High,High
Zambia,ZMB,AFR,2001,10325183,75000.0,728.0,25000.0,239.0,39.0,10.325183,2000s,High,High,High
Zambia,ZMB,AFR,2002,10647946,74000.0,695.0,18000.0,173.0,27.0,10.647946,2000s,High,High,High
Zambia,ZMB,AFR,2003,10983588,73000.0,662.0,15000.0,138.0,22.0,10.983588,2000s,High,High,High
Zambia,ZMB,AFR,2004,11338194,72000.0,631.0,16000.0,143.0,24.0,11.338194,2000s,High,High,High
Zambia,ZMB,AFR,2005,11718822,71000.0,602.0,18000.0,156.0,28.0,11.718822,2000s,High,High,High
Zambia,ZMB,AFR,2006,12129550,70000.0,577.0,19000.0,156.0,29.0,12.12955,2000s,High,High,High
Zambia,ZMB,AFR,2007,12565079,70000.0,554.0,20000.0,156.0,31.0,12.565079,2000s,High,High,High
Zambia,ZMB,AFR,2008,13021322,70000.0,534.0,20000.0,156.0,32.0,13.021322,2000s,High,High,High
Zambia,ZMB,AFR,2009,13490395,69000.0,514.0,19000.0,143.0,31.0,13.490395,2000s,High,High,High
Zambia,ZMB,AFR,2010,13965587,69000.0,495.0,19000.0,138.0,30.0,13.965587,2010s,High,High,High
Zambia,ZMB,AFR,2011,14437801,69000.0,475.0,19000.0,133.0,30.0,14.437801,2010s,High,High,High
Zambia,ZMB,AFR,2012,14913621,68000.0,456.0,20000.0,135.0,32.0,14.913621,2010s,High,High,High
Zambia,ZMB,AFR,2013,15398993,67000.0,437.0,20000.0,128.0,31.0,15.398993,2010s,High,High,High
Zambia,ZMB,AFR,2014,15895310,65000.0,406.0,19000.0,123.0,32.0,15.89531,2010s,High,High,High
Zambia,ZMB,AFR,2015,16399090,64000.0,391.0,20000.0,120.0,32.0,16.39909,2010s,High,High,High
Zambia,ZMB,AFR,2016,16914419,64000.0,376.0,18000.0,108.0,30.0,16.914419,2010s,High,High,High
Zambia,ZMB,AFR,2017,17441317,63000.0,361.0,19000.0,110.0,32.0,17.441317,2010s,High,High,High
Zambia,ZMB,AFR,2018,17973566,62000.0,346.0,19000.0,108.0,33.0,17.973566,2010s,High,High,High
Zambia,ZMB,AFR,2019,18513846,62000.0,333.0,17000.0,91.0,28.0,18.513846,2010s,High,High,High
Zambia,ZMB,AFR,2020,19059399,61000.0,319.0,14000.0,73.0,24.0,19.059399,2020s,High,High,High
Zambia,ZMB,AFR,2021,19603610,60000.0,307.0,8000.0,41.0,14.0,19.60361,2020s,High,Moderate,High
Zambia,ZMB,AFR,2022,20152946,59000.0,295.0,5500.0,27.0,10.0,20.152946,2020s,High,Moderate,Moderate
Zambia,ZMB,AFR,2023,20723959,59000.0,283.0,5000.0,24.0,9.0,20.723959,2020s,High,Moderate,Moderate
Zambia,ZMB,AFR,2024,21314958,58000.0,272.0,8200.0,39.0,15.0,21.314958,2020s,High,Moderate,High
Zimbabwe,ZWE,AFR,2000,11892056,72000.0,605.0,19000.0,159.0,33.0,11.892056,2000s,High,High,High
Zimbabwe,ZWE,AFR,2001,11971895,74000.0,617.0,17000.0,141.0,27.0,11.971895,2000s,High,High,High
Zimbabwe,ZWE,AFR,2002,12087657,75000.0,617.0,15000.0,127.0,24.0,12.087657,2000s,High,High,High
Zimbabwe,ZWE,AFR,2003,12232322,75000.0,617.0,17000.0,140.0,27.0,12.232322,2000s,High,High,High
Zimbabwe,ZWE,AFR,2004,12365896,75000.0,607.0,17000.0,140.0,27.0,12.365896,2000s,High,High,High
Zimbabwe,ZWE,AFR,2005,12483431,73000.0,588.0,20000.0,158.0,36.0,12.483431,2000s,High,High,High
Zimbabwe,ZWE,AFR,2006,12636460,71000.0,561.0,22000.0,172.0,40.0,12.63646,2000s,High,High,High
Zimbabwe,ZWE,AFR,2007,12804051,67000.0,527.0,22000.0,170.0,41.0,12.804051,2000s,High,High,High
Zimbabwe,ZWE,AFR,2008,12959152,63000.0,487.0,21000.0,161.0,41.0,12.959152,2000s,High,High,High
Zimbabwe,ZWE,AFR,2009,13142791,59000.0,450.0,15000.0,110.0,27.0,13.142791,2000s,High,High,High
Zimbabwe,ZWE,AFR,2010,13356538,56000.0,416.0,11000.0,83.0,21.0,13.356538,2010s,High,High,High
Zimbabwe,ZWE,AFR,2011,13595422,52000.0,384.0,12000.0,90.0,25.0,13.595422,2010s,High,High,High
Zimbabwe,ZWE,AFR,2012,13817885,49000.0,355.0,12000.0,83.0,25.0,13.817885,2010s,High,High,High
Zimbabwe,ZWE,AFR,2013,14013809,43000.0,304.0,8800.0,63.0,22.0,14.013809,2010s,High,High,High
Zimbabwe,ZWE,AFR,2014,14207361,40000.0,278.0,8500.0,60.0,22.0,14.207361,2010s,High,High,High
Zimbabwe,ZWE,AFR,2015,14399006,35000.0,242.0,7100.0,49.0,21.0,14.399006,2010s,High,Moderate,High
Zimbabwe,ZWE,AFR,2016,14600290,34000.0,233.0,6500.0,45.0,20.0,14.60029,2010s,High,Moderate,High
Zimbabwe,ZWE,AFR,2017,14812494,33000.0,221.0,6100.0,41.0,19.0,14.812494,2010s,High,Moderate,High
Zimbabwe,ZWE,AFR,2018,15034442,32000.0,210.0,5600.0,37.0,18.0,15.034442,2010s,High,Moderate,High
Zimbabwe,ZWE,AFR,2019,15271376,30000.0,199.0,7200.0,47.0,24.0,15.271376,2010s,Medium,Moderate,High
Zimbabwe,ZWE,AFR,2020,15526885,29000.0,189.0,7600.0,49.0,27.0,15.526885,2020s,Medium,Moderate,High
Zimbabwe,ZWE,AFR,2021,15797209,31000.0,198.0,8600.0,55.0,28.0,15.797209,2020s,Medium,High,High
Zimbabwe,ZWE,AFR,2022,16069054,34000.0,209.0,9200.0,57.0,28.0,16.069054,2020s,High,High,High
Zimbabwe,ZWE,AFR,2023,16340822,34000.0,209.0,8900.0,54.0,27.0,16.340822,2020s,High,High,High
Zimbabwe,ZWE,AFR,2024,16634364,34000.0,203.0,8200.0,49.0,25.0,16.634364,2020s,High,Moderate,High
